﻿<?xml version="1.0" encoding="utf-8"?>
<!-- Edited with XiRUTE .NET Library 01-04 -->
<link:linkbase xmlns:xlink="http://www.w3.org/1999/xlink" xmlns:xsi="http://www.w3.org/2001/XMLSchema-instance" xmlns:link="http://www.xbrl.org/2003/linkbase">
  <link:labelLink xlink:type="extended" xlink:role="http://www.xbrl.org/2003/role/link">
    <link:label xml:lang="ja" xlink:type="resource" xlink:label="jpfr-asr-E01794-000_PensionAdjustmentsRecognizedByAnOverseasConsolidatedSubsidiary_label_4" xlink:role="http://www.xbrl.org/2003/role/periodEndLabel">当期末残高</link:label>
    <link:label xml:lang="ja" xlink:type="resource" xlink:label="jpfr-asr-E01794-000_ChargeGuaranteeCL_label_2" xlink:role="http://www.xbrl.org/2003/role/verboseLabel">預り保証金、流動負債</link:label>
    <link:label xml:lang="ja" xlink:type="resource" xlink:label="jpfr-asr-E01794-000_TotalChangesOfItemsDuringThePeriodPAR_label_3" xlink:role="http://www.xbrl.org/2003/role/label">当期変動額合計</link:label>
    <link:label xml:lang="ja" xlink:type="resource" xlink:label="jpfr-asr-E01794-000_TotalChangesOfItemsDuringThePeriodExpropriateReserveForReductionEntryOfReplacedProperty_label_3" xlink:role="http://www.xbrl.org/2003/role/totalLabel">当期変動額合計</link:label>
    <link:label xml:lang="ja" xlink:type="resource" xlink:label="jpfr-asr-E01794-000_ChangesOfItemsDuringThePeriodExpropriateReserveForReductionEntryOfReplacedPropertyAbstract_label" xlink:role="http://www.xbrl.org/2003/role/verboseLabel">当期変動額、収用補償積立金、タイトル項目</link:label>
    <link:label xml:lang="ja" xlink:type="resource" xlink:label="jpfr-asr-E01794-000_PensionAdjustmentsRecognizedByAnOverseasConsolidatedSubsidiaryOCI_label_1" xlink:role="http://www.xbrl.org/2003/role/documentation">海外子会社年金調整額、その他の包括利益</link:label>
    <link:label xml:lang="ja" xlink:type="resource" xlink:label="jpfr-asr-E01794-000_PensionAdjustmentsRecognizedByAnOverseasConsolidatedSubsidiaryOCI_label_2" xlink:role="http://www.xbrl.org/2003/role/label">海外子会社年金調整額</link:label>
    <link:label xml:lang="ja" xlink:type="resource" xlink:label="jpfr-asr-E01794-000_PensionAdjustmentsRecognizedByAnOverseasConsolidatedSubsidiaryOCI_label" xlink:role="http://www.xbrl.org/2003/role/verboseLabel">海外子会社年金調整額、その他の包括利益</link:label>
    <link:label xml:lang="ja" xlink:type="resource" xlink:label="jpfr-asr-E01794-000_FixedReserveForReductionEntryOfReplacedProperty_label_3" xlink:role="http://www.xbrl.org/2003/role/documentation">特定資産買換積立金</link:label>
    <link:label xml:lang="ja" xlink:type="resource" xlink:label="jpfr-asr-E01794-000_ExpropriateReserveForReductionEntryOfReplacedProperty_label_4" xlink:role="http://www.xbrl.org/2003/role/verboseLabel">収用補償積立金</link:label>
    <link:label xml:lang="ja" xlink:type="resource" xlink:label="jpfr-asr-E01794-000_PensionAdjustmentsRecognizedByAnOverseasConsolidatedSubsidiary_label_3" xlink:role="http://www.xbrl.org/2003/role/periodStartLabel">前期末残高</link:label>
    <link:label xml:lang="ja" xlink:type="resource" xlink:label="jpfr-asr-E01794-000_ExpropriateReserveForReductionEntryOfReplacedProperty_label_2" xlink:role="http://www.xbrl.org/2003/role/periodEndLabel">当期末残高</link:label>
    <link:label xml:lang="ja" xlink:type="resource" xlink:label="jpfr-asr-E01794-000_ExpropriateReserveForReductionEntryOfReplacedProperty_label_3" xlink:role="http://www.xbrl.org/2003/role/documentation">収用補償積立金</link:label>
    <link:label xml:lang="ja" xlink:type="resource" xlink:label="jpfr-asr-E01794-000_ProceedsFromSaleAndLeaseBackTransactionFinCF_label" xlink:role="http://www.xbrl.org/2003/role/verboseLabel">セール・アンド・リースバック取引による収入、財務活動によるキャッシュ・フロー</link:label>
    <link:label xml:lang="ja" xlink:type="resource" xlink:label="jpfr-asr-E01794-000_TotalChangesOfItemsDuringThePeriodPAR_label" xlink:role="http://www.xbrl.org/2003/role/verboseLabel">当期変動額合計、海外子会社年金調整額</link:label>
    <link:label xml:lang="ja" xlink:type="resource" xlink:label="jpfr-asr-E01794-000_GainOnBondRetirementEI_label_2" xlink:role="http://www.xbrl.org/2003/role/documentation">社債償還益、特別利益</link:label>
    <link:label xml:lang="ja" xlink:type="resource" xlink:label="jpfr-asr-E01794-000_ChangesOfItemsDuringThePeriodPARAbstract_label" xlink:role="http://www.xbrl.org/2003/role/documentation">当期変動額、海外子会社年金調整額、タイトル項目</link:label>
    <link:label xml:lang="ja" xlink:type="resource" xlink:label="jpfr-asr-E01794-000_TotalChangesOfItemsDuringThePeriodExpropriateReserveForReductionEntryOfReplacedProperty_label_2" xlink:role="http://www.xbrl.org/2003/role/documentation">当期変動額合計、収用補償積立金</link:label>
    <link:label xml:lang="ja" xlink:type="resource" xlink:label="jpfr-asr-E01794-000_MaintenanceCostsForIdleAssetsNOE_label_1" xlink:role="http://www.xbrl.org/2003/role/documentation">遊休資産維持費用、営業外費用</link:label>
    <link:label xml:lang="ja" xlink:type="resource" xlink:label="jpfr-asr-E01794-000_ChangesOfItemsDuringThePeriodExpropriateReserveForReductionEntryOfReplacedPropertyAbstract_label_1" xlink:role="http://www.xbrl.org/2003/role/label">当期変動額</link:label>
    <link:label xml:lang="ja" xlink:type="resource" xlink:label="jpfr-asr-E01794-000_TotalChangesOfItemsDuringThePeriodFixedReserveForReductionEntryOfReplacedProperty_label" xlink:role="http://www.xbrl.org/2003/role/verboseLabel">当期変動額合計、特定資産買換積立金</link:label>
    <link:label xml:lang="ja" xlink:type="resource" xlink:label="jpfr-asr-E01794-000_TotalChangesOfItemsDuringThePeriodFixedReserveForReductionEntryOfReplacedPropertyAbstract_label" xlink:role="http://www.xbrl.org/2003/role/documentation">当期変動額、特定資産買換積立金、タイトル項目</link:label>
    <link:label xml:lang="ja" xlink:type="resource" xlink:label="jpfr-asr-E01794-000_PensionAdjustmentsRecognizedByAnOverseasConsolidatedSubsidiary_label_2" xlink:role="http://www.xbrl.org/2003/role/verboseLabel">海外子会社年金調整額</link:label>
    <link:label xml:lang="ja" xlink:type="resource" xlink:label="jpfr-asr-E01794-000_ChargeGuaranteeCL_label" xlink:role="http://www.xbrl.org/2003/role/documentation">預り保証金、流動負債</link:label>
    <link:label xml:lang="ja" xlink:type="resource" xlink:label="jpfr-asr-E01794-000_PensionAdjustmentsRecognizedByAnOverseasConsolidatedSubsidiarySSAbstract_label_1" xlink:role="http://www.xbrl.org/2003/role/documentation">海外子会社年金調整額、株主資本等変動計算書、タイトル項目</link:label>
    <link:label xml:lang="ja" xlink:type="resource" xlink:label="jpfr-asr-E01794-000_FixedReserveForReductionEntryOfReplacedPropertySSAbstract_label_1" xlink:role="http://www.xbrl.org/2003/role/verboseLabel">特定資産買換積立金、株主資本等変動計算書、タイトル項目</link:label>
    <link:label xml:lang="ja" xlink:type="resource" xlink:label="jpfr-asr-E01794-000_ProceedsFromSaleAndLeaseBackTransactionFinCF_label_1" xlink:role="http://www.xbrl.org/2003/role/label">セール・アンド・リースバック取引による収入</link:label>
    <link:label xml:lang="ja" xlink:type="resource" xlink:label="jpfr-asr-E01794-000_FixedReserveForReductionEntryOfReplacedPropertySSAbstract_label" xlink:role="http://www.xbrl.org/2003/role/documentation">特定資産買換積立金、株主資本等変動計算書、タイトル項目</link:label>
    <link:label xml:lang="ja" xlink:type="resource" xlink:label="jpfr-asr-E01794-000_ChargeGuaranteeCL_label_1" xlink:role="http://www.xbrl.org/2003/role/label">預り保証金</link:label>
    <link:label xml:lang="ja" xlink:type="resource" xlink:label="jpfr-asr-E01794-000_MaintenanceCostsForIdleAssetsNOE_label_2" xlink:role="http://www.xbrl.org/2003/role/label">遊休資産維持費用</link:label>
    <link:label xml:lang="ja" xlink:type="resource" xlink:label="jpfr-asr-E01794-000_TotalChangesOfItemsDuringThePeriodPAR_label_2" xlink:role="http://www.xbrl.org/2003/role/documentation">当期変動額合計、海外子会社年金調整額</link:label>
    <link:label xml:lang="ja" xlink:type="resource" xlink:label="jpfr-asr-E01794-000_PensionAdjustmentsRecognizedByAnOverseasConsolidatedSubsidiarySSAbstract_label" xlink:role="http://www.xbrl.org/2003/role/label">海外子会社年金調整額</link:label>
    <link:label xml:lang="ja" xlink:type="resource" xlink:label="jpfr-asr-E01794-000_PensionAdjustmentsRecognizedByAnOverseasConsolidatedSubsidiary_label" xlink:role="http://www.xbrl.org/2003/role/documentation">海外子会社年金調整額</link:label>
    <link:label xml:lang="ja" xlink:type="resource" xlink:label="jpfr-asr-E01794-000_ChangesOfItemsDuringThePeriodExpropriateReserveForReductionEntryOfReplacedPropertyAbstract_label_2" xlink:role="http://www.xbrl.org/2003/role/documentation">当期変動額、収用補償積立金、タイトル項目</link:label>
    <link:label xml:lang="ja" xlink:type="resource" xlink:label="jpfr-asr-E01794-000_LoanRelatedExpensesNOE_label_2" xlink:role="http://www.xbrl.org/2003/role/documentation">借入関連費用、営業外費用</link:label>
    <link:label xml:lang="ja" xlink:type="resource" xlink:label="jpfr-asr-E01794-000_GainOnBondRetirementEI_label" xlink:role="http://www.xbrl.org/2003/role/label">社債償還益</link:label>
    <link:label xml:lang="ja" xlink:type="resource" xlink:label="jpfr-asr-E01794-000_TotalChangesOfItemsDuringThePeriodFixedReserveForReductionEntryOfReplacedProperty_label_1" xlink:role="http://www.xbrl.org/2003/role/documentation">当期変動額合計、特定資産買換積立金</link:label>
    <link:label xml:lang="ja" xlink:type="resource" xlink:label="jpfr-asr-E01794-000_ChangesOfItemsDuringThePeriodPARAbstract_label_1" xlink:role="http://www.xbrl.org/2003/role/verboseLabel">当期変動額、海外子会社年金調整額、タイトル項目</link:label>
    <link:label xml:lang="ja" xlink:type="resource" xlink:label="jpfr-asr-E01794-000_FixedReserveForReductionEntryOfReplacedProperty_label_2" xlink:role="http://www.xbrl.org/2003/role/verboseLabel">特定資産買換積立金</link:label>
    <link:label xml:lang="ja" xlink:type="resource" xlink:label="jpfr-asr-E01794-000_MaintenanceCostsForIdleAssetsNOE_label" xlink:role="http://www.xbrl.org/2003/role/verboseLabel">遊休資産維持費用、営業外費用</link:label>
    <link:label xml:lang="ja" xlink:type="resource" xlink:label="jpfr-asr-E01794-000_NetChangesOfItemsOtherThanShareholdersEquityPAR_label_1" xlink:role="http://www.xbrl.org/2003/role/documentation">株主資本以外の項目の当期変動額（純額）、海外子会社年金調整額</link:label>
    <link:label xml:lang="ja" xlink:type="resource" xlink:label="jpfr-asr-E01794-000_PensionAdjustmentsRecognizedByAnOverseasConsolidatedSubsidiary_label_1" xlink:role="http://www.xbrl.org/2003/role/label">海外子会社年金調整額</link:label>
    <link:label xml:lang="ja" xlink:type="resource" xlink:label="jpfr-asr-E01794-000_PensionAdjustmentsRecognizedByAnOverseasConsolidatedSubsidiarySSAbstract_label_2" xlink:role="http://www.xbrl.org/2003/role/verboseLabel">海外子会社年金調整額、株主資本等変動計算書、タイトル項目</link:label>
    <link:label xml:lang="ja" xlink:type="resource" xlink:label="jpfr-asr-E01794-000_TotalChangesOfItemsDuringThePeriodFixedReserveForReductionEntryOfReplacedProperty_label_3" xlink:role="http://www.xbrl.org/2003/role/label">当期変動額合計</link:label>
    <link:label xml:lang="ja" xlink:type="resource" xlink:label="jpfr-asr-E01794-000_TotalChangesOfItemsDuringThePeriodFixedReserveForReductionEntryOfReplacedProperty_label_2" xlink:role="http://www.xbrl.org/2003/role/totalLabel">当期変動額合計</link:label>
    <link:label xml:lang="ja" xlink:type="resource" xlink:label="jpfr-asr-E01794-000_LoanRelatedExpensesNOE_label" xlink:role="http://www.xbrl.org/2003/role/label">借入関連費用</link:label>
    <link:label xml:lang="ja" xlink:type="resource" xlink:label="jpfr-asr-E01794-000_FixedReserveForReductionEntryOfReplacedPropertySSAbstract_label_2" xlink:role="http://www.xbrl.org/2003/role/label">特定資産買換積立金</link:label>
    <link:label xml:lang="ja" xlink:type="resource" xlink:label="jpfr-asr-E01794-000_TotalChangesOfItemsDuringThePeriodFixedReserveForReductionEntryOfReplacedPropertyAbstract_label_1" xlink:role="http://www.xbrl.org/2003/role/label">当期変動額</link:label>
    <link:label xml:lang="ja" xlink:type="resource" xlink:label="jpfr-asr-E01794-000_ExpropriateReserveForReductionEntryOfReplacedProperty_label" xlink:role="http://www.xbrl.org/2003/role/label">収用補償積立金</link:label>
    <link:label xml:lang="ja" xlink:type="resource" xlink:label="jpfr-asr-E01794-000_TotalChangesOfItemsDuringThePeriodPAR_label_1" xlink:role="http://www.xbrl.org/2003/role/totalLabel">当期変動額合計</link:label>
    <link:label xml:lang="ja" xlink:type="resource" xlink:label="jpfr-asr-E01794-000_ExpropriateReserveForReductionEntryOfReplacedPropertySSAbstract_label_1" xlink:role="http://www.xbrl.org/2003/role/label">収用補償積立金</link:label>
    <link:label xml:lang="ja" xlink:type="resource" xlink:label="jpfr-asr-E01794-000_ExpropriateReserveForReductionEntryOfReplacedProperty_label_1" xlink:role="http://www.xbrl.org/2003/role/periodStartLabel">前期末残高</link:label>
    <link:label xml:lang="ja" xlink:type="resource" xlink:label="jpfr-asr-E01794-000_FixedReserveForReductionEntryOfReplacedProperty_label_1" xlink:role="http://www.xbrl.org/2003/role/periodStartLabel">前期末残高</link:label>
    <link:label xml:lang="ja" xlink:type="resource" xlink:label="jpfr-asr-E01794-000_GainOnBondRetirementEI_label_1" xlink:role="http://www.xbrl.org/2003/role/verboseLabel">社債償還益、特別利益</link:label>
    <link:label xml:lang="ja" xlink:type="resource" xlink:label="jpfr-asr-E01794-000_NetChangesOfItemsOtherThanShareholdersEquityPAR_label" xlink:role="http://www.xbrl.org/2003/role/label">株主資本以外の項目の当期変動額（純額）</link:label>
    <link:label xml:lang="ja" xlink:type="resource" xlink:label="jpfr-asr-E01794-000_FixedReserveForReductionEntryOfReplacedProperty_label_4" xlink:role="http://www.xbrl.org/2003/role/periodEndLabel">当期末残高</link:label>
    <link:label xml:lang="ja" xlink:type="resource" xlink:label="jpfr-asr-E01794-000_TotalChangesOfItemsDuringThePeriodFixedReserveForReductionEntryOfReplacedPropertyAbstract_label_2" xlink:role="http://www.xbrl.org/2003/role/verboseLabel">当期変動額、特定資産買換積立金、タイトル項目</link:label>
    <link:label xml:lang="ja" xlink:type="resource" xlink:label="jpfr-asr-E01794-000_ExpropriateReserveForReductionEntryOfReplacedPropertySSAbstract_label" xlink:role="http://www.xbrl.org/2003/role/documentation">収用補償積立金、株主資本等変動計算書、タイトル項目</link:label>
    <link:label xml:lang="ja" xlink:type="resource" xlink:label="jpfr-asr-E01794-000_ChangesOfItemsDuringThePeriodPARAbstract_label_2" xlink:role="http://www.xbrl.org/2003/role/label">当期変動額</link:label>
    <link:label xml:lang="ja" xlink:type="resource" xlink:label="jpfr-asr-E01794-000_FixedReserveForReductionEntryOfReplacedProperty_label" xlink:role="http://www.xbrl.org/2003/role/label">特定資産買換積立金</link:label>
    <link:label xml:lang="ja" xlink:type="resource" xlink:label="jpfr-asr-E01794-000_ExpropriateReserveForReductionEntryOfReplacedPropertySSAbstract_label_2" xlink:role="http://www.xbrl.org/2003/role/verboseLabel">収用補償積立金、株主資本等変動計算書、タイトル項目</link:label>
    <link:label xml:lang="ja" xlink:type="resource" xlink:label="jpfr-asr-E01794-000_ProceedsFromSaleAndLeaseBackTransactionFinCF_label_2" xlink:role="http://www.xbrl.org/2003/role/documentation">セール・アンド・リースバック取引による収入、財務活動によるキャッシュ・フロー</link:label>
    <link:label xml:lang="ja" xlink:type="resource" xlink:label="jpfr-asr-E01794-000_TotalChangesOfItemsDuringThePeriodExpropriateReserveForReductionEntryOfReplacedProperty_label" xlink:role="http://www.xbrl.org/2003/role/label">当期変動額合計</link:label>
    <link:label xml:lang="ja" xlink:type="resource" xlink:label="jpfr-asr-E01794-000_LoanRelatedExpensesNOE_label_1" xlink:role="http://www.xbrl.org/2003/role/verboseLabel">借入関連費用、営業外費用</link:label>
    <link:label xml:lang="ja" xlink:type="resource" xlink:label="jpfr-asr-E01794-000_TotalChangesOfItemsDuringThePeriodExpropriateReserveForReductionEntryOfReplacedProperty_label_1" xlink:role="http://www.xbrl.org/2003/role/verboseLabel">当期変動額合計、収用補償積立金</link:label>
    <link:label xml:lang="ja" xlink:type="resource" xlink:label="jpfr-asr-E01794-000_NetChangesOfItemsOtherThanShareholdersEquityPAR_label_2" xlink:role="http://www.xbrl.org/2003/role/verboseLabel">株主資本以外の項目の当期変動額（純額）、海外子会社年金調整額</link:label>
    <link:loc xlink:type="locator" xlink:href="jpfr-asr-E01794-000-2011-03-31-01-2011-06-29.xsd#jpfr-asr-E01794-000_PensionAdjustmentsRecognizedByAnOverseasConsolidatedSubsidiary" xlink:label="jpfr-asr-E01794-000_PensionAdjustmentsRecognizedByAnOverseasConsolidatedSubsidiary" />
    <link:loc xlink:type="locator" xlink:href="jpfr-asr-E01794-000-2011-03-31-01-2011-06-29.xsd#jpfr-asr-E01794-000_PensionAdjustmentsRecognizedByAnOverseasConsolidatedSubsidiarySSAbstract" xlink:label="jpfr-asr-E01794-000_PensionAdjustmentsRecognizedByAnOverseasConsolidatedSubsidiarySSAbstract" />
    <link:loc xlink:type="locator" xlink:href="jpfr-asr-E01794-000-2011-03-31-01-2011-06-29.xsd#jpfr-asr-E01794-000_TotalChangesOfItemsDuringThePeriodPAR" xlink:label="jpfr-asr-E01794-000_TotalChangesOfItemsDuringThePeriodPAR" />
    <link:loc xlink:type="locator" xlink:href="jpfr-asr-E01794-000-2011-03-31-01-2011-06-29.xsd#jpfr-asr-E01794-000_ChangesOfItemsDuringThePeriodPARAbstract" xlink:label="jpfr-asr-E01794-000_ChangesOfItemsDuringThePeriodPARAbstract" />
    <link:loc xlink:type="locator" xlink:href="jpfr-asr-E01794-000-2011-03-31-01-2011-06-29.xsd#jpfr-asr-E01794-000_NetChangesOfItemsOtherThanShareholdersEquityPAR" xlink:label="jpfr-asr-E01794-000_NetChangesOfItemsOtherThanShareholdersEquityPAR" />
    <link:loc xlink:type="locator" xlink:href="jpfr-asr-E01794-000-2011-03-31-01-2011-06-29.xsd#jpfr-asr-E01794-000_ExpropriateReserveForReductionEntryOfReplacedPropertySSAbstract" xlink:label="jpfr-asr-E01794-000_ExpropriateReserveForReductionEntryOfReplacedPropertySSAbstract" />
    <link:loc xlink:type="locator" xlink:href="jpfr-asr-E01794-000-2011-03-31-01-2011-06-29.xsd#jpfr-asr-E01794-000_ExpropriateReserveForReductionEntryOfReplacedProperty" xlink:label="jpfr-asr-E01794-000_ExpropriateReserveForReductionEntryOfReplacedProperty" />
    <link:loc xlink:type="locator" xlink:href="jpfr-asr-E01794-000-2011-03-31-01-2011-06-29.xsd#jpfr-asr-E01794-000_MaintenanceCostsForIdleAssetsNOE" xlink:label="jpfr-asr-E01794-000_MaintenanceCostsForIdleAssetsNOE" />
    <link:loc xlink:type="locator" xlink:href="jpfr-asr-E01794-000-2011-03-31-01-2011-06-29.xsd#jpfr-asr-E01794-000_LoanRelatedExpensesNOE" xlink:label="jpfr-asr-E01794-000_LoanRelatedExpensesNOE" />
    <link:loc xlink:type="locator" xlink:href="jpfr-asr-E01794-000-2011-03-31-01-2011-06-29.xsd#jpfr-asr-E01794-000_ProceedsFromSaleAndLeaseBackTransactionFinCF" xlink:label="jpfr-asr-E01794-000_ProceedsFromSaleAndLeaseBackTransactionFinCF" />
    <link:loc xlink:type="locator" xlink:href="jpfr-asr-E01794-000-2011-03-31-01-2011-06-29.xsd#jpfr-asr-E01794-000_PensionAdjustmentsRecognizedByAnOverseasConsolidatedSubsidiaryOCI" xlink:label="jpfr-asr-E01794-000_PensionAdjustmentsRecognizedByAnOverseasConsolidatedSubsidiaryOCI" />
    <link:loc xlink:type="locator" xlink:href="jpfr-asr-E01794-000-2011-03-31-01-2011-06-29.xsd#jpfr-asr-E01794-000_ChargeGuaranteeCL" xlink:label="jpfr-asr-E01794-000_ChargeGuaranteeCL" />
    <link:loc xlink:type="locator" xlink:href="jpfr-asr-E01794-000-2011-03-31-01-2011-06-29.xsd#jpfr-asr-E01794-000_FixedReserveForReductionEntryOfReplacedProperty" xlink:label="jpfr-asr-E01794-000_FixedReserveForReductionEntryOfReplacedProperty" />
    <link:loc xlink:type="locator" xlink:href="jpfr-asr-E01794-000-2011-03-31-01-2011-06-29.xsd#jpfr-asr-E01794-000_FixedReserveForReductionEntryOfReplacedPropertySSAbstract" xlink:label="jpfr-asr-E01794-000_FixedReserveForReductionEntryOfReplacedPropertySSAbstract" />
    <link:loc xlink:type="locator" xlink:href="jpfr-asr-E01794-000-2011-03-31-01-2011-06-29.xsd#jpfr-asr-E01794-000_TotalChangesOfItemsDuringThePeriodExpropriateReserveForReductionEntryOfReplacedProperty" xlink:label="jpfr-asr-E01794-000_TotalChangesOfItemsDuringThePeriodExpropriateReserveForReductionEntryOfReplacedProperty" />
    <link:loc xlink:type="locator" xlink:href="jpfr-asr-E01794-000-2011-03-31-01-2011-06-29.xsd#jpfr-asr-E01794-000_TotalChangesOfItemsDuringThePeriodFixedReserveForReductionEntryOfReplacedProperty" xlink:label="jpfr-asr-E01794-000_TotalChangesOfItemsDuringThePeriodFixedReserveForReductionEntryOfReplacedProperty" />
    <link:loc xlink:type="locator" xlink:href="jpfr-asr-E01794-000-2011-03-31-01-2011-06-29.xsd#jpfr-asr-E01794-000_TotalChangesOfItemsDuringThePeriodFixedReserveForReductionEntryOfReplacedPropertyAbstract" xlink:label="jpfr-asr-E01794-000_TotalChangesOfItemsDuringThePeriodFixedReserveForReductionEntryOfReplacedPropertyAbstract" />
    <link:loc xlink:type="locator" xlink:href="jpfr-asr-E01794-000-2011-03-31-01-2011-06-29.xsd#jpfr-asr-E01794-000_GainOnBondRetirementEI" xlink:label="jpfr-asr-E01794-000_GainOnBondRetirementEI" />
    <link:loc xlink:type="locator" xlink:href="jpfr-asr-E01794-000-2011-03-31-01-2011-06-29.xsd#jpfr-asr-E01794-000_ChangesOfItemsDuringThePeriodExpropriateReserveForReductionEntryOfReplacedPropertyAbstract" xlink:label="jpfr-asr-E01794-000_ChangesOfItemsDuringThePeriodExpropriateReserveForReductionEntryOfReplacedPropertyAbstract" />
    <link:labelArc xlink:type="arc" xlink:from="jpfr-asr-E01794-000_ExpropriateReserveForReductionEntryOfReplacedProperty" xlink:to="jpfr-asr-E01794-000_ExpropriateReserveForReductionEntryOfReplacedProperty_label" xlink:arcrole="http://www.xbrl.org/2003/arcrole/concept-label" order="1" />
    <link:labelArc xlink:type="arc" xlink:from="jpfr-asr-E01794-000_FixedReserveForReductionEntryOfReplacedProperty" xlink:to="jpfr-asr-E01794-000_FixedReserveForReductionEntryOfReplacedProperty_label" xlink:arcrole="http://www.xbrl.org/2003/arcrole/concept-label" order="1" />
    <link:labelArc xlink:type="arc" xlink:from="jpfr-asr-E01794-000_TotalChangesOfItemsDuringThePeriodPAR" xlink:to="jpfr-asr-E01794-000_TotalChangesOfItemsDuringThePeriodPAR_label" xlink:arcrole="http://www.xbrl.org/2003/arcrole/concept-label" order="1" />
    <link:labelArc xlink:type="arc" xlink:from="jpfr-asr-E01794-000_ChargeGuaranteeCL" xlink:to="jpfr-asr-E01794-000_ChargeGuaranteeCL_label" xlink:arcrole="http://www.xbrl.org/2003/arcrole/concept-label" order="1" />
    <link:labelArc xlink:type="arc" xlink:from="jpfr-asr-E01794-000_TotalChangesOfItemsDuringThePeriodExpropriateReserveForReductionEntryOfReplacedProperty" xlink:to="jpfr-asr-E01794-000_TotalChangesOfItemsDuringThePeriodExpropriateReserveForReductionEntryOfReplacedProperty_label" xlink:arcrole="http://www.xbrl.org/2003/arcrole/concept-label" order="1" />
    <link:labelArc xlink:type="arc" xlink:from="jpfr-asr-E01794-000_FixedReserveForReductionEntryOfReplacedPropertySSAbstract" xlink:to="jpfr-asr-E01794-000_FixedReserveForReductionEntryOfReplacedPropertySSAbstract_label" xlink:arcrole="http://www.xbrl.org/2003/arcrole/concept-label" order="1" />
    <link:labelArc xlink:type="arc" xlink:from="jpfr-asr-E01794-000_TotalChangesOfItemsDuringThePeriodFixedReserveForReductionEntryOfReplacedPropertyAbstract" xlink:to="jpfr-asr-E01794-000_TotalChangesOfItemsDuringThePeriodFixedReserveForReductionEntryOfReplacedPropertyAbstract_label" xlink:arcrole="http://www.xbrl.org/2003/arcrole/concept-label" order="1" />
    <link:labelArc xlink:type="arc" xlink:from="jpfr-asr-E01794-000_NetChangesOfItemsOtherThanShareholdersEquityPAR" xlink:to="jpfr-asr-E01794-000_NetChangesOfItemsOtherThanShareholdersEquityPAR_label" xlink:arcrole="http://www.xbrl.org/2003/arcrole/concept-label" order="1" />
    <link:labelArc xlink:type="arc" xlink:from="jpfr-asr-E01794-000_ProceedsFromSaleAndLeaseBackTransactionFinCF" xlink:to="jpfr-asr-E01794-000_ProceedsFromSaleAndLeaseBackTransactionFinCF_label" xlink:arcrole="http://www.xbrl.org/2003/arcrole/concept-label" order="1" />
    <link:labelArc xlink:type="arc" xlink:from="jpfr-asr-E01794-000_ChangesOfItemsDuringThePeriodExpropriateReserveForReductionEntryOfReplacedPropertyAbstract" xlink:to="jpfr-asr-E01794-000_ChangesOfItemsDuringThePeriodExpropriateReserveForReductionEntryOfReplacedPropertyAbstract_label" xlink:arcrole="http://www.xbrl.org/2003/arcrole/concept-label" order="1" />
    <link:labelArc xlink:type="arc" xlink:from="jpfr-asr-E01794-000_ChangesOfItemsDuringThePeriodExpropriateReserveForReductionEntryOfReplacedPropertyAbstract" xlink:to="jpfr-asr-E01794-000_ChangesOfItemsDuringThePeriodExpropriateReserveForReductionEntryOfReplacedPropertyAbstract_label_1" xlink:arcrole="http://www.xbrl.org/2003/arcrole/concept-label" order="1" />
    <link:labelArc xlink:type="arc" xlink:from="jpfr-asr-E01794-000_ChangesOfItemsDuringThePeriodExpropriateReserveForReductionEntryOfReplacedPropertyAbstract" xlink:to="jpfr-asr-E01794-000_ChangesOfItemsDuringThePeriodExpropriateReserveForReductionEntryOfReplacedPropertyAbstract_label_2" xlink:arcrole="http://www.xbrl.org/2003/arcrole/concept-label" order="1" />
    <link:labelArc xlink:type="arc" xlink:from="jpfr-asr-E01794-000_PensionAdjustmentsRecognizedByAnOverseasConsolidatedSubsidiaryOCI" xlink:to="jpfr-asr-E01794-000_PensionAdjustmentsRecognizedByAnOverseasConsolidatedSubsidiaryOCI_label" xlink:arcrole="http://www.xbrl.org/2003/arcrole/concept-label" order="1" />
    <link:labelArc xlink:type="arc" xlink:from="jpfr-asr-E01794-000_TotalChangesOfItemsDuringThePeriodExpropriateReserveForReductionEntryOfReplacedProperty" xlink:to="jpfr-asr-E01794-000_TotalChangesOfItemsDuringThePeriodExpropriateReserveForReductionEntryOfReplacedProperty_label_1" xlink:arcrole="http://www.xbrl.org/2003/arcrole/concept-label" order="1" />
    <link:labelArc xlink:type="arc" xlink:from="jpfr-asr-E01794-000_TotalChangesOfItemsDuringThePeriodFixedReserveForReductionEntryOfReplacedProperty" xlink:to="jpfr-asr-E01794-000_TotalChangesOfItemsDuringThePeriodFixedReserveForReductionEntryOfReplacedProperty_label" xlink:arcrole="http://www.xbrl.org/2003/arcrole/concept-label" order="1" />
    <link:labelArc xlink:type="arc" xlink:from="jpfr-asr-E01794-000_ChargeGuaranteeCL" xlink:to="jpfr-asr-E01794-000_ChargeGuaranteeCL_label_1" xlink:arcrole="http://www.xbrl.org/2003/arcrole/concept-label" order="1" />
    <link:labelArc xlink:type="arc" xlink:from="jpfr-asr-E01794-000_FixedReserveForReductionEntryOfReplacedProperty" xlink:to="jpfr-asr-E01794-000_FixedReserveForReductionEntryOfReplacedProperty_label_1" xlink:arcrole="http://www.xbrl.org/2003/arcrole/concept-label" order="1" />
    <link:labelArc xlink:type="arc" xlink:from="jpfr-asr-E01794-000_PensionAdjustmentsRecognizedByAnOverseasConsolidatedSubsidiarySSAbstract" xlink:to="jpfr-asr-E01794-000_PensionAdjustmentsRecognizedByAnOverseasConsolidatedSubsidiarySSAbstract_label" xlink:arcrole="http://www.xbrl.org/2003/arcrole/concept-label" order="1" />
    <link:labelArc xlink:type="arc" xlink:from="jpfr-asr-E01794-000_TotalChangesOfItemsDuringThePeriodFixedReserveForReductionEntryOfReplacedPropertyAbstract" xlink:to="jpfr-asr-E01794-000_TotalChangesOfItemsDuringThePeriodFixedReserveForReductionEntryOfReplacedPropertyAbstract_label_1" xlink:arcrole="http://www.xbrl.org/2003/arcrole/concept-label" order="1" />
    <link:labelArc xlink:type="arc" xlink:from="jpfr-asr-E01794-000_MaintenanceCostsForIdleAssetsNOE" xlink:to="jpfr-asr-E01794-000_MaintenanceCostsForIdleAssetsNOE_label" xlink:arcrole="http://www.xbrl.org/2003/arcrole/concept-label" order="1" />
    <link:labelArc xlink:type="arc" xlink:from="jpfr-asr-E01794-000_GainOnBondRetirementEI" xlink:to="jpfr-asr-E01794-000_GainOnBondRetirementEI_label" xlink:arcrole="http://www.xbrl.org/2003/arcrole/concept-label" order="1" />
    <link:labelArc xlink:type="arc" xlink:from="jpfr-asr-E01794-000_FixedReserveForReductionEntryOfReplacedPropertySSAbstract" xlink:to="jpfr-asr-E01794-000_FixedReserveForReductionEntryOfReplacedPropertySSAbstract_label_1" xlink:arcrole="http://www.xbrl.org/2003/arcrole/concept-label" order="1" />
    <link:labelArc xlink:type="arc" xlink:from="jpfr-asr-E01794-000_LoanRelatedExpensesNOE" xlink:to="jpfr-asr-E01794-000_LoanRelatedExpensesNOE_label" xlink:arcrole="http://www.xbrl.org/2003/arcrole/concept-label" order="1" />
    <link:labelArc xlink:type="arc" xlink:from="jpfr-asr-E01794-000_LoanRelatedExpensesNOE" xlink:to="jpfr-asr-E01794-000_LoanRelatedExpensesNOE_label_1" xlink:arcrole="http://www.xbrl.org/2003/arcrole/concept-label" order="1" />
    <link:labelArc xlink:type="arc" xlink:from="jpfr-asr-E01794-000_FixedReserveForReductionEntryOfReplacedProperty" xlink:to="jpfr-asr-E01794-000_FixedReserveForReductionEntryOfReplacedProperty_label_2" xlink:arcrole="http://www.xbrl.org/2003/arcrole/concept-label" order="1" />
    <link:labelArc xlink:type="arc" xlink:from="jpfr-asr-E01794-000_TotalChangesOfItemsDuringThePeriodExpropriateReserveForReductionEntryOfReplacedProperty" xlink:to="jpfr-asr-E01794-000_TotalChangesOfItemsDuringThePeriodExpropriateReserveForReductionEntryOfReplacedProperty_label_2" xlink:arcrole="http://www.xbrl.org/2003/arcrole/concept-label" order="1" />
    <link:labelArc xlink:type="arc" xlink:from="jpfr-asr-E01794-000_ChangesOfItemsDuringThePeriodPARAbstract" xlink:to="jpfr-asr-E01794-000_ChangesOfItemsDuringThePeriodPARAbstract_label" xlink:arcrole="http://www.xbrl.org/2003/arcrole/concept-label" order="1" />
    <link:labelArc xlink:type="arc" xlink:from="jpfr-asr-E01794-000_TotalChangesOfItemsDuringThePeriodFixedReserveForReductionEntryOfReplacedPropertyAbstract" xlink:to="jpfr-asr-E01794-000_TotalChangesOfItemsDuringThePeriodFixedReserveForReductionEntryOfReplacedPropertyAbstract_label_2" xlink:arcrole="http://www.xbrl.org/2003/arcrole/concept-label" order="1" />
    <link:labelArc xlink:type="arc" xlink:from="jpfr-asr-E01794-000_TotalChangesOfItemsDuringThePeriodFixedReserveForReductionEntryOfReplacedProperty" xlink:to="jpfr-asr-E01794-000_TotalChangesOfItemsDuringThePeriodFixedReserveForReductionEntryOfReplacedProperty_label_1" xlink:arcrole="http://www.xbrl.org/2003/arcrole/concept-label" order="1" />
    <link:labelArc xlink:type="arc" xlink:from="jpfr-asr-E01794-000_ExpropriateReserveForReductionEntryOfReplacedProperty" xlink:to="jpfr-asr-E01794-000_ExpropriateReserveForReductionEntryOfReplacedProperty_label_1" xlink:arcrole="http://www.xbrl.org/2003/arcrole/concept-label" order="1" />
    <link:labelArc xlink:type="arc" xlink:from="jpfr-asr-E01794-000_PensionAdjustmentsRecognizedByAnOverseasConsolidatedSubsidiaryOCI" xlink:to="jpfr-asr-E01794-000_PensionAdjustmentsRecognizedByAnOverseasConsolidatedSubsidiaryOCI_label_1" xlink:arcrole="http://www.xbrl.org/2003/arcrole/concept-label" order="1" />
    <link:labelArc xlink:type="arc" xlink:from="jpfr-asr-E01794-000_PensionAdjustmentsRecognizedByAnOverseasConsolidatedSubsidiary" xlink:to="jpfr-asr-E01794-000_PensionAdjustmentsRecognizedByAnOverseasConsolidatedSubsidiary_label" xlink:arcrole="http://www.xbrl.org/2003/arcrole/concept-label" order="1" />
    <link:labelArc xlink:type="arc" xlink:from="jpfr-asr-E01794-000_PensionAdjustmentsRecognizedByAnOverseasConsolidatedSubsidiarySSAbstract" xlink:to="jpfr-asr-E01794-000_PensionAdjustmentsRecognizedByAnOverseasConsolidatedSubsidiarySSAbstract_label_1" xlink:arcrole="http://www.xbrl.org/2003/arcrole/concept-label" order="1" />
    <link:labelArc xlink:type="arc" xlink:from="jpfr-asr-E01794-000_GainOnBondRetirementEI" xlink:to="jpfr-asr-E01794-000_GainOnBondRetirementEI_label_1" xlink:arcrole="http://www.xbrl.org/2003/arcrole/concept-label" order="1" />
    <link:labelArc xlink:type="arc" xlink:from="jpfr-asr-E01794-000_NetChangesOfItemsOtherThanShareholdersEquityPAR" xlink:to="jpfr-asr-E01794-000_NetChangesOfItemsOtherThanShareholdersEquityPAR_label_1" xlink:arcrole="http://www.xbrl.org/2003/arcrole/concept-label" order="1" />
    <link:labelArc xlink:type="arc" xlink:from="jpfr-asr-E01794-000_PensionAdjustmentsRecognizedByAnOverseasConsolidatedSubsidiary" xlink:to="jpfr-asr-E01794-000_PensionAdjustmentsRecognizedByAnOverseasConsolidatedSubsidiary_label_1" xlink:arcrole="http://www.xbrl.org/2003/arcrole/concept-label" order="1" />
    <link:labelArc xlink:type="arc" xlink:from="jpfr-asr-E01794-000_ChangesOfItemsDuringThePeriodPARAbstract" xlink:to="jpfr-asr-E01794-000_ChangesOfItemsDuringThePeriodPARAbstract_label_1" xlink:arcrole="http://www.xbrl.org/2003/arcrole/concept-label" order="1" />
    <link:labelArc xlink:type="arc" xlink:from="jpfr-asr-E01794-000_ExpropriateReserveForReductionEntryOfReplacedProperty" xlink:to="jpfr-asr-E01794-000_ExpropriateReserveForReductionEntryOfReplacedProperty_label_2" xlink:arcrole="http://www.xbrl.org/2003/arcrole/concept-label" order="1" />
    <link:labelArc xlink:type="arc" xlink:from="jpfr-asr-E01794-000_PensionAdjustmentsRecognizedByAnOverseasConsolidatedSubsidiary" xlink:to="jpfr-asr-E01794-000_PensionAdjustmentsRecognizedByAnOverseasConsolidatedSubsidiary_label_2" xlink:arcrole="http://www.xbrl.org/2003/arcrole/concept-label" order="1" />
    <link:labelArc xlink:type="arc" xlink:from="jpfr-asr-E01794-000_PensionAdjustmentsRecognizedByAnOverseasConsolidatedSubsidiary" xlink:to="jpfr-asr-E01794-000_PensionAdjustmentsRecognizedByAnOverseasConsolidatedSubsidiary_label_3" xlink:arcrole="http://www.xbrl.org/2003/arcrole/concept-label" order="1" />
    <link:labelArc xlink:type="arc" xlink:from="jpfr-asr-E01794-000_ExpropriateReserveForReductionEntryOfReplacedPropertySSAbstract" xlink:to="jpfr-asr-E01794-000_ExpropriateReserveForReductionEntryOfReplacedPropertySSAbstract_label" xlink:arcrole="http://www.xbrl.org/2003/arcrole/concept-label" order="1" />
    <link:labelArc xlink:type="arc" xlink:from="jpfr-asr-E01794-000_LoanRelatedExpensesNOE" xlink:to="jpfr-asr-E01794-000_LoanRelatedExpensesNOE_label_2" xlink:arcrole="http://www.xbrl.org/2003/arcrole/concept-label" order="1" />
    <link:labelArc xlink:type="arc" xlink:from="jpfr-asr-E01794-000_GainOnBondRetirementEI" xlink:to="jpfr-asr-E01794-000_GainOnBondRetirementEI_label_2" xlink:arcrole="http://www.xbrl.org/2003/arcrole/concept-label" order="1" />
    <link:labelArc xlink:type="arc" xlink:from="jpfr-asr-E01794-000_ChangesOfItemsDuringThePeriodPARAbstract" xlink:to="jpfr-asr-E01794-000_ChangesOfItemsDuringThePeriodPARAbstract_label_2" xlink:arcrole="http://www.xbrl.org/2003/arcrole/concept-label" order="1" />
    <link:labelArc xlink:type="arc" xlink:from="jpfr-asr-E01794-000_TotalChangesOfItemsDuringThePeriodExpropriateReserveForReductionEntryOfReplacedProperty" xlink:to="jpfr-asr-E01794-000_TotalChangesOfItemsDuringThePeriodExpropriateReserveForReductionEntryOfReplacedProperty_label_3" xlink:arcrole="http://www.xbrl.org/2003/arcrole/concept-label" order="1" />
    <link:labelArc xlink:type="arc" xlink:from="jpfr-asr-E01794-000_PensionAdjustmentsRecognizedByAnOverseasConsolidatedSubsidiary" xlink:to="jpfr-asr-E01794-000_PensionAdjustmentsRecognizedByAnOverseasConsolidatedSubsidiary_label_4" xlink:arcrole="http://www.xbrl.org/2003/arcrole/concept-label" order="1" />
    <link:labelArc xlink:type="arc" xlink:from="jpfr-asr-E01794-000_FixedReserveForReductionEntryOfReplacedProperty" xlink:to="jpfr-asr-E01794-000_FixedReserveForReductionEntryOfReplacedProperty_label_3" xlink:arcrole="http://www.xbrl.org/2003/arcrole/concept-label" order="1" />
    <link:labelArc xlink:type="arc" xlink:from="jpfr-asr-E01794-000_ExpropriateReserveForReductionEntryOfReplacedPropertySSAbstract" xlink:to="jpfr-asr-E01794-000_ExpropriateReserveForReductionEntryOfReplacedPropertySSAbstract_label_1" xlink:arcrole="http://www.xbrl.org/2003/arcrole/concept-label" order="1" />
    <link:labelArc xlink:type="arc" xlink:from="jpfr-asr-E01794-000_ProceedsFromSaleAndLeaseBackTransactionFinCF" xlink:to="jpfr-asr-E01794-000_ProceedsFromSaleAndLeaseBackTransactionFinCF_label_1" xlink:arcrole="http://www.xbrl.org/2003/arcrole/concept-label" order="1" />
    <link:labelArc xlink:type="arc" xlink:from="jpfr-asr-E01794-000_TotalChangesOfItemsDuringThePeriodPAR" xlink:to="jpfr-asr-E01794-000_TotalChangesOfItemsDuringThePeriodPAR_label_1" xlink:arcrole="http://www.xbrl.org/2003/arcrole/concept-label" order="1" />
    <link:labelArc xlink:type="arc" xlink:from="jpfr-asr-E01794-000_TotalChangesOfItemsDuringThePeriodFixedReserveForReductionEntryOfReplacedProperty" xlink:to="jpfr-asr-E01794-000_TotalChangesOfItemsDuringThePeriodFixedReserveForReductionEntryOfReplacedProperty_label_2" xlink:arcrole="http://www.xbrl.org/2003/arcrole/concept-label" order="1" />
    <link:labelArc xlink:type="arc" xlink:from="jpfr-asr-E01794-000_MaintenanceCostsForIdleAssetsNOE" xlink:to="jpfr-asr-E01794-000_MaintenanceCostsForIdleAssetsNOE_label_1" xlink:arcrole="http://www.xbrl.org/2003/arcrole/concept-label" order="1" />
    <link:labelArc xlink:type="arc" xlink:from="jpfr-asr-E01794-000_ExpropriateReserveForReductionEntryOfReplacedPropertySSAbstract" xlink:to="jpfr-asr-E01794-000_ExpropriateReserveForReductionEntryOfReplacedPropertySSAbstract_label_2" xlink:arcrole="http://www.xbrl.org/2003/arcrole/concept-label" order="1" />
    <link:labelArc xlink:type="arc" xlink:from="jpfr-asr-E01794-000_FixedReserveForReductionEntryOfReplacedPropertySSAbstract" xlink:to="jpfr-asr-E01794-000_FixedReserveForReductionEntryOfReplacedPropertySSAbstract_label_2" xlink:arcrole="http://www.xbrl.org/2003/arcrole/concept-label" order="1" />
    <link:labelArc xlink:type="arc" xlink:from="jpfr-asr-E01794-000_ExpropriateReserveForReductionEntryOfReplacedProperty" xlink:to="jpfr-asr-E01794-000_ExpropriateReserveForReductionEntryOfReplacedProperty_label_3" xlink:arcrole="http://www.xbrl.org/2003/arcrole/concept-label" order="1" />
    <link:labelArc xlink:type="arc" xlink:from="jpfr-asr-E01794-000_NetChangesOfItemsOtherThanShareholdersEquityPAR" xlink:to="jpfr-asr-E01794-000_NetChangesOfItemsOtherThanShareholdersEquityPAR_label_2" xlink:arcrole="http://www.xbrl.org/2003/arcrole/concept-label" order="1" />
    <link:labelArc xlink:type="arc" xlink:from="jpfr-asr-E01794-000_FixedReserveForReductionEntryOfReplacedProperty" xlink:to="jpfr-asr-E01794-000_FixedReserveForReductionEntryOfReplacedProperty_label_4" xlink:arcrole="http://www.xbrl.org/2003/arcrole/concept-label" order="1" />
    <link:labelArc xlink:type="arc" xlink:from="jpfr-asr-E01794-000_TotalChangesOfItemsDuringThePeriodFixedReserveForReductionEntryOfReplacedProperty" xlink:to="jpfr-asr-E01794-000_TotalChangesOfItemsDuringThePeriodFixedReserveForReductionEntryOfReplacedProperty_label_3" xlink:arcrole="http://www.xbrl.org/2003/arcrole/concept-label" order="1" />
    <link:labelArc xlink:type="arc" xlink:from="jpfr-asr-E01794-000_PensionAdjustmentsRecognizedByAnOverseasConsolidatedSubsidiaryOCI" xlink:to="jpfr-asr-E01794-000_PensionAdjustmentsRecognizedByAnOverseasConsolidatedSubsidiaryOCI_label_2" xlink:arcrole="http://www.xbrl.org/2003/arcrole/concept-label" order="1" />
    <link:labelArc xlink:type="arc" xlink:from="jpfr-asr-E01794-000_ChargeGuaranteeCL" xlink:to="jpfr-asr-E01794-000_ChargeGuaranteeCL_label_2" xlink:arcrole="http://www.xbrl.org/2003/arcrole/concept-label" order="1" />
    <link:labelArc xlink:type="arc" xlink:from="jpfr-asr-E01794-000_TotalChangesOfItemsDuringThePeriodPAR" xlink:to="jpfr-asr-E01794-000_TotalChangesOfItemsDuringThePeriodPAR_label_2" xlink:arcrole="http://www.xbrl.org/2003/arcrole/concept-label" order="1" />
    <link:labelArc xlink:type="arc" xlink:from="jpfr-asr-E01794-000_TotalChangesOfItemsDuringThePeriodPAR" xlink:to="jpfr-asr-E01794-000_TotalChangesOfItemsDuringThePeriodPAR_label_3" xlink:arcrole="http://www.xbrl.org/2003/arcrole/concept-label" order="1" />
    <link:labelArc xlink:type="arc" xlink:from="jpfr-asr-E01794-000_MaintenanceCostsForIdleAssetsNOE" xlink:to="jpfr-asr-E01794-000_MaintenanceCostsForIdleAssetsNOE_label_2" xlink:arcrole="http://www.xbrl.org/2003/arcrole/concept-label" order="1" />
    <link:labelArc xlink:type="arc" xlink:from="jpfr-asr-E01794-000_ExpropriateReserveForReductionEntryOfReplacedProperty" xlink:to="jpfr-asr-E01794-000_ExpropriateReserveForReductionEntryOfReplacedProperty_label_4" xlink:arcrole="http://www.xbrl.org/2003/arcrole/concept-label" order="1" />
    <link:labelArc xlink:type="arc" xlink:from="jpfr-asr-E01794-000_PensionAdjustmentsRecognizedByAnOverseasConsolidatedSubsidiarySSAbstract" xlink:to="jpfr-asr-E01794-000_PensionAdjustmentsRecognizedByAnOverseasConsolidatedSubsidiarySSAbstract_label_2" xlink:arcrole="http://www.xbrl.org/2003/arcrole/concept-label" order="1" />
    <link:labelArc xlink:type="arc" xlink:from="jpfr-asr-E01794-000_ProceedsFromSaleAndLeaseBackTransactionFinCF" xlink:to="jpfr-asr-E01794-000_ProceedsFromSaleAndLeaseBackTransactionFinCF_label_2" xlink:arcrole="http://www.xbrl.org/2003/arcrole/concept-label" order="1" />
  </link:labelLink>
</link:linkbase>