﻿<?xml version="1.0" encoding="utf-8"?>
<!-- Edited with XiRUTE .NET Library 01-04 -->
<link:linkbase xmlns:xlink="http://www.w3.org/1999/xlink" xmlns:xsi="http://www.w3.org/2001/XMLSchema-instance" xmlns:link="http://www.xbrl.org/2003/linkbase">
  <link:labelLink xlink:type="extended" xlink:role="http://www.xbrl.org/2003/role/link">
    <link:label xml:lang="en" xlink:type="resource" xlink:label="jpfr-asr-E01794-000_LoanRelatedExpensesNOE_label" xlink:role="http://www.xbrl.org/2003/role/label">LoanRelatedExpenses</link:label>
    <link:label xml:lang="en" xlink:type="resource" xlink:label="jpfr-asr-E01794-000_TotalChangesOfItemsDuringThePeriodPAR_label_2" xlink:role="http://www.xbrl.org/2003/role/documentation">Total changes of items during the period-PAR</link:label>
    <link:label xml:lang="en" xlink:type="resource" xlink:label="jpfr-asr-E01794-000_ChangesOfItemsDuringThePeriodExpropriateReserveForReductionEntryOfReplacedPropertyAbstract_label_2" xlink:role="http://www.xbrl.org/2003/role/documentation">Changes of items during the period-expropriate reserve for reduction entry of replaced property-abstract</link:label>
    <link:label xml:lang="en" xlink:type="resource" xlink:label="jpfr-asr-E01794-000_ProceedsFromSaleAndLeaseBackTransactionFinCF_label_2" xlink:role="http://www.xbrl.org/2003/role/documentation">Proceeds from sale and lease-back transaction-FinCF</link:label>
    <link:label xml:lang="en" xlink:type="resource" xlink:label="jpfr-asr-E01794-000_ChargeGuaranteeCL_label_2" xlink:role="http://www.xbrl.org/2003/role/verboseLabel">Charge guarantee-CL</link:label>
    <link:label xml:lang="en" xlink:type="resource" xlink:label="jpfr-asr-E01794-000_ChargeGuaranteeCL_label" xlink:role="http://www.xbrl.org/2003/role/documentation">Charge guarantee-CL</link:label>
    <link:label xml:lang="en" xlink:type="resource" xlink:label="jpfr-asr-E01794-000_MaintenanceCostsForIdleAssetsNOE_label_2" xlink:role="http://www.xbrl.org/2003/role/label">Maintenance costs for idle assets</link:label>
    <link:label xml:lang="en" xlink:type="resource" xlink:label="jpfr-asr-E01794-000_ExpropriateReserveForReductionEntryOfReplacedProperty_label" xlink:role="http://www.xbrl.org/2003/role/label">Expropriate reserve for reduction entry of replaced property</link:label>
    <link:label xml:lang="en" xlink:type="resource" xlink:label="jpfr-asr-E01794-000_LoanRelatedExpensesNOE_label_2" xlink:role="http://www.xbrl.org/2003/role/documentation">LoanRelatedExpenses-NOE</link:label>
    <link:label xml:lang="en" xlink:type="resource" xlink:label="jpfr-asr-E01794-000_ExpropriateReserveForReductionEntryOfReplacedProperty_label_2" xlink:role="http://www.xbrl.org/2003/role/periodEndLabel">Balance at the end of current period</link:label>
    <link:label xml:lang="en" xlink:type="resource" xlink:label="jpfr-asr-E01794-000_FixedReserveForReductionEntryOfReplacedProperty_label_1" xlink:role="http://www.xbrl.org/2003/role/periodStartLabel">Balance at the end of previous period</link:label>
    <link:label xml:lang="en" xlink:type="resource" xlink:label="jpfr-asr-E01794-000_MaintenanceCostsForIdleAssetsNOE_label_1" xlink:role="http://www.xbrl.org/2003/role/documentation">Maintenance costs for idle assets-NOE</link:label>
    <link:label xml:lang="en" xlink:type="resource" xlink:label="jpfr-asr-E01794-000_ChangesOfItemsDuringThePeriodPARAbstract_label_2" xlink:role="http://www.xbrl.org/2003/role/label">Changes of items during the period</link:label>
    <link:label xml:lang="en" xlink:type="resource" xlink:label="jpfr-asr-E01794-000_PensionAdjustmentsRecognizedByAnOverseasConsolidatedSubsidiarySSAbstract_label_1" xlink:role="http://www.xbrl.org/2003/role/documentation">Pension adjustments recognized by an overseas consolidated subsidiary-SS-abstract</link:label>
    <link:label xml:lang="en" xlink:type="resource" xlink:label="jpfr-asr-E01794-000_ProceedsFromSaleAndLeaseBackTransactionFinCF_label_1" xlink:role="http://www.xbrl.org/2003/role/label">Proceeds from sale and lease-back transaction</link:label>
    <link:label xml:lang="en" xlink:type="resource" xlink:label="jpfr-asr-E01794-000_FixedReserveForReductionEntryOfReplacedPropertySSAbstract_label_1" xlink:role="http://www.xbrl.org/2003/role/verboseLabel">Fixed reserve for reduction entry of replaced property-SS-abstract</link:label>
    <link:label xml:lang="en" xlink:type="resource" xlink:label="jpfr-asr-E01794-000_ExpropriateReserveForReductionEntryOfReplacedProperty_label_3" xlink:role="http://www.xbrl.org/2003/role/documentation">Expropriate reserve for reduction entry of replaced property</link:label>
    <link:label xml:lang="en" xlink:type="resource" xlink:label="jpfr-asr-E01794-000_ExpropriateReserveForReductionEntryOfReplacedProperty_label_4" xlink:role="http://www.xbrl.org/2003/role/verboseLabel">Expropriate reserve for reduction entry of replaced property</link:label>
    <link:label xml:lang="en" xlink:type="resource" xlink:label="jpfr-asr-E01794-000_TotalChangesOfItemsDuringThePeriodPAR_label_1" xlink:role="http://www.xbrl.org/2003/role/totalLabel">Total changes of items during the period</link:label>
    <link:label xml:lang="en" xlink:type="resource" xlink:label="jpfr-asr-E01794-000_PensionAdjustmentsRecognizedByAnOverseasConsolidatedSubsidiary_label_3" xlink:role="http://www.xbrl.org/2003/role/periodStartLabel">Balance at the end of previous period</link:label>
    <link:label xml:lang="en" xlink:type="resource" xlink:label="jpfr-asr-E01794-000_GainOnBondRetirementEI_label" xlink:role="http://www.xbrl.org/2003/role/label">Gain on bond retirement</link:label>
    <link:label xml:lang="en" xlink:type="resource" xlink:label="jpfr-asr-E01794-000_ExpropriateReserveForReductionEntryOfReplacedPropertySSAbstract_label_1" xlink:role="http://www.xbrl.org/2003/role/label">Expropriate reserve for reduction entry of replaced property</link:label>
    <link:label xml:lang="en" xlink:type="resource" xlink:label="jpfr-asr-E01794-000_TotalChangesOfItemsDuringThePeriodFixedReserveForReductionEntryOfReplacedProperty_label_1" xlink:role="http://www.xbrl.org/2003/role/documentation">Total changes of items during the period-fixed reserve for reduction entry of replaced property</link:label>
    <link:label xml:lang="en" xlink:type="resource" xlink:label="jpfr-asr-E01794-000_NetChangesOfItemsOtherThanShareholdersEquityPAR_label" xlink:role="http://www.xbrl.org/2003/role/label">Net changes of items other than shareholders' equity</link:label>
    <link:label xml:lang="en" xlink:type="resource" xlink:label="jpfr-asr-E01794-000_FixedReserveForReductionEntryOfReplacedPropertySSAbstract_label_2" xlink:role="http://www.xbrl.org/2003/role/label">Fixed reserve for reduction entry of replaced property</link:label>
    <link:label xml:lang="en" xlink:type="resource" xlink:label="jpfr-asr-E01794-000_TotalChangesOfItemsDuringThePeriodFixedReserveForReductionEntryOfReplacedProperty_label" xlink:role="http://www.xbrl.org/2003/role/verboseLabel">Total changes of items during the period-fixed reserve for reduction entry of replaced property</link:label>
    <link:label xml:lang="en" xlink:type="resource" xlink:label="jpfr-asr-E01794-000_TotalChangesOfItemsDuringThePeriodExpropriateReserveForReductionEntryOfReplacedProperty_label" xlink:role="http://www.xbrl.org/2003/role/label">Total changes of items during the period</link:label>
    <link:label xml:lang="en" xlink:type="resource" xlink:label="jpfr-asr-E01794-000_ChangesOfItemsDuringThePeriodExpropriateReserveForReductionEntryOfReplacedPropertyAbstract_label_1" xlink:role="http://www.xbrl.org/2003/role/label">Changes of items during the period</link:label>
    <link:label xml:lang="en" xlink:type="resource" xlink:label="jpfr-asr-E01794-000_MaintenanceCostsForIdleAssetsNOE_label" xlink:role="http://www.xbrl.org/2003/role/verboseLabel">Maintenance costs for idle assets-NOE</link:label>
    <link:label xml:lang="en" xlink:type="resource" xlink:label="jpfr-asr-E01794-000_TotalChangesOfItemsDuringThePeriodExpropriateReserveForReductionEntryOfReplacedProperty_label_2" xlink:role="http://www.xbrl.org/2003/role/documentation">Total changes of items during the period-expropriate reserve for reduction entry of replaced property</link:label>
    <link:label xml:lang="en" xlink:type="resource" xlink:label="jpfr-asr-E01794-000_ChangesOfItemsDuringThePeriodPARAbstract_label" xlink:role="http://www.xbrl.org/2003/role/documentation">Changes of items during the period-PAR-abstract</link:label>
    <link:label xml:lang="en" xlink:type="resource" xlink:label="jpfr-asr-E01794-000_PensionAdjustmentsRecognizedByAnOverseasConsolidatedSubsidiaryOCI_label" xlink:role="http://www.xbrl.org/2003/role/verboseLabel">Pension adjustments recognized by an overseas consolidated subsidiary-OCI</link:label>
    <link:label xml:lang="en" xlink:type="resource" xlink:label="jpfr-asr-E01794-000_ExpropriateReserveForReductionEntryOfReplacedPropertySSAbstract_label_2" xlink:role="http://www.xbrl.org/2003/role/verboseLabel">Expropriate reserve for reduction entry of replaced property-SS-abstract</link:label>
    <link:label xml:lang="en" xlink:type="resource" xlink:label="jpfr-asr-E01794-000_FixedReserveForReductionEntryOfReplacedProperty_label_4" xlink:role="http://www.xbrl.org/2003/role/periodEndLabel">Balance at the end of current period</link:label>
    <link:label xml:lang="en" xlink:type="resource" xlink:label="jpfr-asr-E01794-000_PensionAdjustmentsRecognizedByAnOverseasConsolidatedSubsidiaryOCI_label_1" xlink:role="http://www.xbrl.org/2003/role/documentation">Pension adjustments recognized by an overseas consolidated subsidiary-OCI</link:label>
    <link:label xml:lang="en" xlink:type="resource" xlink:label="jpfr-asr-E01794-000_LoanRelatedExpensesNOE_label_1" xlink:role="http://www.xbrl.org/2003/role/verboseLabel">LoanRelatedExpenses-NOE</link:label>
    <link:label xml:lang="en" xlink:type="resource" xlink:label="jpfr-asr-E01794-000_PensionAdjustmentsRecognizedByAnOverseasConsolidatedSubsidiary_label_4" xlink:role="http://www.xbrl.org/2003/role/periodEndLabel">Balance at the end of current period</link:label>
    <link:label xml:lang="en" xlink:type="resource" xlink:label="jpfr-asr-E01794-000_TotalChangesOfItemsDuringThePeriodExpropriateReserveForReductionEntryOfReplacedProperty_label_1" xlink:role="http://www.xbrl.org/2003/role/verboseLabel">Total changes of items during the period-expropriate reserve for reduction entry of replaced property</link:label>
    <link:label xml:lang="en" xlink:type="resource" xlink:label="jpfr-asr-E01794-000_TotalChangesOfItemsDuringThePeriodFixedReserveForReductionEntryOfReplacedPropertyAbstract_label" xlink:role="http://www.xbrl.org/2003/role/documentation">Total changes of items during the period-fixed reserve for reduction entry of replaced property-abstract</link:label>
    <link:label xml:lang="en" xlink:type="resource" xlink:label="jpfr-asr-E01794-000_NetChangesOfItemsOtherThanShareholdersEquityPAR_label_2" xlink:role="http://www.xbrl.org/2003/role/verboseLabel">Net changes of items other than shareholders' equity-PAR</link:label>
    <link:label xml:lang="en" xlink:type="resource" xlink:label="jpfr-asr-E01794-000_TotalChangesOfItemsDuringThePeriodFixedReserveForReductionEntryOfReplacedPropertyAbstract_label_2" xlink:role="http://www.xbrl.org/2003/role/verboseLabel">Total changes of items during the period-fixed reserve for reduction entry of replaced property-abstract</link:label>
    <link:label xml:lang="en" xlink:type="resource" xlink:label="jpfr-asr-E01794-000_TotalChangesOfItemsDuringThePeriodFixedReserveForReductionEntryOfReplacedProperty_label_2" xlink:role="http://www.xbrl.org/2003/role/totalLabel">Total changes of items during the period</link:label>
    <link:label xml:lang="en" xlink:type="resource" xlink:label="jpfr-asr-E01794-000_PensionAdjustmentsRecognizedByAnOverseasConsolidatedSubsidiary_label" xlink:role="http://www.xbrl.org/2003/role/documentation">Pension adjustments recognized by an overseas consolidated subsidiary</link:label>
    <link:label xml:lang="en" xlink:type="resource" xlink:label="jpfr-asr-E01794-000_PensionAdjustmentsRecognizedByAnOverseasConsolidatedSubsidiarySSAbstract_label_2" xlink:role="http://www.xbrl.org/2003/role/verboseLabel">Pension adjustments recognized by an overseas consolidated subsidiary-SS-abstract</link:label>
    <link:label xml:lang="en" xlink:type="resource" xlink:label="jpfr-asr-E01794-000_FixedReserveForReductionEntryOfReplacedPropertySSAbstract_label" xlink:role="http://www.xbrl.org/2003/role/documentation">Fixed reserve for reduction entry of replaced property-SS-abstract</link:label>
    <link:label xml:lang="en" xlink:type="resource" xlink:label="jpfr-asr-E01794-000_TotalChangesOfItemsDuringThePeriodPAR_label" xlink:role="http://www.xbrl.org/2003/role/verboseLabel">Total changes of items during the period-PAR</link:label>
    <link:label xml:lang="en" xlink:type="resource" xlink:label="jpfr-asr-E01794-000_FixedReserveForReductionEntryOfReplacedProperty_label_2" xlink:role="http://www.xbrl.org/2003/role/verboseLabel">Fixed reserve for reduction entry of replaced property</link:label>
    <link:label xml:lang="en" xlink:type="resource" xlink:label="jpfr-asr-E01794-000_ChargeGuaranteeCL_label_1" xlink:role="http://www.xbrl.org/2003/role/label">Charge guarantee</link:label>
    <link:label xml:lang="en" xlink:type="resource" xlink:label="jpfr-asr-E01794-000_PensionAdjustmentsRecognizedByAnOverseasConsolidatedSubsidiaryOCI_label_2" xlink:role="http://www.xbrl.org/2003/role/label">Pension adjustments recognized by an overseas consolidated subsidiary</link:label>
    <link:label xml:lang="en" xlink:type="resource" xlink:label="jpfr-asr-E01794-000_ExpropriateReserveForReductionEntryOfReplacedPropertySSAbstract_label" xlink:role="http://www.xbrl.org/2003/role/documentation">Expropriate reserve for reduction entry of replaced property-SS-abstract</link:label>
    <link:label xml:lang="en" xlink:type="resource" xlink:label="jpfr-asr-E01794-000_ExpropriateReserveForReductionEntryOfReplacedProperty_label_1" xlink:role="http://www.xbrl.org/2003/role/periodStartLabel">Balance at the end of previous period</link:label>
    <link:label xml:lang="en" xlink:type="resource" xlink:label="jpfr-asr-E01794-000_TotalChangesOfItemsDuringThePeriodPAR_label_3" xlink:role="http://www.xbrl.org/2003/role/label">Total changes of items during the period</link:label>
    <link:label xml:lang="en" xlink:type="resource" xlink:label="jpfr-asr-E01794-000_PensionAdjustmentsRecognizedByAnOverseasConsolidatedSubsidiary_label_1" xlink:role="http://www.xbrl.org/2003/role/label">Pension adjustments recognized by an overseas consolidated subsidiary</link:label>
    <link:label xml:lang="en" xlink:type="resource" xlink:label="jpfr-asr-E01794-000_TotalChangesOfItemsDuringThePeriodExpropriateReserveForReductionEntryOfReplacedProperty_label_3" xlink:role="http://www.xbrl.org/2003/role/totalLabel">Total changes of items during the period</link:label>
    <link:label xml:lang="en" xlink:type="resource" xlink:label="jpfr-asr-E01794-000_FixedReserveForReductionEntryOfReplacedProperty_label" xlink:role="http://www.xbrl.org/2003/role/label">Fixed reserve for reduction entry of replaced property</link:label>
    <link:label xml:lang="en" xlink:type="resource" xlink:label="jpfr-asr-E01794-000_FixedReserveForReductionEntryOfReplacedProperty_label_3" xlink:role="http://www.xbrl.org/2003/role/documentation">Fixed reserve for reduction entry of replaced property</link:label>
    <link:label xml:lang="en" xlink:type="resource" xlink:label="jpfr-asr-E01794-000_ChangesOfItemsDuringThePeriodExpropriateReserveForReductionEntryOfReplacedPropertyAbstract_label" xlink:role="http://www.xbrl.org/2003/role/verboseLabel">Changes of items during the period-expropriate reserve for reduction entry of replaced property-abstract</link:label>
    <link:label xml:lang="en" xlink:type="resource" xlink:label="jpfr-asr-E01794-000_NetChangesOfItemsOtherThanShareholdersEquityPAR_label_1" xlink:role="http://www.xbrl.org/2003/role/documentation">Net changes of items other than shareholders' equity-PAR</link:label>
    <link:label xml:lang="en" xlink:type="resource" xlink:label="jpfr-asr-E01794-000_ChangesOfItemsDuringThePeriodPARAbstract_label_1" xlink:role="http://www.xbrl.org/2003/role/verboseLabel">Changes of items during the period-PAR-abstract</link:label>
    <link:label xml:lang="en" xlink:type="resource" xlink:label="jpfr-asr-E01794-000_GainOnBondRetirementEI_label_1" xlink:role="http://www.xbrl.org/2003/role/verboseLabel">Gain on bond retirement-EI</link:label>
    <link:label xml:lang="en" xlink:type="resource" xlink:label="jpfr-asr-E01794-000_TotalChangesOfItemsDuringThePeriodFixedReserveForReductionEntryOfReplacedProperty_label_3" xlink:role="http://www.xbrl.org/2003/role/label">Total changes of items during the period</link:label>
    <link:label xml:lang="en" xlink:type="resource" xlink:label="jpfr-asr-E01794-000_TotalChangesOfItemsDuringThePeriodFixedReserveForReductionEntryOfReplacedPropertyAbstract_label_1" xlink:role="http://www.xbrl.org/2003/role/label">Total changes of items during the period</link:label>
    <link:label xml:lang="en" xlink:type="resource" xlink:label="jpfr-asr-E01794-000_PensionAdjustmentsRecognizedByAnOverseasConsolidatedSubsidiarySSAbstract_label" xlink:role="http://www.xbrl.org/2003/role/label">Pension adjustments recognized by an overseas consolidated subsidiary</link:label>
    <link:label xml:lang="en" xlink:type="resource" xlink:label="jpfr-asr-E01794-000_GainOnBondRetirementEI_label_2" xlink:role="http://www.xbrl.org/2003/role/documentation">Gain on bond retirement-EI</link:label>
    <link:label xml:lang="en" xlink:type="resource" xlink:label="jpfr-asr-E01794-000_ProceedsFromSaleAndLeaseBackTransactionFinCF_label" xlink:role="http://www.xbrl.org/2003/role/verboseLabel">Proceeds from sale and lease-back transaction-FinCF</link:label>
    <link:label xml:lang="en" xlink:type="resource" xlink:label="jpfr-asr-E01794-000_PensionAdjustmentsRecognizedByAnOverseasConsolidatedSubsidiary_label_2" xlink:role="http://www.xbrl.org/2003/role/verboseLabel">Pension adjustments recognized by an overseas consolidated subsidiary</link:label>
    <link:loc xlink:type="locator" xlink:href="jpfr-asr-E01794-000-2011-03-31-01-2011-06-29.xsd#jpfr-asr-E01794-000_PensionAdjustmentsRecognizedByAnOverseasConsolidatedSubsidiary" xlink:label="jpfr-asr-E01794-000_PensionAdjustmentsRecognizedByAnOverseasConsolidatedSubsidiary" />
    <link:loc xlink:type="locator" xlink:href="jpfr-asr-E01794-000-2011-03-31-01-2011-06-29.xsd#jpfr-asr-E01794-000_PensionAdjustmentsRecognizedByAnOverseasConsolidatedSubsidiarySSAbstract" xlink:label="jpfr-asr-E01794-000_PensionAdjustmentsRecognizedByAnOverseasConsolidatedSubsidiarySSAbstract" />
    <link:loc xlink:type="locator" xlink:href="jpfr-asr-E01794-000-2011-03-31-01-2011-06-29.xsd#jpfr-asr-E01794-000_TotalChangesOfItemsDuringThePeriodPAR" xlink:label="jpfr-asr-E01794-000_TotalChangesOfItemsDuringThePeriodPAR" />
    <link:loc xlink:type="locator" xlink:href="jpfr-asr-E01794-000-2011-03-31-01-2011-06-29.xsd#jpfr-asr-E01794-000_ChangesOfItemsDuringThePeriodPARAbstract" xlink:label="jpfr-asr-E01794-000_ChangesOfItemsDuringThePeriodPARAbstract" />
    <link:loc xlink:type="locator" xlink:href="jpfr-asr-E01794-000-2011-03-31-01-2011-06-29.xsd#jpfr-asr-E01794-000_NetChangesOfItemsOtherThanShareholdersEquityPAR" xlink:label="jpfr-asr-E01794-000_NetChangesOfItemsOtherThanShareholdersEquityPAR" />
    <link:loc xlink:type="locator" xlink:href="jpfr-asr-E01794-000-2011-03-31-01-2011-06-29.xsd#jpfr-asr-E01794-000_ExpropriateReserveForReductionEntryOfReplacedPropertySSAbstract" xlink:label="jpfr-asr-E01794-000_ExpropriateReserveForReductionEntryOfReplacedPropertySSAbstract" />
    <link:loc xlink:type="locator" xlink:href="jpfr-asr-E01794-000-2011-03-31-01-2011-06-29.xsd#jpfr-asr-E01794-000_ExpropriateReserveForReductionEntryOfReplacedProperty" xlink:label="jpfr-asr-E01794-000_ExpropriateReserveForReductionEntryOfReplacedProperty" />
    <link:loc xlink:type="locator" xlink:href="jpfr-asr-E01794-000-2011-03-31-01-2011-06-29.xsd#jpfr-asr-E01794-000_MaintenanceCostsForIdleAssetsNOE" xlink:label="jpfr-asr-E01794-000_MaintenanceCostsForIdleAssetsNOE" />
    <link:loc xlink:type="locator" xlink:href="jpfr-asr-E01794-000-2011-03-31-01-2011-06-29.xsd#jpfr-asr-E01794-000_LoanRelatedExpensesNOE" xlink:label="jpfr-asr-E01794-000_LoanRelatedExpensesNOE" />
    <link:loc xlink:type="locator" xlink:href="jpfr-asr-E01794-000-2011-03-31-01-2011-06-29.xsd#jpfr-asr-E01794-000_ProceedsFromSaleAndLeaseBackTransactionFinCF" xlink:label="jpfr-asr-E01794-000_ProceedsFromSaleAndLeaseBackTransactionFinCF" />
    <link:loc xlink:type="locator" xlink:href="jpfr-asr-E01794-000-2011-03-31-01-2011-06-29.xsd#jpfr-asr-E01794-000_PensionAdjustmentsRecognizedByAnOverseasConsolidatedSubsidiaryOCI" xlink:label="jpfr-asr-E01794-000_PensionAdjustmentsRecognizedByAnOverseasConsolidatedSubsidiaryOCI" />
    <link:loc xlink:type="locator" xlink:href="jpfr-asr-E01794-000-2011-03-31-01-2011-06-29.xsd#jpfr-asr-E01794-000_ChargeGuaranteeCL" xlink:label="jpfr-asr-E01794-000_ChargeGuaranteeCL" />
    <link:loc xlink:type="locator" xlink:href="jpfr-asr-E01794-000-2011-03-31-01-2011-06-29.xsd#jpfr-asr-E01794-000_FixedReserveForReductionEntryOfReplacedProperty" xlink:label="jpfr-asr-E01794-000_FixedReserveForReductionEntryOfReplacedProperty" />
    <link:loc xlink:type="locator" xlink:href="jpfr-asr-E01794-000-2011-03-31-01-2011-06-29.xsd#jpfr-asr-E01794-000_FixedReserveForReductionEntryOfReplacedPropertySSAbstract" xlink:label="jpfr-asr-E01794-000_FixedReserveForReductionEntryOfReplacedPropertySSAbstract" />
    <link:loc xlink:type="locator" xlink:href="jpfr-asr-E01794-000-2011-03-31-01-2011-06-29.xsd#jpfr-asr-E01794-000_TotalChangesOfItemsDuringThePeriodExpropriateReserveForReductionEntryOfReplacedProperty" xlink:label="jpfr-asr-E01794-000_TotalChangesOfItemsDuringThePeriodExpropriateReserveForReductionEntryOfReplacedProperty" />
    <link:loc xlink:type="locator" xlink:href="jpfr-asr-E01794-000-2011-03-31-01-2011-06-29.xsd#jpfr-asr-E01794-000_TotalChangesOfItemsDuringThePeriodFixedReserveForReductionEntryOfReplacedProperty" xlink:label="jpfr-asr-E01794-000_TotalChangesOfItemsDuringThePeriodFixedReserveForReductionEntryOfReplacedProperty" />
    <link:loc xlink:type="locator" xlink:href="jpfr-asr-E01794-000-2011-03-31-01-2011-06-29.xsd#jpfr-asr-E01794-000_TotalChangesOfItemsDuringThePeriodFixedReserveForReductionEntryOfReplacedPropertyAbstract" xlink:label="jpfr-asr-E01794-000_TotalChangesOfItemsDuringThePeriodFixedReserveForReductionEntryOfReplacedPropertyAbstract" />
    <link:loc xlink:type="locator" xlink:href="jpfr-asr-E01794-000-2011-03-31-01-2011-06-29.xsd#jpfr-asr-E01794-000_GainOnBondRetirementEI" xlink:label="jpfr-asr-E01794-000_GainOnBondRetirementEI" />
    <link:loc xlink:type="locator" xlink:href="jpfr-asr-E01794-000-2011-03-31-01-2011-06-29.xsd#jpfr-asr-E01794-000_ChangesOfItemsDuringThePeriodExpropriateReserveForReductionEntryOfReplacedPropertyAbstract" xlink:label="jpfr-asr-E01794-000_ChangesOfItemsDuringThePeriodExpropriateReserveForReductionEntryOfReplacedPropertyAbstract" />
    <link:labelArc xlink:type="arc" xlink:from="jpfr-asr-E01794-000_ExpropriateReserveForReductionEntryOfReplacedProperty" xlink:to="jpfr-asr-E01794-000_ExpropriateReserveForReductionEntryOfReplacedProperty_label" xlink:arcrole="http://www.xbrl.org/2003/arcrole/concept-label" order="1" />
    <link:labelArc xlink:type="arc" xlink:from="jpfr-asr-E01794-000_FixedReserveForReductionEntryOfReplacedProperty" xlink:to="jpfr-asr-E01794-000_FixedReserveForReductionEntryOfReplacedProperty_label" xlink:arcrole="http://www.xbrl.org/2003/arcrole/concept-label" order="1" />
    <link:labelArc xlink:type="arc" xlink:from="jpfr-asr-E01794-000_TotalChangesOfItemsDuringThePeriodPAR" xlink:to="jpfr-asr-E01794-000_TotalChangesOfItemsDuringThePeriodPAR_label" xlink:arcrole="http://www.xbrl.org/2003/arcrole/concept-label" order="1" />
    <link:labelArc xlink:type="arc" xlink:from="jpfr-asr-E01794-000_ChargeGuaranteeCL" xlink:to="jpfr-asr-E01794-000_ChargeGuaranteeCL_label" xlink:arcrole="http://www.xbrl.org/2003/arcrole/concept-label" order="1" />
    <link:labelArc xlink:type="arc" xlink:from="jpfr-asr-E01794-000_TotalChangesOfItemsDuringThePeriodExpropriateReserveForReductionEntryOfReplacedProperty" xlink:to="jpfr-asr-E01794-000_TotalChangesOfItemsDuringThePeriodExpropriateReserveForReductionEntryOfReplacedProperty_label" xlink:arcrole="http://www.xbrl.org/2003/arcrole/concept-label" order="1" />
    <link:labelArc xlink:type="arc" xlink:from="jpfr-asr-E01794-000_FixedReserveForReductionEntryOfReplacedPropertySSAbstract" xlink:to="jpfr-asr-E01794-000_FixedReserveForReductionEntryOfReplacedPropertySSAbstract_label" xlink:arcrole="http://www.xbrl.org/2003/arcrole/concept-label" order="1" />
    <link:labelArc xlink:type="arc" xlink:from="jpfr-asr-E01794-000_TotalChangesOfItemsDuringThePeriodFixedReserveForReductionEntryOfReplacedPropertyAbstract" xlink:to="jpfr-asr-E01794-000_TotalChangesOfItemsDuringThePeriodFixedReserveForReductionEntryOfReplacedPropertyAbstract_label" xlink:arcrole="http://www.xbrl.org/2003/arcrole/concept-label" order="1" />
    <link:labelArc xlink:type="arc" xlink:from="jpfr-asr-E01794-000_NetChangesOfItemsOtherThanShareholdersEquityPAR" xlink:to="jpfr-asr-E01794-000_NetChangesOfItemsOtherThanShareholdersEquityPAR_label" xlink:arcrole="http://www.xbrl.org/2003/arcrole/concept-label" order="1" />
    <link:labelArc xlink:type="arc" xlink:from="jpfr-asr-E01794-000_ProceedsFromSaleAndLeaseBackTransactionFinCF" xlink:to="jpfr-asr-E01794-000_ProceedsFromSaleAndLeaseBackTransactionFinCF_label" xlink:arcrole="http://www.xbrl.org/2003/arcrole/concept-label" order="1" />
    <link:labelArc xlink:type="arc" xlink:from="jpfr-asr-E01794-000_ChangesOfItemsDuringThePeriodExpropriateReserveForReductionEntryOfReplacedPropertyAbstract" xlink:to="jpfr-asr-E01794-000_ChangesOfItemsDuringThePeriodExpropriateReserveForReductionEntryOfReplacedPropertyAbstract_label" xlink:arcrole="http://www.xbrl.org/2003/arcrole/concept-label" order="1" />
    <link:labelArc xlink:type="arc" xlink:from="jpfr-asr-E01794-000_ChangesOfItemsDuringThePeriodExpropriateReserveForReductionEntryOfReplacedPropertyAbstract" xlink:to="jpfr-asr-E01794-000_ChangesOfItemsDuringThePeriodExpropriateReserveForReductionEntryOfReplacedPropertyAbstract_label_1" xlink:arcrole="http://www.xbrl.org/2003/arcrole/concept-label" order="1" />
    <link:labelArc xlink:type="arc" xlink:from="jpfr-asr-E01794-000_ChangesOfItemsDuringThePeriodExpropriateReserveForReductionEntryOfReplacedPropertyAbstract" xlink:to="jpfr-asr-E01794-000_ChangesOfItemsDuringThePeriodExpropriateReserveForReductionEntryOfReplacedPropertyAbstract_label_2" xlink:arcrole="http://www.xbrl.org/2003/arcrole/concept-label" order="1" />
    <link:labelArc xlink:type="arc" xlink:from="jpfr-asr-E01794-000_PensionAdjustmentsRecognizedByAnOverseasConsolidatedSubsidiaryOCI" xlink:to="jpfr-asr-E01794-000_PensionAdjustmentsRecognizedByAnOverseasConsolidatedSubsidiaryOCI_label" xlink:arcrole="http://www.xbrl.org/2003/arcrole/concept-label" order="1" />
    <link:labelArc xlink:type="arc" xlink:from="jpfr-asr-E01794-000_TotalChangesOfItemsDuringThePeriodExpropriateReserveForReductionEntryOfReplacedProperty" xlink:to="jpfr-asr-E01794-000_TotalChangesOfItemsDuringThePeriodExpropriateReserveForReductionEntryOfReplacedProperty_label_1" xlink:arcrole="http://www.xbrl.org/2003/arcrole/concept-label" order="1" />
    <link:labelArc xlink:type="arc" xlink:from="jpfr-asr-E01794-000_TotalChangesOfItemsDuringThePeriodFixedReserveForReductionEntryOfReplacedProperty" xlink:to="jpfr-asr-E01794-000_TotalChangesOfItemsDuringThePeriodFixedReserveForReductionEntryOfReplacedProperty_label" xlink:arcrole="http://www.xbrl.org/2003/arcrole/concept-label" order="1" />
    <link:labelArc xlink:type="arc" xlink:from="jpfr-asr-E01794-000_ChargeGuaranteeCL" xlink:to="jpfr-asr-E01794-000_ChargeGuaranteeCL_label_1" xlink:arcrole="http://www.xbrl.org/2003/arcrole/concept-label" order="1" />
    <link:labelArc xlink:type="arc" xlink:from="jpfr-asr-E01794-000_FixedReserveForReductionEntryOfReplacedProperty" xlink:to="jpfr-asr-E01794-000_FixedReserveForReductionEntryOfReplacedProperty_label_1" xlink:arcrole="http://www.xbrl.org/2003/arcrole/concept-label" order="1" />
    <link:labelArc xlink:type="arc" xlink:from="jpfr-asr-E01794-000_PensionAdjustmentsRecognizedByAnOverseasConsolidatedSubsidiarySSAbstract" xlink:to="jpfr-asr-E01794-000_PensionAdjustmentsRecognizedByAnOverseasConsolidatedSubsidiarySSAbstract_label" xlink:arcrole="http://www.xbrl.org/2003/arcrole/concept-label" order="1" />
    <link:labelArc xlink:type="arc" xlink:from="jpfr-asr-E01794-000_TotalChangesOfItemsDuringThePeriodFixedReserveForReductionEntryOfReplacedPropertyAbstract" xlink:to="jpfr-asr-E01794-000_TotalChangesOfItemsDuringThePeriodFixedReserveForReductionEntryOfReplacedPropertyAbstract_label_1" xlink:arcrole="http://www.xbrl.org/2003/arcrole/concept-label" order="1" />
    <link:labelArc xlink:type="arc" xlink:from="jpfr-asr-E01794-000_MaintenanceCostsForIdleAssetsNOE" xlink:to="jpfr-asr-E01794-000_MaintenanceCostsForIdleAssetsNOE_label" xlink:arcrole="http://www.xbrl.org/2003/arcrole/concept-label" order="1" />
    <link:labelArc xlink:type="arc" xlink:from="jpfr-asr-E01794-000_GainOnBondRetirementEI" xlink:to="jpfr-asr-E01794-000_GainOnBondRetirementEI_label" xlink:arcrole="http://www.xbrl.org/2003/arcrole/concept-label" order="1" />
    <link:labelArc xlink:type="arc" xlink:from="jpfr-asr-E01794-000_FixedReserveForReductionEntryOfReplacedPropertySSAbstract" xlink:to="jpfr-asr-E01794-000_FixedReserveForReductionEntryOfReplacedPropertySSAbstract_label_1" xlink:arcrole="http://www.xbrl.org/2003/arcrole/concept-label" order="1" />
    <link:labelArc xlink:type="arc" xlink:from="jpfr-asr-E01794-000_LoanRelatedExpensesNOE" xlink:to="jpfr-asr-E01794-000_LoanRelatedExpensesNOE_label" xlink:arcrole="http://www.xbrl.org/2003/arcrole/concept-label" order="1" />
    <link:labelArc xlink:type="arc" xlink:from="jpfr-asr-E01794-000_LoanRelatedExpensesNOE" xlink:to="jpfr-asr-E01794-000_LoanRelatedExpensesNOE_label_1" xlink:arcrole="http://www.xbrl.org/2003/arcrole/concept-label" order="1" />
    <link:labelArc xlink:type="arc" xlink:from="jpfr-asr-E01794-000_FixedReserveForReductionEntryOfReplacedProperty" xlink:to="jpfr-asr-E01794-000_FixedReserveForReductionEntryOfReplacedProperty_label_2" xlink:arcrole="http://www.xbrl.org/2003/arcrole/concept-label" order="1" />
    <link:labelArc xlink:type="arc" xlink:from="jpfr-asr-E01794-000_TotalChangesOfItemsDuringThePeriodExpropriateReserveForReductionEntryOfReplacedProperty" xlink:to="jpfr-asr-E01794-000_TotalChangesOfItemsDuringThePeriodExpropriateReserveForReductionEntryOfReplacedProperty_label_2" xlink:arcrole="http://www.xbrl.org/2003/arcrole/concept-label" order="1" />
    <link:labelArc xlink:type="arc" xlink:from="jpfr-asr-E01794-000_ChangesOfItemsDuringThePeriodPARAbstract" xlink:to="jpfr-asr-E01794-000_ChangesOfItemsDuringThePeriodPARAbstract_label" xlink:arcrole="http://www.xbrl.org/2003/arcrole/concept-label" order="1" />
    <link:labelArc xlink:type="arc" xlink:from="jpfr-asr-E01794-000_TotalChangesOfItemsDuringThePeriodFixedReserveForReductionEntryOfReplacedPropertyAbstract" xlink:to="jpfr-asr-E01794-000_TotalChangesOfItemsDuringThePeriodFixedReserveForReductionEntryOfReplacedPropertyAbstract_label_2" xlink:arcrole="http://www.xbrl.org/2003/arcrole/concept-label" order="1" />
    <link:labelArc xlink:type="arc" xlink:from="jpfr-asr-E01794-000_TotalChangesOfItemsDuringThePeriodFixedReserveForReductionEntryOfReplacedProperty" xlink:to="jpfr-asr-E01794-000_TotalChangesOfItemsDuringThePeriodFixedReserveForReductionEntryOfReplacedProperty_label_1" xlink:arcrole="http://www.xbrl.org/2003/arcrole/concept-label" order="1" />
    <link:labelArc xlink:type="arc" xlink:from="jpfr-asr-E01794-000_ExpropriateReserveForReductionEntryOfReplacedProperty" xlink:to="jpfr-asr-E01794-000_ExpropriateReserveForReductionEntryOfReplacedProperty_label_1" xlink:arcrole="http://www.xbrl.org/2003/arcrole/concept-label" order="1" />
    <link:labelArc xlink:type="arc" xlink:from="jpfr-asr-E01794-000_PensionAdjustmentsRecognizedByAnOverseasConsolidatedSubsidiaryOCI" xlink:to="jpfr-asr-E01794-000_PensionAdjustmentsRecognizedByAnOverseasConsolidatedSubsidiaryOCI_label_1" xlink:arcrole="http://www.xbrl.org/2003/arcrole/concept-label" order="1" />
    <link:labelArc xlink:type="arc" xlink:from="jpfr-asr-E01794-000_PensionAdjustmentsRecognizedByAnOverseasConsolidatedSubsidiary" xlink:to="jpfr-asr-E01794-000_PensionAdjustmentsRecognizedByAnOverseasConsolidatedSubsidiary_label" xlink:arcrole="http://www.xbrl.org/2003/arcrole/concept-label" order="1" />
    <link:labelArc xlink:type="arc" xlink:from="jpfr-asr-E01794-000_PensionAdjustmentsRecognizedByAnOverseasConsolidatedSubsidiarySSAbstract" xlink:to="jpfr-asr-E01794-000_PensionAdjustmentsRecognizedByAnOverseasConsolidatedSubsidiarySSAbstract_label_1" xlink:arcrole="http://www.xbrl.org/2003/arcrole/concept-label" order="1" />
    <link:labelArc xlink:type="arc" xlink:from="jpfr-asr-E01794-000_GainOnBondRetirementEI" xlink:to="jpfr-asr-E01794-000_GainOnBondRetirementEI_label_1" xlink:arcrole="http://www.xbrl.org/2003/arcrole/concept-label" order="1" />
    <link:labelArc xlink:type="arc" xlink:from="jpfr-asr-E01794-000_NetChangesOfItemsOtherThanShareholdersEquityPAR" xlink:to="jpfr-asr-E01794-000_NetChangesOfItemsOtherThanShareholdersEquityPAR_label_1" xlink:arcrole="http://www.xbrl.org/2003/arcrole/concept-label" order="1" />
    <link:labelArc xlink:type="arc" xlink:from="jpfr-asr-E01794-000_PensionAdjustmentsRecognizedByAnOverseasConsolidatedSubsidiary" xlink:to="jpfr-asr-E01794-000_PensionAdjustmentsRecognizedByAnOverseasConsolidatedSubsidiary_label_1" xlink:arcrole="http://www.xbrl.org/2003/arcrole/concept-label" order="1" />
    <link:labelArc xlink:type="arc" xlink:from="jpfr-asr-E01794-000_ChangesOfItemsDuringThePeriodPARAbstract" xlink:to="jpfr-asr-E01794-000_ChangesOfItemsDuringThePeriodPARAbstract_label_1" xlink:arcrole="http://www.xbrl.org/2003/arcrole/concept-label" order="1" />
    <link:labelArc xlink:type="arc" xlink:from="jpfr-asr-E01794-000_ExpropriateReserveForReductionEntryOfReplacedProperty" xlink:to="jpfr-asr-E01794-000_ExpropriateReserveForReductionEntryOfReplacedProperty_label_2" xlink:arcrole="http://www.xbrl.org/2003/arcrole/concept-label" order="1" />
    <link:labelArc xlink:type="arc" xlink:from="jpfr-asr-E01794-000_PensionAdjustmentsRecognizedByAnOverseasConsolidatedSubsidiary" xlink:to="jpfr-asr-E01794-000_PensionAdjustmentsRecognizedByAnOverseasConsolidatedSubsidiary_label_2" xlink:arcrole="http://www.xbrl.org/2003/arcrole/concept-label" order="1" />
    <link:labelArc xlink:type="arc" xlink:from="jpfr-asr-E01794-000_PensionAdjustmentsRecognizedByAnOverseasConsolidatedSubsidiary" xlink:to="jpfr-asr-E01794-000_PensionAdjustmentsRecognizedByAnOverseasConsolidatedSubsidiary_label_3" xlink:arcrole="http://www.xbrl.org/2003/arcrole/concept-label" order="1" />
    <link:labelArc xlink:type="arc" xlink:from="jpfr-asr-E01794-000_ExpropriateReserveForReductionEntryOfReplacedPropertySSAbstract" xlink:to="jpfr-asr-E01794-000_ExpropriateReserveForReductionEntryOfReplacedPropertySSAbstract_label" xlink:arcrole="http://www.xbrl.org/2003/arcrole/concept-label" order="1" />
    <link:labelArc xlink:type="arc" xlink:from="jpfr-asr-E01794-000_LoanRelatedExpensesNOE" xlink:to="jpfr-asr-E01794-000_LoanRelatedExpensesNOE_label_2" xlink:arcrole="http://www.xbrl.org/2003/arcrole/concept-label" order="1" />
    <link:labelArc xlink:type="arc" xlink:from="jpfr-asr-E01794-000_GainOnBondRetirementEI" xlink:to="jpfr-asr-E01794-000_GainOnBondRetirementEI_label_2" xlink:arcrole="http://www.xbrl.org/2003/arcrole/concept-label" order="1" />
    <link:labelArc xlink:type="arc" xlink:from="jpfr-asr-E01794-000_ChangesOfItemsDuringThePeriodPARAbstract" xlink:to="jpfr-asr-E01794-000_ChangesOfItemsDuringThePeriodPARAbstract_label_2" xlink:arcrole="http://www.xbrl.org/2003/arcrole/concept-label" order="1" />
    <link:labelArc xlink:type="arc" xlink:from="jpfr-asr-E01794-000_TotalChangesOfItemsDuringThePeriodExpropriateReserveForReductionEntryOfReplacedProperty" xlink:to="jpfr-asr-E01794-000_TotalChangesOfItemsDuringThePeriodExpropriateReserveForReductionEntryOfReplacedProperty_label_3" xlink:arcrole="http://www.xbrl.org/2003/arcrole/concept-label" order="1" />
    <link:labelArc xlink:type="arc" xlink:from="jpfr-asr-E01794-000_PensionAdjustmentsRecognizedByAnOverseasConsolidatedSubsidiary" xlink:to="jpfr-asr-E01794-000_PensionAdjustmentsRecognizedByAnOverseasConsolidatedSubsidiary_label_4" xlink:arcrole="http://www.xbrl.org/2003/arcrole/concept-label" order="1" />
    <link:labelArc xlink:type="arc" xlink:from="jpfr-asr-E01794-000_FixedReserveForReductionEntryOfReplacedProperty" xlink:to="jpfr-asr-E01794-000_FixedReserveForReductionEntryOfReplacedProperty_label_3" xlink:arcrole="http://www.xbrl.org/2003/arcrole/concept-label" order="1" />
    <link:labelArc xlink:type="arc" xlink:from="jpfr-asr-E01794-000_ExpropriateReserveForReductionEntryOfReplacedPropertySSAbstract" xlink:to="jpfr-asr-E01794-000_ExpropriateReserveForReductionEntryOfReplacedPropertySSAbstract_label_1" xlink:arcrole="http://www.xbrl.org/2003/arcrole/concept-label" order="1" />
    <link:labelArc xlink:type="arc" xlink:from="jpfr-asr-E01794-000_ProceedsFromSaleAndLeaseBackTransactionFinCF" xlink:to="jpfr-asr-E01794-000_ProceedsFromSaleAndLeaseBackTransactionFinCF_label_1" xlink:arcrole="http://www.xbrl.org/2003/arcrole/concept-label" order="1" />
    <link:labelArc xlink:type="arc" xlink:from="jpfr-asr-E01794-000_TotalChangesOfItemsDuringThePeriodPAR" xlink:to="jpfr-asr-E01794-000_TotalChangesOfItemsDuringThePeriodPAR_label_1" xlink:arcrole="http://www.xbrl.org/2003/arcrole/concept-label" order="1" />
    <link:labelArc xlink:type="arc" xlink:from="jpfr-asr-E01794-000_TotalChangesOfItemsDuringThePeriodFixedReserveForReductionEntryOfReplacedProperty" xlink:to="jpfr-asr-E01794-000_TotalChangesOfItemsDuringThePeriodFixedReserveForReductionEntryOfReplacedProperty_label_2" xlink:arcrole="http://www.xbrl.org/2003/arcrole/concept-label" order="1" />
    <link:labelArc xlink:type="arc" xlink:from="jpfr-asr-E01794-000_MaintenanceCostsForIdleAssetsNOE" xlink:to="jpfr-asr-E01794-000_MaintenanceCostsForIdleAssetsNOE_label_1" xlink:arcrole="http://www.xbrl.org/2003/arcrole/concept-label" order="1" />
    <link:labelArc xlink:type="arc" xlink:from="jpfr-asr-E01794-000_ExpropriateReserveForReductionEntryOfReplacedPropertySSAbstract" xlink:to="jpfr-asr-E01794-000_ExpropriateReserveForReductionEntryOfReplacedPropertySSAbstract_label_2" xlink:arcrole="http://www.xbrl.org/2003/arcrole/concept-label" order="1" />
    <link:labelArc xlink:type="arc" xlink:from="jpfr-asr-E01794-000_FixedReserveForReductionEntryOfReplacedPropertySSAbstract" xlink:to="jpfr-asr-E01794-000_FixedReserveForReductionEntryOfReplacedPropertySSAbstract_label_2" xlink:arcrole="http://www.xbrl.org/2003/arcrole/concept-label" order="1" />
    <link:labelArc xlink:type="arc" xlink:from="jpfr-asr-E01794-000_ExpropriateReserveForReductionEntryOfReplacedProperty" xlink:to="jpfr-asr-E01794-000_ExpropriateReserveForReductionEntryOfReplacedProperty_label_3" xlink:arcrole="http://www.xbrl.org/2003/arcrole/concept-label" order="1" />
    <link:labelArc xlink:type="arc" xlink:from="jpfr-asr-E01794-000_NetChangesOfItemsOtherThanShareholdersEquityPAR" xlink:to="jpfr-asr-E01794-000_NetChangesOfItemsOtherThanShareholdersEquityPAR_label_2" xlink:arcrole="http://www.xbrl.org/2003/arcrole/concept-label" order="1" />
    <link:labelArc xlink:type="arc" xlink:from="jpfr-asr-E01794-000_FixedReserveForReductionEntryOfReplacedProperty" xlink:to="jpfr-asr-E01794-000_FixedReserveForReductionEntryOfReplacedProperty_label_4" xlink:arcrole="http://www.xbrl.org/2003/arcrole/concept-label" order="1" />
    <link:labelArc xlink:type="arc" xlink:from="jpfr-asr-E01794-000_TotalChangesOfItemsDuringThePeriodFixedReserveForReductionEntryOfReplacedProperty" xlink:to="jpfr-asr-E01794-000_TotalChangesOfItemsDuringThePeriodFixedReserveForReductionEntryOfReplacedProperty_label_3" xlink:arcrole="http://www.xbrl.org/2003/arcrole/concept-label" order="1" />
    <link:labelArc xlink:type="arc" xlink:from="jpfr-asr-E01794-000_PensionAdjustmentsRecognizedByAnOverseasConsolidatedSubsidiaryOCI" xlink:to="jpfr-asr-E01794-000_PensionAdjustmentsRecognizedByAnOverseasConsolidatedSubsidiaryOCI_label_2" xlink:arcrole="http://www.xbrl.org/2003/arcrole/concept-label" order="1" />
    <link:labelArc xlink:type="arc" xlink:from="jpfr-asr-E01794-000_ChargeGuaranteeCL" xlink:to="jpfr-asr-E01794-000_ChargeGuaranteeCL_label_2" xlink:arcrole="http://www.xbrl.org/2003/arcrole/concept-label" order="1" />
    <link:labelArc xlink:type="arc" xlink:from="jpfr-asr-E01794-000_TotalChangesOfItemsDuringThePeriodPAR" xlink:to="jpfr-asr-E01794-000_TotalChangesOfItemsDuringThePeriodPAR_label_2" xlink:arcrole="http://www.xbrl.org/2003/arcrole/concept-label" order="1" />
    <link:labelArc xlink:type="arc" xlink:from="jpfr-asr-E01794-000_TotalChangesOfItemsDuringThePeriodPAR" xlink:to="jpfr-asr-E01794-000_TotalChangesOfItemsDuringThePeriodPAR_label_3" xlink:arcrole="http://www.xbrl.org/2003/arcrole/concept-label" order="1" />
    <link:labelArc xlink:type="arc" xlink:from="jpfr-asr-E01794-000_MaintenanceCostsForIdleAssetsNOE" xlink:to="jpfr-asr-E01794-000_MaintenanceCostsForIdleAssetsNOE_label_2" xlink:arcrole="http://www.xbrl.org/2003/arcrole/concept-label" order="1" />
    <link:labelArc xlink:type="arc" xlink:from="jpfr-asr-E01794-000_ExpropriateReserveForReductionEntryOfReplacedProperty" xlink:to="jpfr-asr-E01794-000_ExpropriateReserveForReductionEntryOfReplacedProperty_label_4" xlink:arcrole="http://www.xbrl.org/2003/arcrole/concept-label" order="1" />
    <link:labelArc xlink:type="arc" xlink:from="jpfr-asr-E01794-000_PensionAdjustmentsRecognizedByAnOverseasConsolidatedSubsidiarySSAbstract" xlink:to="jpfr-asr-E01794-000_PensionAdjustmentsRecognizedByAnOverseasConsolidatedSubsidiarySSAbstract_label_2" xlink:arcrole="http://www.xbrl.org/2003/arcrole/concept-label" order="1" />
    <link:labelArc xlink:type="arc" xlink:from="jpfr-asr-E01794-000_ProceedsFromSaleAndLeaseBackTransactionFinCF" xlink:to="jpfr-asr-E01794-000_ProceedsFromSaleAndLeaseBackTransactionFinCF_label_2" xlink:arcrole="http://www.xbrl.org/2003/arcrole/concept-label" order="1" />
  </link:labelLink>
</link:linkbase>