﻿<?xml version="1.0" encoding="utf-8"?>
<!-- Edited with XiRUTE .NET Library 01-04 -->
<link:linkbase xmlns:xlink="http://www.w3.org/1999/xlink" xmlns:xsi="http://www.w3.org/2001/XMLSchema-instance" xmlns:link="http://www.xbrl.org/2003/linkbase">
  <link:roleRef xlink:type="simple" xlink:href="http://info.edinet-fsa.go.jp/jp/fr/gaap/o/rt/2011-03-14/jpfr-rt-2011-03-14.xsd#RoleBalanceSheets" roleURI="http://info.edinet-fsa.go.jp/jp/fr/gaap/role/BalanceSheets" />
  <link:roleRef xlink:type="simple" xlink:href="http://info.edinet-fsa.go.jp/jp/fr/gaap/o/rt/2011-03-14/jpfr-rt-2011-03-14.xsd#RoleStatementsOfCashFlows" roleURI="http://info.edinet-fsa.go.jp/jp/fr/gaap/role/StatementsOfCashFlows" />
  <link:roleRef xlink:type="simple" xlink:href="http://info.edinet-fsa.go.jp/jp/fr/gaap/o/rt/2011-03-14/jpfr-rt-2011-03-14.xsd#RoleStatementsOfChangesInNetAssets" roleURI="http://info.edinet-fsa.go.jp/jp/fr/gaap/role/StatementsOfChangesInNetAssets" />
  <link:roleRef xlink:type="simple" xlink:href="http://info.edinet-fsa.go.jp/jp/fr/gaap/o/rt/2011-03-14/jpfr-rt-2011-03-14.xsd#RoleStatementsOfIncome" roleURI="http://info.edinet-fsa.go.jp/jp/fr/gaap/role/StatementsOfIncome" />
  <link:definitionLink xlink:type="extended" xlink:role="http://info.edinet-fsa.go.jp/jp/fr/gaap/role/StatementsOfChangesInNetAssets">
    <link:loc xlink:type="locator" xlink:href="http://info.edinet-fsa.go.jp/jp/fr/gaap/t/cte/2011-03-14/jpfr-t-cte-2011-03-14.xsd#jpfr-t-cte_OtherRetainedEarningsSSAbstract" xlink:label="jpfr-t-cte_OtherRetainedEarningsSSAbstract" />
    <link:loc xlink:type="locator" xlink:href="jpfr-asr-E01794-000-2011-03-31-01-2011-06-29.xsd#jpfr-asr-E01794-000_PensionAdjustmentsRecognizedByAnOverseasConsolidatedSubsidiary" xlink:label="jpfr-asr-E01794-000_PensionAdjustmentsRecognizedByAnOverseasConsolidatedSubsidiary" />
    <link:loc xlink:type="locator" xlink:href="jpfr-asr-E01794-000-2011-03-31-01-2011-06-29.xsd#jpfr-asr-E01794-000_PensionAdjustmentsRecognizedByAnOverseasConsolidatedSubsidiarySSAbstract" xlink:label="jpfr-asr-E01794-000_PensionAdjustmentsRecognizedByAnOverseasConsolidatedSubsidiarySSAbstract" />
    <link:loc xlink:type="locator" xlink:href="jpfr-asr-E01794-000-2011-03-31-01-2011-06-29.xsd#jpfr-asr-E01794-000_TotalChangesOfItemsDuringThePeriodPAR" xlink:label="jpfr-asr-E01794-000_TotalChangesOfItemsDuringThePeriodPAR" />
    <link:loc xlink:type="locator" xlink:href="jpfr-asr-E01794-000-2011-03-31-01-2011-06-29.xsd#jpfr-asr-E01794-000_NetChangesOfItemsOtherThanShareholdersEquityPAR" xlink:label="jpfr-asr-E01794-000_NetChangesOfItemsOtherThanShareholdersEquityPAR" />
    <link:loc xlink:type="locator" xlink:href="http://info.edinet-fsa.go.jp/jp/fr/gaap/t/cte/2011-03-14/jpfr-t-cte-2011-03-14.xsd#jpfr-t-cte_ValuationAndTranslationAdjustmentsSSAbstract" xlink:label="jpfr-t-cte_ValuationAndTranslationAdjustmentsSSAbstract" />
    <link:loc xlink:type="locator" xlink:href="jpfr-asr-E01794-000-2011-03-31-01-2011-06-29.xsd#jpfr-asr-E01794-000_ExpropriateReserveForReductionEntryOfReplacedProperty" xlink:label="jpfr-asr-E01794-000_ExpropriateReserveForReductionEntryOfReplacedProperty" />
    <link:loc xlink:type="locator" xlink:href="jpfr-asr-E01794-000-2011-03-31-01-2011-06-29.xsd#jpfr-asr-E01794-000_ChangesOfItemsDuringThePeriodPARAbstract" xlink:label="jpfr-asr-E01794-000_ChangesOfItemsDuringThePeriodPARAbstract" />
    <link:loc xlink:type="locator" xlink:href="jpfr-asr-E01794-000-2011-03-31-01-2011-06-29.xsd#jpfr-asr-E01794-000_ExpropriateReserveForReductionEntryOfReplacedPropertySSAbstract" xlink:label="jpfr-asr-E01794-000_ExpropriateReserveForReductionEntryOfReplacedPropertySSAbstract" />
    <link:loc xlink:type="locator" xlink:href="jpfr-asr-E01794-000-2011-03-31-01-2011-06-29.xsd#jpfr-asr-E01794-000_FixedReserveForReductionEntryOfReplacedProperty" xlink:label="jpfr-asr-E01794-000_FixedReserveForReductionEntryOfReplacedProperty" />
    <link:loc xlink:type="locator" xlink:href="jpfr-asr-E01794-000-2011-03-31-01-2011-06-29.xsd#jpfr-asr-E01794-000_FixedReserveForReductionEntryOfReplacedPropertySSAbstract" xlink:label="jpfr-asr-E01794-000_FixedReserveForReductionEntryOfReplacedPropertySSAbstract" />
    <link:loc xlink:type="locator" xlink:href="jpfr-asr-E01794-000-2011-03-31-01-2011-06-29.xsd#jpfr-asr-E01794-000_TotalChangesOfItemsDuringThePeriodExpropriateReserveForReductionEntryOfReplacedProperty" xlink:label="jpfr-asr-E01794-000_TotalChangesOfItemsDuringThePeriodExpropriateReserveForReductionEntryOfReplacedProperty" />
    <link:loc xlink:type="locator" xlink:href="jpfr-asr-E01794-000-2011-03-31-01-2011-06-29.xsd#jpfr-asr-E01794-000_TotalChangesOfItemsDuringThePeriodFixedReserveForReductionEntryOfReplacedProperty" xlink:label="jpfr-asr-E01794-000_TotalChangesOfItemsDuringThePeriodFixedReserveForReductionEntryOfReplacedProperty" />
    <link:loc xlink:type="locator" xlink:href="jpfr-asr-E01794-000-2011-03-31-01-2011-06-29.xsd#jpfr-asr-E01794-000_TotalChangesOfItemsDuringThePeriodFixedReserveForReductionEntryOfReplacedPropertyAbstract" xlink:label="jpfr-asr-E01794-000_TotalChangesOfItemsDuringThePeriodFixedReserveForReductionEntryOfReplacedPropertyAbstract" />
    <link:loc xlink:type="locator" xlink:href="jpfr-asr-E01794-000-2011-03-31-01-2011-06-29.xsd#jpfr-asr-E01794-000_ChangesOfItemsDuringThePeriodExpropriateReserveForReductionEntryOfReplacedPropertyAbstract" xlink:label="jpfr-asr-E01794-000_ChangesOfItemsDuringThePeriodExpropriateReserveForReductionEntryOfReplacedPropertyAbstract" />
    <link:definitionArc xlink:type="arc" xlink:from="jpfr-asr-E01794-000_ChangesOfItemsDuringThePeriodPARAbstract" xlink:to="jpfr-asr-E01794-000_TotalChangesOfItemsDuringThePeriodPAR" xlink:arcrole="http://www.xbrl.org/2003/arcrole/general-special" order="2" />
    <link:definitionArc xlink:type="arc" xlink:from="jpfr-asr-E01794-000_ExpropriateReserveForReductionEntryOfReplacedPropertySSAbstract" xlink:to="jpfr-asr-E01794-000_ChangesOfItemsDuringThePeriodExpropriateReserveForReductionEntryOfReplacedPropertyAbstract" xlink:arcrole="http://www.xbrl.org/2003/arcrole/general-special" order="2" />
    <link:definitionArc xlink:type="arc" xlink:from="jpfr-asr-E01794-000_FixedReserveForReductionEntryOfReplacedPropertySSAbstract" xlink:to="jpfr-asr-E01794-000_TotalChangesOfItemsDuringThePeriodFixedReserveForReductionEntryOfReplacedPropertyAbstract" xlink:arcrole="http://www.xbrl.org/2003/arcrole/general-special" order="2" />
    <link:definitionArc xlink:type="arc" xlink:from="jpfr-t-cte_OtherRetainedEarningsSSAbstract" xlink:to="jpfr-asr-E01794-000_ExpropriateReserveForReductionEntryOfReplacedPropertySSAbstract" xlink:arcrole="http://www.xbrl.org/2003/arcrole/general-special" order="0.5" />
    <link:definitionArc xlink:type="arc" xlink:from="jpfr-asr-E01794-000_ExpropriateReserveForReductionEntryOfReplacedPropertySSAbstract" xlink:to="jpfr-asr-E01794-000_ExpropriateReserveForReductionEntryOfReplacedProperty" xlink:arcrole="http://www.xbrl.org/2003/arcrole/general-special" order="1" />
    <link:definitionArc xlink:type="arc" xlink:from="jpfr-t-cte_ValuationAndTranslationAdjustmentsSSAbstract" xlink:to="jpfr-asr-E01794-000_PensionAdjustmentsRecognizedByAnOverseasConsolidatedSubsidiarySSAbstract" xlink:arcrole="http://www.xbrl.org/2003/arcrole/general-special" order="0.5" />
    <link:definitionArc xlink:type="arc" xlink:from="jpfr-asr-E01794-000_ChangesOfItemsDuringThePeriodPARAbstract" xlink:to="jpfr-asr-E01794-000_NetChangesOfItemsOtherThanShareholdersEquityPAR" xlink:arcrole="http://www.xbrl.org/2003/arcrole/general-special" order="1" />
    <link:definitionArc xlink:type="arc" xlink:from="jpfr-asr-E01794-000_TotalChangesOfItemsDuringThePeriodFixedReserveForReductionEntryOfReplacedPropertyAbstract" xlink:to="jpfr-asr-E01794-000_TotalChangesOfItemsDuringThePeriodFixedReserveForReductionEntryOfReplacedProperty" xlink:arcrole="http://www.xbrl.org/2003/arcrole/general-special" order="1" />
    <link:definitionArc xlink:type="arc" xlink:from="jpfr-t-cte_OtherRetainedEarningsSSAbstract" xlink:to="jpfr-asr-E01794-000_FixedReserveForReductionEntryOfReplacedPropertySSAbstract" xlink:arcrole="http://www.xbrl.org/2003/arcrole/general-special" order="0.75" />
    <link:definitionArc xlink:type="arc" xlink:from="jpfr-asr-E01794-000_ChangesOfItemsDuringThePeriodExpropriateReserveForReductionEntryOfReplacedPropertyAbstract" xlink:to="jpfr-asr-E01794-000_TotalChangesOfItemsDuringThePeriodExpropriateReserveForReductionEntryOfReplacedProperty" xlink:arcrole="http://www.xbrl.org/2003/arcrole/general-special" order="1" />
    <link:definitionArc xlink:type="arc" xlink:from="jpfr-asr-E01794-000_PensionAdjustmentsRecognizedByAnOverseasConsolidatedSubsidiarySSAbstract" xlink:to="jpfr-asr-E01794-000_ChangesOfItemsDuringThePeriodPARAbstract" xlink:arcrole="http://www.xbrl.org/2003/arcrole/general-special" order="2" />
    <link:definitionArc xlink:type="arc" xlink:from="jpfr-asr-E01794-000_PensionAdjustmentsRecognizedByAnOverseasConsolidatedSubsidiarySSAbstract" xlink:to="jpfr-asr-E01794-000_PensionAdjustmentsRecognizedByAnOverseasConsolidatedSubsidiary" xlink:arcrole="http://www.xbrl.org/2003/arcrole/general-special" order="1" />
    <link:definitionArc xlink:type="arc" xlink:from="jpfr-asr-E01794-000_FixedReserveForReductionEntryOfReplacedPropertySSAbstract" xlink:to="jpfr-asr-E01794-000_FixedReserveForReductionEntryOfReplacedProperty" xlink:arcrole="http://www.xbrl.org/2003/arcrole/general-special" order="1" />
  </link:definitionLink>
  <link:definitionLink xlink:type="extended" xlink:role="http://info.edinet-fsa.go.jp/jp/fr/gaap/role/StatementsOfIncome">
    <link:loc xlink:type="locator" xlink:href="jpfr-asr-E01794-000-2011-03-31-01-2011-06-29.xsd#jpfr-asr-E01794-000_PensionAdjustmentsRecognizedByAnOverseasConsolidatedSubsidiaryOCI" xlink:label="jpfr-asr-E01794-000_PensionAdjustmentsRecognizedByAnOverseasConsolidatedSubsidiaryOCI" />
    <link:loc xlink:type="locator" xlink:href="http://info.edinet-fsa.go.jp/jp/fr/gaap/t/cte/2011-03-14/jpfr-t-cte-2011-03-14.xsd#jpfr-t-cte_ExtraordinaryIncomeAbstract" xlink:label="jpfr-t-cte_ExtraordinaryIncomeAbstract" />
    <link:loc xlink:type="locator" xlink:href="jpfr-asr-E01794-000-2011-03-31-01-2011-06-29.xsd#jpfr-asr-E01794-000_LoanRelatedExpensesNOE" xlink:label="jpfr-asr-E01794-000_LoanRelatedExpensesNOE" />
    <link:loc xlink:type="locator" xlink:href="http://info.edinet-fsa.go.jp/jp/fr/gaap/t/cte/2011-03-14/jpfr-t-cte-2011-03-14.xsd#jpfr-t-cte_NonOperatingExpensesAbstract" xlink:label="jpfr-t-cte_NonOperatingExpensesAbstract" />
    <link:loc xlink:type="locator" xlink:href="jpfr-asr-E01794-000-2011-03-31-01-2011-06-29.xsd#jpfr-asr-E01794-000_MaintenanceCostsForIdleAssetsNOE" xlink:label="jpfr-asr-E01794-000_MaintenanceCostsForIdleAssetsNOE" />
    <link:loc xlink:type="locator" xlink:href="http://info.edinet-fsa.go.jp/jp/fr/gaap/t/cte/2011-03-14/jpfr-t-cte-2011-03-14.xsd#jpfr-t-cte_OtherComprehensiveIncomeAbstract" xlink:label="jpfr-t-cte_OtherComprehensiveIncomeAbstract" />
    <link:loc xlink:type="locator" xlink:href="jpfr-asr-E01794-000-2011-03-31-01-2011-06-29.xsd#jpfr-asr-E01794-000_GainOnBondRetirementEI" xlink:label="jpfr-asr-E01794-000_GainOnBondRetirementEI" />
    <link:definitionArc xlink:type="arc" xlink:from="jpfr-t-cte_NonOperatingExpensesAbstract" xlink:to="jpfr-asr-E01794-000_LoanRelatedExpensesNOE" xlink:arcrole="http://www.xbrl.org/2003/arcrole/general-special" order="0.5" />
    <link:definitionArc xlink:type="arc" xlink:from="jpfr-t-cte_ExtraordinaryIncomeAbstract" xlink:to="jpfr-asr-E01794-000_GainOnBondRetirementEI" xlink:arcrole="http://www.xbrl.org/2003/arcrole/general-special" order="0.5" />
    <link:definitionArc xlink:type="arc" xlink:from="jpfr-t-cte_OtherComprehensiveIncomeAbstract" xlink:to="jpfr-asr-E01794-000_PensionAdjustmentsRecognizedByAnOverseasConsolidatedSubsidiaryOCI" xlink:arcrole="http://www.xbrl.org/2003/arcrole/general-special" order="0.5" />
    <link:definitionArc xlink:type="arc" xlink:from="jpfr-t-cte_NonOperatingExpensesAbstract" xlink:to="jpfr-asr-E01794-000_MaintenanceCostsForIdleAssetsNOE" xlink:arcrole="http://www.xbrl.org/2003/arcrole/general-special" order="0.75" />
  </link:definitionLink>
  <link:definitionLink xlink:type="extended" xlink:role="http://info.edinet-fsa.go.jp/jp/fr/gaap/role/BalanceSheets">
    <link:loc xlink:type="locator" xlink:href="jpfr-asr-E01794-000-2011-03-31-01-2011-06-29.xsd#jpfr-asr-E01794-000_FixedReserveForReductionEntryOfReplacedProperty" xlink:label="jpfr-asr-E01794-000_FixedReserveForReductionEntryOfReplacedProperty" />
    <link:loc xlink:type="locator" xlink:href="http://info.edinet-fsa.go.jp/jp/fr/gaap/t/cte/2011-03-14/jpfr-t-cte-2011-03-14.xsd#jpfr-t-cte_CurrentLiabilitiesAbstract" xlink:label="jpfr-t-cte_CurrentLiabilitiesAbstract" />
    <link:loc xlink:type="locator" xlink:href="http://info.edinet-fsa.go.jp/jp/fr/gaap/t/cte/2011-03-14/jpfr-t-cte-2011-03-14.xsd#jpfr-t-cte_OtherRetainedEarningsAbstract" xlink:label="jpfr-t-cte_OtherRetainedEarningsAbstract" />
    <link:loc xlink:type="locator" xlink:href="jpfr-asr-E01794-000-2011-03-31-01-2011-06-29.xsd#jpfr-asr-E01794-000_ChargeGuaranteeCL" xlink:label="jpfr-asr-E01794-000_ChargeGuaranteeCL" />
    <link:loc xlink:type="locator" xlink:href="jpfr-asr-E01794-000-2011-03-31-01-2011-06-29.xsd#jpfr-asr-E01794-000_PensionAdjustmentsRecognizedByAnOverseasConsolidatedSubsidiary" xlink:label="jpfr-asr-E01794-000_PensionAdjustmentsRecognizedByAnOverseasConsolidatedSubsidiary" />
    <link:loc xlink:type="locator" xlink:href="http://info.edinet-fsa.go.jp/jp/fr/gaap/t/cte/2011-03-14/jpfr-t-cte-2011-03-14.xsd#jpfr-t-cte_ValuationAndTranslationAdjustmentsAbstract" xlink:label="jpfr-t-cte_ValuationAndTranslationAdjustmentsAbstract" />
    <link:loc xlink:type="locator" xlink:href="jpfr-asr-E01794-000-2011-03-31-01-2011-06-29.xsd#jpfr-asr-E01794-000_ExpropriateReserveForReductionEntryOfReplacedProperty" xlink:label="jpfr-asr-E01794-000_ExpropriateReserveForReductionEntryOfReplacedProperty" />
    <link:definitionArc xlink:type="arc" xlink:from="jpfr-t-cte_OtherRetainedEarningsAbstract" xlink:to="jpfr-asr-E01794-000_ExpropriateReserveForReductionEntryOfReplacedProperty" xlink:arcrole="http://www.xbrl.org/2003/arcrole/general-special" order="0.5" />
    <link:definitionArc xlink:type="arc" xlink:from="jpfr-t-cte_ValuationAndTranslationAdjustmentsAbstract" xlink:to="jpfr-asr-E01794-000_PensionAdjustmentsRecognizedByAnOverseasConsolidatedSubsidiary" xlink:arcrole="http://www.xbrl.org/2003/arcrole/general-special" order="0.5" />
    <link:definitionArc xlink:type="arc" xlink:from="jpfr-t-cte_OtherRetainedEarningsAbstract" xlink:to="jpfr-asr-E01794-000_FixedReserveForReductionEntryOfReplacedProperty" xlink:arcrole="http://www.xbrl.org/2003/arcrole/general-special" order="0.75" />
    <link:definitionArc xlink:type="arc" xlink:from="jpfr-t-cte_CurrentLiabilitiesAbstract" xlink:to="jpfr-asr-E01794-000_ChargeGuaranteeCL" xlink:arcrole="http://www.xbrl.org/2003/arcrole/general-special" order="0.5" />
  </link:definitionLink>
  <link:definitionLink xlink:type="extended" xlink:role="http://info.edinet-fsa.go.jp/jp/fr/gaap/role/StatementsOfCashFlows">
    <link:loc xlink:type="locator" xlink:href="jpfr-asr-E01794-000-2011-03-31-01-2011-06-29.xsd#jpfr-asr-E01794-000_ProceedsFromSaleAndLeaseBackTransactionFinCF" xlink:label="jpfr-asr-E01794-000_ProceedsFromSaleAndLeaseBackTransactionFinCF" />
    <link:loc xlink:type="locator" xlink:href="http://info.edinet-fsa.go.jp/jp/fr/gaap/t/cte/2011-03-14/jpfr-t-cte-2011-03-14.xsd#jpfr-t-cte_NetCashProvidedByUsedInFinancingActivitiesAbstract" xlink:label="jpfr-t-cte_NetCashProvidedByUsedInFinancingActivitiesAbstract" />
    <link:definitionArc xlink:type="arc" xlink:from="jpfr-t-cte_NetCashProvidedByUsedInFinancingActivitiesAbstract" xlink:to="jpfr-asr-E01794-000_ProceedsFromSaleAndLeaseBackTransactionFinCF" xlink:arcrole="http://www.xbrl.org/2003/arcrole/general-special" order="0.5" />
  </link:definitionLink>
</link:linkbase>