﻿<?xml version="1.0" encoding="utf-8"?>
<!-- Edited with XiRUTE .NET Library 01-04 -->
<link:linkbase xmlns:xlink="http://www.w3.org/1999/xlink" xmlns:xsi="http://www.w3.org/2001/XMLSchema-instance" xmlns:link="http://www.xbrl.org/2003/linkbase">
  <link:roleRef xlink:type="simple" xlink:href="http://info.edinet-fsa.go.jp/jp/fr/gaap/o/rt/2011-03-14/jpfr-rt-2011-03-14.xsd#RoleConsolidatedBalanceSheets" roleURI="http://info.edinet-fsa.go.jp/jp/fr/gaap/role/ConsolidatedBalanceSheets" />
  <link:roleRef xlink:type="simple" xlink:href="http://info.edinet-fsa.go.jp/jp/fr/gaap/o/rt/2011-03-14/jpfr-rt-2011-03-14.xsd#RoleConsolidatedStatementsOfCashFlowsIndirect" roleURI="http://info.edinet-fsa.go.jp/jp/fr/gaap/role/ConsolidatedStatementsOfCashFlowsIndirect" />
  <link:roleRef xlink:type="simple" xlink:href="http://info.edinet-fsa.go.jp/jp/fr/gaap/o/rt/2011-03-14/jpfr-rt-2011-03-14.xsd#RoleConsolidatedStatementsOfChangesInNetAssets" roleURI="http://info.edinet-fsa.go.jp/jp/fr/gaap/role/ConsolidatedStatementsOfChangesInNetAssets" />
  <link:roleRef xlink:type="simple" xlink:href="http://info.edinet-fsa.go.jp/jp/fr/gaap/o/rt/2011-03-14/jpfr-rt-2011-03-14.xsd#RoleConsolidatedStatementsOfChangesInNetAssets2" roleURI="http://info.edinet-fsa.go.jp/jp/fr/gaap/role/ConsolidatedStatementsOfChangesInNetAssets2" />
  <link:roleRef xlink:type="simple" xlink:href="http://info.edinet-fsa.go.jp/jp/fr/gaap/o/rt/2011-03-14/jpfr-rt-2011-03-14.xsd#RoleConsolidatedStatementsOfComprehensiveIncome" roleURI="http://info.edinet-fsa.go.jp/jp/fr/gaap/role/ConsolidatedStatementsOfComprehensiveIncome" />
  <link:roleRef xlink:type="simple" xlink:href="http://info.edinet-fsa.go.jp/jp/fr/gaap/o/rt/2011-03-14/jpfr-rt-2011-03-14.xsd#RoleConsolidatedStatementsOfIncome" roleURI="http://info.edinet-fsa.go.jp/jp/fr/gaap/role/ConsolidatedStatementsOfIncome" />
  <link:roleRef xlink:type="simple" xlink:href="http://info.edinet-fsa.go.jp/jp/fr/gaap/o/rt/2011-03-14/jpfr-rt-2011-03-14.xsd#RoleNonConsolidatedBalanceSheets" roleURI="http://info.edinet-fsa.go.jp/jp/fr/gaap/role/NonConsolidatedBalanceSheets" />
  <link:roleRef xlink:type="simple" xlink:href="http://info.edinet-fsa.go.jp/jp/fr/gaap/o/rt/2011-03-14/jpfr-rt-2011-03-14.xsd#RoleNonConsolidatedStatementsOfChangesInNetAssets" roleURI="http://info.edinet-fsa.go.jp/jp/fr/gaap/role/NonConsolidatedStatementsOfChangesInNetAssets" />
  <link:roleRef xlink:type="simple" xlink:href="http://info.edinet-fsa.go.jp/jp/fr/gaap/o/rt/2011-03-14/jpfr-rt-2011-03-14.xsd#RoleNonConsolidatedStatementsOfChangesInNetAssets2" roleURI="http://info.edinet-fsa.go.jp/jp/fr/gaap/role/NonConsolidatedStatementsOfChangesInNetAssets2" />
  <link:roleRef xlink:type="simple" xlink:href="http://info.edinet-fsa.go.jp/jp/fr/gaap/o/rt/2011-03-14/jpfr-rt-2011-03-14.xsd#RoleNonConsolidatedStatementsOfIncome" roleURI="http://info.edinet-fsa.go.jp/jp/fr/gaap/role/NonConsolidatedStatementsOfIncome" />
  <link:calculationLink xlink:type="extended" xlink:role="http://info.edinet-fsa.go.jp/jp/fr/gaap/role/NonConsolidatedStatementsOfChangesInNetAssets2">
    <link:loc xlink:type="locator" xlink:href="http://info.edinet-fsa.go.jp/jp/fr/gaap/t/cte/2011-03-14/jpfr-t-cte-2011-03-14.xsd#jpfr-t-cte_PurchaseOfTreasuryStockSE" xlink:label="jpfr-t-cte_PurchaseOfTreasuryStockSE" />
    <link:loc xlink:type="locator" xlink:href="http://info.edinet-fsa.go.jp/jp/fr/gaap/t/cte/2011-03-14/jpfr-t-cte-2011-03-14.xsd#jpfr-t-cte_PurchaseOfTreasuryStockTS" xlink:label="jpfr-t-cte_PurchaseOfTreasuryStockTS" />
    <link:loc xlink:type="locator" xlink:href="http://info.edinet-fsa.go.jp/jp/fr/gaap/t/cte/2011-03-14/jpfr-t-cte-2011-03-14.xsd#jpfr-t-cte_TotalChangesOfItemsDuringThePeriodGeneralReserve" xlink:label="jpfr-t-cte_TotalChangesOfItemsDuringThePeriodGeneralReserve" />
    <link:loc xlink:type="locator" xlink:href="http://info.edinet-fsa.go.jp/jp/fr/gaap/t/cte/2011-03-14/jpfr-t-cte-2011-03-14.xsd#jpfr-t-cte_TotalChangesOfItemsDuringThePeriodRE" xlink:label="jpfr-t-cte_TotalChangesOfItemsDuringThePeriodRE" />
    <link:loc xlink:type="locator" xlink:href="jpfr-asr-E01794-000-2011-03-31-01-2011-06-29.xsd#jpfr-asr-E01794-000_TotalChangesOfItemsDuringThePeriodExpropriateReserveForReductionEntryOfReplacedProperty" xlink:label="jpfr-asr-E01794-000_TotalChangesOfItemsDuringThePeriodExpropriateReserveForReductionEntryOfReplacedProperty" />
    <link:loc xlink:type="locator" xlink:href="http://info.edinet-fsa.go.jp/jp/fr/gaap/t/cte/2011-03-14/jpfr-t-cte-2011-03-14.xsd#jpfr-t-cte_DisposalOfTreasuryStockREBF" xlink:label="jpfr-t-cte_DisposalOfTreasuryStockREBF" />
    <link:loc xlink:type="locator" xlink:href="http://info.edinet-fsa.go.jp/jp/fr/gaap/t/cte/2011-03-14/jpfr-t-cte-2011-03-14.xsd#jpfr-t-cte_PurchaseOfTreasuryStockNA" xlink:label="jpfr-t-cte_PurchaseOfTreasuryStockNA" />
    <link:loc xlink:type="locator" xlink:href="http://info.edinet-fsa.go.jp/jp/fr/gaap/t/cte/2011-03-14/jpfr-t-cte-2011-03-14.xsd#jpfr-t-cte_DisposalOfTreasuryStockSE" xlink:label="jpfr-t-cte_DisposalOfTreasuryStockSE" />
    <link:loc xlink:type="locator" xlink:href="http://info.edinet-fsa.go.jp/jp/fr/gaap/t/cte/2011-03-14/jpfr-t-cte-2011-03-14.xsd#jpfr-t-cte_DisposalOfTreasuryStockRE" xlink:label="jpfr-t-cte_DisposalOfTreasuryStockRE" />
    <link:loc xlink:type="locator" xlink:href="jpfr-asr-E01794-000-2011-03-31-01-2011-06-29.xsd#jpfr-asr-E01794-000_TotalChangesOfItemsDuringThePeriodFixedReserveForReductionEntryOfReplacedProperty" xlink:label="jpfr-asr-E01794-000_TotalChangesOfItemsDuringThePeriodFixedReserveForReductionEntryOfReplacedProperty" />
    <link:calculationArc xlink:type="arc" xlink:from="jpfr-t-cte_TotalChangesOfItemsDuringThePeriodRE" xlink:to="jpfr-asr-E01794-000_TotalChangesOfItemsDuringThePeriodExpropriateReserveForReductionEntryOfReplacedProperty" xlink:arcrole="http://www.xbrl.org/2003/arcrole/summation-item" order="1.5" weight="1" />
    <link:calculationArc xlink:type="arc" xlink:from="jpfr-t-cte_PurchaseOfTreasuryStockNA" xlink:to="jpfr-t-cte_PurchaseOfTreasuryStockSE" xlink:arcrole="http://www.xbrl.org/2003/arcrole/summation-item" order="1" weight="1" />
    <link:calculationArc xlink:type="arc" xlink:from="jpfr-t-cte_TotalChangesOfItemsDuringThePeriodRE" xlink:to="jpfr-t-cte_TotalChangesOfItemsDuringThePeriodGeneralReserve" xlink:arcrole="http://www.xbrl.org/2003/arcrole/summation-item" order="1.875" weight="1" />
    <link:calculationArc xlink:type="arc" xlink:from="jpfr-t-cte_DisposalOfTreasuryStockSE" xlink:to="jpfr-t-cte_DisposalOfTreasuryStockRE" xlink:arcrole="http://www.xbrl.org/2003/arcrole/summation-item" order="0.5" weight="1" />
    <link:calculationArc xlink:type="arc" xlink:from="jpfr-t-cte_PurchaseOfTreasuryStockSE" xlink:to="jpfr-t-cte_PurchaseOfTreasuryStockTS" xlink:arcrole="http://www.xbrl.org/2003/arcrole/summation-item" order="1" weight="1" />
    <link:calculationArc xlink:type="arc" xlink:from="jpfr-t-cte_TotalChangesOfItemsDuringThePeriodRE" xlink:to="jpfr-asr-E01794-000_TotalChangesOfItemsDuringThePeriodFixedReserveForReductionEntryOfReplacedProperty" xlink:arcrole="http://www.xbrl.org/2003/arcrole/summation-item" order="1.75" weight="1" />
    <link:calculationArc xlink:type="arc" xlink:from="jpfr-t-cte_DisposalOfTreasuryStockRE" xlink:to="jpfr-t-cte_DisposalOfTreasuryStockREBF" xlink:arcrole="http://www.xbrl.org/2003/arcrole/summation-item" order="1" weight="1" />
  </link:calculationLink>
  <link:calculationLink xlink:type="extended" xlink:role="http://info.edinet-fsa.go.jp/jp/fr/gaap/role/ConsolidatedStatementsOfChangesInNetAssets">
    <link:loc xlink:type="locator" xlink:href="http://info.edinet-fsa.go.jp/jp/fr/gaap/t/cte/2011-03-14/jpfr-t-cte-2011-03-14.xsd#jpfr-t-cte_PurchaseOfTreasuryStockTS" xlink:label="jpfr-t-cte_PurchaseOfTreasuryStockTS" />
    <link:loc xlink:type="locator" xlink:href="http://info.edinet-fsa.go.jp/jp/fr/gaap/t/cte/2011-03-14/jpfr-t-cte-2011-03-14.xsd#jpfr-t-cte_TotalChangesOfItemsDuringThePeriodSE" xlink:label="jpfr-t-cte_TotalChangesOfItemsDuringThePeriodSE" />
    <link:loc xlink:type="locator" xlink:href="jpfr-asr-E01794-000-2011-03-31-01-2011-06-29.xsd#jpfr-asr-E01794-000_NetChangesOfItemsOtherThanShareholdersEquityPAR" xlink:label="jpfr-asr-E01794-000_NetChangesOfItemsOtherThanShareholdersEquityPAR" />
    <link:loc xlink:type="locator" xlink:href="http://info.edinet-fsa.go.jp/jp/fr/gaap/t/cte/2011-03-14/jpfr-t-cte-2011-03-14.xsd#jpfr-t-cte_TotalChangesOfItemsDuringThePeriodRE" xlink:label="jpfr-t-cte_TotalChangesOfItemsDuringThePeriodRE" />
    <link:loc xlink:type="locator" xlink:href="http://info.edinet-fsa.go.jp/jp/fr/gaap/t/cte/2011-03-14/jpfr-t-cte-2011-03-14.xsd#jpfr-t-cte_PurchaseOfTreasuryStockNA" xlink:label="jpfr-t-cte_PurchaseOfTreasuryStockNA" />
    <link:loc xlink:type="locator" xlink:href="http://info.edinet-fsa.go.jp/jp/fr/gaap/t/cte/2011-03-14/jpfr-t-cte-2011-03-14.xsd#jpfr-t-cte_PurchaseOfTreasuryStockSE" xlink:label="jpfr-t-cte_PurchaseOfTreasuryStockSE" />
    <link:loc xlink:type="locator" xlink:href="http://info.edinet-fsa.go.jp/jp/fr/gaap/t/cte/2011-03-14/jpfr-t-cte-2011-03-14.xsd#jpfr-t-cte_DisposalOfTreasuryStockRE" xlink:label="jpfr-t-cte_DisposalOfTreasuryStockRE" />
    <link:loc xlink:type="locator" xlink:href="http://info.edinet-fsa.go.jp/jp/fr/gaap/t/cte/2011-03-14/jpfr-t-cte-2011-03-14.xsd#jpfr-t-cte_TotalChangesOfItemsDuringThePeriodNA" xlink:label="jpfr-t-cte_TotalChangesOfItemsDuringThePeriodNA" />
    <link:loc xlink:type="locator" xlink:href="http://info.edinet-fsa.go.jp/jp/fr/gaap/t/cte/2011-03-14/jpfr-t-cte-2011-03-14.xsd#jpfr-t-cte_TotalChangesOfItemsDuringThePeriodTS" xlink:label="jpfr-t-cte_TotalChangesOfItemsDuringThePeriodTS" />
    <link:loc xlink:type="locator" xlink:href="jpfr-asr-E01794-000-2011-03-31-01-2011-06-29.xsd#jpfr-asr-E01794-000_TotalChangesOfItemsDuringThePeriodPAR" xlink:label="jpfr-asr-E01794-000_TotalChangesOfItemsDuringThePeriodPAR" />
    <link:calculationArc xlink:type="arc" xlink:from="jpfr-t-cte_TotalChangesOfItemsDuringThePeriodRE" xlink:to="jpfr-t-cte_DisposalOfTreasuryStockRE" xlink:arcrole="http://www.xbrl.org/2003/arcrole/summation-item" order="3" weight="1" />
    <link:calculationArc xlink:type="arc" xlink:from="jpfr-t-cte_TotalChangesOfItemsDuringThePeriodNA" xlink:to="jpfr-t-cte_PurchaseOfTreasuryStockNA" xlink:arcrole="http://www.xbrl.org/2003/arcrole/summation-item" order="3.5" weight="1" />
    <link:calculationArc xlink:type="arc" xlink:from="jpfr-t-cte_TotalChangesOfItemsDuringThePeriodTS" xlink:to="jpfr-t-cte_PurchaseOfTreasuryStockTS" xlink:arcrole="http://www.xbrl.org/2003/arcrole/summation-item" order="0.5" weight="1" />
    <link:calculationArc xlink:type="arc" xlink:from="jpfr-t-cte_TotalChangesOfItemsDuringThePeriodSE" xlink:to="jpfr-t-cte_PurchaseOfTreasuryStockSE" xlink:arcrole="http://www.xbrl.org/2003/arcrole/summation-item" order="3.5" weight="1" />
    <link:calculationArc xlink:type="arc" xlink:from="jpfr-asr-E01794-000_TotalChangesOfItemsDuringThePeriodPAR" xlink:to="jpfr-asr-E01794-000_NetChangesOfItemsOtherThanShareholdersEquityPAR" xlink:arcrole="http://www.xbrl.org/2003/arcrole/summation-item" order="1" weight="1" />
  </link:calculationLink>
  <link:calculationLink xlink:type="extended" xlink:role="http://info.edinet-fsa.go.jp/jp/fr/gaap/role/NonConsolidatedStatementsOfChangesInNetAssets">
    <link:loc xlink:type="locator" xlink:href="http://info.edinet-fsa.go.jp/jp/fr/gaap/t/cte/2011-03-14/jpfr-t-cte-2011-03-14.xsd#jpfr-t-cte_PurchaseOfTreasuryStockTS" xlink:label="jpfr-t-cte_PurchaseOfTreasuryStockTS" />
    <link:loc xlink:type="locator" xlink:href="http://info.edinet-fsa.go.jp/jp/fr/gaap/t/cte/2011-03-14/jpfr-t-cte-2011-03-14.xsd#jpfr-t-cte_TotalChangesOfItemsDuringThePeriodSE" xlink:label="jpfr-t-cte_TotalChangesOfItemsDuringThePeriodSE" />
    <link:loc xlink:type="locator" xlink:href="http://info.edinet-fsa.go.jp/jp/fr/gaap/t/cte/2011-03-14/jpfr-t-cte-2011-03-14.xsd#jpfr-t-cte_TotalChangesOfItemsDuringThePeriodREBF" xlink:label="jpfr-t-cte_TotalChangesOfItemsDuringThePeriodREBF" />
    <link:loc xlink:type="locator" xlink:href="http://info.edinet-fsa.go.jp/jp/fr/gaap/t/cte/2011-03-14/jpfr-t-cte-2011-03-14.xsd#jpfr-t-cte_TotalChangesOfItemsDuringThePeriodRE" xlink:label="jpfr-t-cte_TotalChangesOfItemsDuringThePeriodRE" />
    <link:loc xlink:type="locator" xlink:href="http://info.edinet-fsa.go.jp/jp/fr/gaap/t/cte/2011-03-14/jpfr-t-cte-2011-03-14.xsd#jpfr-t-cte_DisposalOfTreasuryStockREBF" xlink:label="jpfr-t-cte_DisposalOfTreasuryStockREBF" />
    <link:loc xlink:type="locator" xlink:href="http://info.edinet-fsa.go.jp/jp/fr/gaap/t/cte/2011-03-14/jpfr-t-cte-2011-03-14.xsd#jpfr-t-cte_PurchaseOfTreasuryStockNA" xlink:label="jpfr-t-cte_PurchaseOfTreasuryStockNA" />
    <link:loc xlink:type="locator" xlink:href="http://info.edinet-fsa.go.jp/jp/fr/gaap/t/cte/2011-03-14/jpfr-t-cte-2011-03-14.xsd#jpfr-t-cte_PurchaseOfTreasuryStockSE" xlink:label="jpfr-t-cte_PurchaseOfTreasuryStockSE" />
    <link:loc xlink:type="locator" xlink:href="http://info.edinet-fsa.go.jp/jp/fr/gaap/t/cte/2011-03-14/jpfr-t-cte-2011-03-14.xsd#jpfr-t-cte_DisposalOfTreasuryStockRE" xlink:label="jpfr-t-cte_DisposalOfTreasuryStockRE" />
    <link:loc xlink:type="locator" xlink:href="http://info.edinet-fsa.go.jp/jp/fr/gaap/t/cte/2011-03-14/jpfr-t-cte-2011-03-14.xsd#jpfr-t-cte_TotalChangesOfItemsDuringThePeriodNA" xlink:label="jpfr-t-cte_TotalChangesOfItemsDuringThePeriodNA" />
    <link:loc xlink:type="locator" xlink:href="http://info.edinet-fsa.go.jp/jp/fr/gaap/t/cte/2011-03-14/jpfr-t-cte-2011-03-14.xsd#jpfr-t-cte_TotalChangesOfItemsDuringThePeriodTS" xlink:label="jpfr-t-cte_TotalChangesOfItemsDuringThePeriodTS" />
    <link:calculationArc xlink:type="arc" xlink:from="jpfr-t-cte_TotalChangesOfItemsDuringThePeriodRE" xlink:to="jpfr-t-cte_DisposalOfTreasuryStockRE" xlink:arcrole="http://www.xbrl.org/2003/arcrole/summation-item" order="3" weight="1" />
    <link:calculationArc xlink:type="arc" xlink:from="jpfr-t-cte_TotalChangesOfItemsDuringThePeriodNA" xlink:to="jpfr-t-cte_PurchaseOfTreasuryStockNA" xlink:arcrole="http://www.xbrl.org/2003/arcrole/summation-item" order="3.5" weight="1" />
    <link:calculationArc xlink:type="arc" xlink:from="jpfr-t-cte_TotalChangesOfItemsDuringThePeriodTS" xlink:to="jpfr-t-cte_PurchaseOfTreasuryStockTS" xlink:arcrole="http://www.xbrl.org/2003/arcrole/summation-item" order="0.5" weight="1" />
    <link:calculationArc xlink:type="arc" xlink:from="jpfr-t-cte_TotalChangesOfItemsDuringThePeriodREBF" xlink:to="jpfr-t-cte_DisposalOfTreasuryStockREBF" xlink:arcrole="http://www.xbrl.org/2003/arcrole/summation-item" order="3" weight="1" />
    <link:calculationArc xlink:type="arc" xlink:from="jpfr-t-cte_TotalChangesOfItemsDuringThePeriodSE" xlink:to="jpfr-t-cte_PurchaseOfTreasuryStockSE" xlink:arcrole="http://www.xbrl.org/2003/arcrole/summation-item" order="3.5" weight="1" />
  </link:calculationLink>
  <link:calculationLink xlink:type="extended" xlink:role="http://info.edinet-fsa.go.jp/jp/fr/gaap/role/NonConsolidatedStatementsOfIncome">
    <link:loc xlink:type="locator" xlink:href="http://info.edinet-fsa.go.jp/jp/fr/gaap/t/cte/2011-03-14/jpfr-t-cte-2011-03-14.xsd#jpfr-t-cte_IncomeBeforeIncomeTaxes" xlink:label="jpfr-t-cte_IncomeBeforeIncomeTaxes" />
    <link:loc xlink:type="locator" xlink:href="http://info.edinet-fsa.go.jp/jp/fr/gaap/t/cte/2011-03-14/jpfr-t-cte-2011-03-14.xsd#jpfr-t-cte_OrdinaryIncome" xlink:label="jpfr-t-cte_OrdinaryIncome" />
    <link:calculationArc xlink:type="arc" xlink:from="jpfr-t-cte_IncomeBeforeIncomeTaxes" xlink:to="jpfr-t-cte_OrdinaryIncome" xlink:arcrole="http://www.xbrl.org/2003/arcrole/summation-item" use="prohibited" priority="1" order="1" weight="1" />
  </link:calculationLink>
  <link:calculationLink xlink:type="extended" xlink:role="http://info.edinet-fsa.go.jp/jp/fr/gaap/role/NonConsolidatedStatementsOfIncome">
    <link:loc xlink:type="locator" xlink:href="http://info.edinet-fsa.go.jp/jp/fr/gaap/t/cte/2011-03-14/jpfr-t-cte-2011-03-14.xsd#jpfr-t-cte_OperatingIncome" xlink:label="jpfr-t-cte_OperatingIncome" />
    <link:loc xlink:type="locator" xlink:href="http://info.edinet-fsa.go.jp/jp/fr/gaap/t/cte/2011-03-14/jpfr-t-cte-2011-03-14.xsd#jpfr-t-cte_OrdinaryIncome" xlink:label="jpfr-t-cte_OrdinaryIncome" />
    <link:loc xlink:type="locator" xlink:href="http://info.edinet-fsa.go.jp/jp/fr/gaap/t/cte/2011-03-14/jpfr-t-cte-2011-03-14.xsd#jpfr-t-cte_IncomeBeforeIncomeTaxes" xlink:label="jpfr-t-cte_IncomeBeforeIncomeTaxes" />
    <link:calculationArc xlink:type="arc" xlink:from="jpfr-t-cte_OrdinaryIncome" xlink:to="jpfr-t-cte_OperatingIncome" xlink:arcrole="http://www.xbrl.org/2003/arcrole/summation-item" use="prohibited" priority="1" order="1" weight="1" />
    <link:calculationArc xlink:type="arc" xlink:from="jpfr-t-cte_IncomeBeforeIncomeTaxes" xlink:to="jpfr-t-cte_OrdinaryIncome" xlink:arcrole="http://www.xbrl.org/2003/arcrole/summation-item" order="4" weight="1" />
  </link:calculationLink>
  <link:calculationLink xlink:type="extended" xlink:role="http://info.edinet-fsa.go.jp/jp/fr/gaap/role/NonConsolidatedStatementsOfIncome">
    <link:loc xlink:type="locator" xlink:href="http://info.edinet-fsa.go.jp/jp/fr/gaap/t/cte/2011-03-14/jpfr-t-cte-2011-03-14.xsd#jpfr-t-cte_OperatingIncome" xlink:label="jpfr-t-cte_OperatingIncome" />
    <link:loc xlink:type="locator" xlink:href="http://info.edinet-fsa.go.jp/jp/fr/gaap/t/cte/2011-03-14/jpfr-t-cte-2011-03-14.xsd#jpfr-t-cte_GrossProfit" xlink:label="jpfr-t-cte_GrossProfit" />
    <link:loc xlink:type="locator" xlink:href="http://info.edinet-fsa.go.jp/jp/fr/gaap/t/cte/2011-03-14/jpfr-t-cte-2011-03-14.xsd#jpfr-t-cte_OrdinaryIncome" xlink:label="jpfr-t-cte_OrdinaryIncome" />
    <link:calculationArc xlink:type="arc" xlink:from="jpfr-t-cte_OperatingIncome" xlink:to="jpfr-t-cte_GrossProfit" xlink:arcrole="http://www.xbrl.org/2003/arcrole/summation-item" use="prohibited" priority="1" order="1" weight="1" />
    <link:calculationArc xlink:type="arc" xlink:from="jpfr-t-cte_OrdinaryIncome" xlink:to="jpfr-t-cte_OperatingIncome" xlink:arcrole="http://www.xbrl.org/2003/arcrole/summation-item" order="4" weight="1" />
  </link:calculationLink>
  <link:calculationLink xlink:type="extended" xlink:role="http://info.edinet-fsa.go.jp/jp/fr/gaap/role/NonConsolidatedStatementsOfIncome">
    <link:loc xlink:type="locator" xlink:href="http://info.edinet-fsa.go.jp/jp/fr/gaap/t/cte/2011-03-14/jpfr-t-cte-2011-03-14.xsd#jpfr-t-cte_ExtraordinaryIncome" xlink:label="jpfr-t-cte_ExtraordinaryIncome" />
    <link:loc xlink:type="locator" xlink:href="http://info.edinet-fsa.go.jp/jp/fr/gaap/t/cte/2011-03-14/jpfr-t-cte-2011-03-14.xsd#jpfr-t-cte_ForeignExchangeGainsNOI" xlink:label="jpfr-t-cte_ForeignExchangeGainsNOI" />
    <link:loc xlink:type="locator" xlink:href="http://info.edinet-fsa.go.jp/jp/fr/gaap/t/cte/2011-03-14/jpfr-t-cte-2011-03-14.xsd#jpfr-t-cte_ProvisionForLossOnBusinessOfSubsidiariesAndAffiliatesEL" xlink:label="jpfr-t-cte_ProvisionForLossOnBusinessOfSubsidiariesAndAffiliatesEL" />
    <link:loc xlink:type="locator" xlink:href="jpfr-asr-E01794-000-2011-03-31-01-2011-06-29.xsd#jpfr-asr-E01794-000_LoanRelatedExpensesNOE" xlink:label="jpfr-asr-E01794-000_LoanRelatedExpensesNOE" />
    <link:loc xlink:type="locator" xlink:href="http://info.edinet-fsa.go.jp/jp/fr/gaap/t/cte/2011-03-14/jpfr-t-cte-2011-03-14.xsd#jpfr-t-cte_MiscellaneousLossNOE" xlink:label="jpfr-t-cte_MiscellaneousLossNOE" />
    <link:loc xlink:type="locator" xlink:href="http://info.edinet-fsa.go.jp/jp/fr/gaap/t/cte/2011-03-14/jpfr-t-cte-2011-03-14.xsd#jpfr-t-cte_ForeignExchangeLossesNOE" xlink:label="jpfr-t-cte_ForeignExchangeLossesNOE" />
    <link:loc xlink:type="locator" xlink:href="http://info.edinet-fsa.go.jp/jp/fr/gaap/t/cte/2011-03-14/jpfr-t-cte-2011-03-14.xsd#jpfr-t-cte_GainOnSalesOfInvestmentSecuritiesEI" xlink:label="jpfr-t-cte_GainOnSalesOfInvestmentSecuritiesEI" />
    <link:loc xlink:type="locator" xlink:href="http://info.edinet-fsa.go.jp/jp/fr/gaap/t/cte/2011-03-14/jpfr-t-cte-2011-03-14.xsd#jpfr-t-cte_LossOnValuationOfStocksOfSubsidiariesAndAffiliatesEL" xlink:label="jpfr-t-cte_LossOnValuationOfStocksOfSubsidiariesAndAffiliatesEL" />
    <link:loc xlink:type="locator" xlink:href="jpfr-asr-E01794-000-2011-03-31-01-2011-06-29.xsd#jpfr-asr-E01794-000_GainOnBondRetirementEI" xlink:label="jpfr-asr-E01794-000_GainOnBondRetirementEI" />
    <link:loc xlink:type="locator" xlink:href="jpfr-asr-E01794-000-2011-03-31-01-2011-06-29.xsd#jpfr-asr-E01794-000_MaintenanceCostsForIdleAssetsNOE" xlink:label="jpfr-asr-E01794-000_MaintenanceCostsForIdleAssetsNOE" />
    <link:loc xlink:type="locator" xlink:href="http://info.edinet-fsa.go.jp/jp/fr/gaap/t/cte/2011-03-14/jpfr-t-cte-2011-03-14.xsd#jpfr-t-cte_MiscellaneousIncomeNOI" xlink:label="jpfr-t-cte_MiscellaneousIncomeNOI" />
    <link:loc xlink:type="locator" xlink:href="http://info.edinet-fsa.go.jp/jp/fr/gaap/t/cte/2011-03-14/jpfr-t-cte-2011-03-14.xsd#jpfr-t-cte_OperatingIncome" xlink:label="jpfr-t-cte_OperatingIncome" />
    <link:loc xlink:type="locator" xlink:href="http://info.edinet-fsa.go.jp/jp/fr/gaap/t/cte/2011-03-14/jpfr-t-cte-2011-03-14.xsd#jpfr-t-cte_IncomeBeforeIncomeTaxes" xlink:label="jpfr-t-cte_IncomeBeforeIncomeTaxes" />
    <link:loc xlink:type="locator" xlink:href="http://info.edinet-fsa.go.jp/jp/fr/gaap/t/cte/2011-03-14/jpfr-t-cte-2011-03-14.xsd#jpfr-t-cte_LossOnValuationOfInvestmentSecuritiesEL" xlink:label="jpfr-t-cte_LossOnValuationOfInvestmentSecuritiesEL" />
    <link:loc xlink:type="locator" xlink:href="http://info.edinet-fsa.go.jp/jp/fr/gaap/t/cte/2011-03-14/jpfr-t-cte-2011-03-14.xsd#jpfr-t-cte_LossOnAbandonmentOfNoncurrentAssetsEL" xlink:label="jpfr-t-cte_LossOnAbandonmentOfNoncurrentAssetsEL" />
    <link:loc xlink:type="locator" xlink:href="http://info.edinet-fsa.go.jp/jp/fr/gaap/t/cte/2011-03-14/jpfr-t-cte-2011-03-14.xsd#jpfr-t-cte_NonOperatingExpenses" xlink:label="jpfr-t-cte_NonOperatingExpenses" />
    <link:loc xlink:type="locator" xlink:href="http://info.edinet-fsa.go.jp/jp/fr/gaap/t/cte/2011-03-14/jpfr-t-cte-2011-03-14.xsd#jpfr-t-cte_OtherEL" xlink:label="jpfr-t-cte_OtherEL" />
    <link:loc xlink:type="locator" xlink:href="http://info.edinet-fsa.go.jp/jp/fr/gaap/t/cte/2011-03-14/jpfr-t-cte-2011-03-14.xsd#jpfr-t-cte_CostOfSales" xlink:label="jpfr-t-cte_CostOfSales" />
    <link:loc xlink:type="locator" xlink:href="http://info.edinet-fsa.go.jp/jp/fr/gaap/t/cte/2011-03-14/jpfr-t-cte-2011-03-14.xsd#jpfr-t-cte_LossOnSalesOfInvestmentSecuritiesEL" xlink:label="jpfr-t-cte_LossOnSalesOfInvestmentSecuritiesEL" />
    <link:loc xlink:type="locator" xlink:href="http://info.edinet-fsa.go.jp/jp/fr/gaap/t/cte/2011-03-14/jpfr-t-cte-2011-03-14.xsd#jpfr-t-cte_AmortizationOfStockIssuanceCostNOE" xlink:label="jpfr-t-cte_AmortizationOfStockIssuanceCostNOE" />
    <link:loc xlink:type="locator" xlink:href="http://info.edinet-fsa.go.jp/jp/fr/gaap/t/cte/2011-03-14/jpfr-t-cte-2011-03-14.xsd#jpfr-t-cte_GrossProfit" xlink:label="jpfr-t-cte_GrossProfit" />
    <link:loc xlink:type="locator" xlink:href="http://info.edinet-fsa.go.jp/jp/fr/gaap/t/cte/2011-03-14/jpfr-t-cte-2011-03-14.xsd#jpfr-t-cte_OtherEI" xlink:label="jpfr-t-cte_OtherEI" />
    <link:loc xlink:type="locator" xlink:href="http://info.edinet-fsa.go.jp/jp/fr/gaap/t/cte/2011-03-14/jpfr-t-cte-2011-03-14.xsd#jpfr-t-cte_NetIncome" xlink:label="jpfr-t-cte_NetIncome" />
    <link:loc xlink:type="locator" xlink:href="http://info.edinet-fsa.go.jp/jp/fr/gaap/t/cte/2011-03-14/jpfr-t-cte-2011-03-14.xsd#jpfr-t-cte_BusinessStructureImprovementExpensesEL" xlink:label="jpfr-t-cte_BusinessStructureImprovementExpensesEL" />
    <link:loc xlink:type="locator" xlink:href="http://info.edinet-fsa.go.jp/jp/fr/gaap/t/cte/2011-03-14/jpfr-t-cte-2011-03-14.xsd#jpfr-t-cte_NonOperatingIncome" xlink:label="jpfr-t-cte_NonOperatingIncome" />
    <link:loc xlink:type="locator" xlink:href="http://info.edinet-fsa.go.jp/jp/fr/gaap/t/cte/2011-03-14/jpfr-t-cte-2011-03-14.xsd#jpfr-t-cte_ExtraordinaryLoss" xlink:label="jpfr-t-cte_ExtraordinaryLoss" />
    <link:loc xlink:type="locator" xlink:href="http://info.edinet-fsa.go.jp/jp/fr/gaap/t/cte/2011-03-14/jpfr-t-cte-2011-03-14.xsd#jpfr-t-cte_GainOnExtinguishmentOfTieInSharesEI" xlink:label="jpfr-t-cte_GainOnExtinguishmentOfTieInSharesEI" />
    <link:calculationArc xlink:type="arc" xlink:from="jpfr-t-cte_NonOperatingIncome" xlink:to="jpfr-t-cte_ForeignExchangeGainsNOI" xlink:arcrole="http://www.xbrl.org/2003/arcrole/summation-item" order="3.5" weight="1" />
    <link:calculationArc xlink:type="arc" xlink:from="jpfr-t-cte_NonOperatingExpenses" xlink:to="jpfr-asr-E01794-000_MaintenanceCostsForIdleAssetsNOE" xlink:arcrole="http://www.xbrl.org/2003/arcrole/summation-item" order="1.75" weight="1" />
    <link:calculationArc xlink:type="arc" xlink:from="jpfr-t-cte_NetIncome" xlink:to="jpfr-t-cte_IncomeBeforeIncomeTaxes" xlink:arcrole="http://www.xbrl.org/2003/arcrole/summation-item" use="prohibited" priority="1" order="1" weight="1" />
    <link:calculationArc xlink:type="arc" xlink:from="jpfr-t-cte_ExtraordinaryLoss" xlink:to="jpfr-t-cte_LossOnSalesOfInvestmentSecuritiesEL" xlink:arcrole="http://www.xbrl.org/2003/arcrole/summation-item" order="3.75" weight="1" />
    <link:calculationArc xlink:type="arc" xlink:from="jpfr-t-cte_ExtraordinaryIncome" xlink:to="jpfr-asr-E01794-000_GainOnBondRetirementEI" xlink:arcrole="http://www.xbrl.org/2003/arcrole/summation-item" order="2.875" weight="1" />
    <link:calculationArc xlink:type="arc" xlink:from="jpfr-t-cte_NonOperatingExpenses" xlink:to="jpfr-asr-E01794-000_LoanRelatedExpensesNOE" xlink:arcrole="http://www.xbrl.org/2003/arcrole/summation-item" order="1.875" weight="1" />
    <link:calculationArc xlink:type="arc" xlink:from="jpfr-t-cte_ExtraordinaryLoss" xlink:to="jpfr-t-cte_OtherEL" xlink:arcrole="http://www.xbrl.org/2003/arcrole/summation-item" order="3.984375" weight="1" />
    <link:calculationArc xlink:type="arc" xlink:from="jpfr-t-cte_ExtraordinaryIncome" xlink:to="jpfr-t-cte_GainOnSalesOfInvestmentSecuritiesEI" xlink:arcrole="http://www.xbrl.org/2003/arcrole/summation-item" order="2.5" weight="1" />
    <link:calculationArc xlink:type="arc" xlink:from="jpfr-t-cte_ExtraordinaryLoss" xlink:to="jpfr-t-cte_BusinessStructureImprovementExpensesEL" xlink:arcrole="http://www.xbrl.org/2003/arcrole/summation-item" order="3.96875" weight="1" />
    <link:calculationArc xlink:type="arc" xlink:from="jpfr-t-cte_ExtraordinaryLoss" xlink:to="jpfr-t-cte_ProvisionForLossOnBusinessOfSubsidiariesAndAffiliatesEL" xlink:arcrole="http://www.xbrl.org/2003/arcrole/summation-item" order="3.9375" weight="1" />
    <link:calculationArc xlink:type="arc" xlink:from="jpfr-t-cte_OperatingIncome" xlink:to="jpfr-t-cte_GrossProfit" xlink:arcrole="http://www.xbrl.org/2003/arcrole/summation-item" order="4" weight="1" />
    <link:calculationArc xlink:type="arc" xlink:from="jpfr-t-cte_NonOperatingExpenses" xlink:to="jpfr-t-cte_AmortizationOfStockIssuanceCostNOE" xlink:arcrole="http://www.xbrl.org/2003/arcrole/summation-item" order="1.9375" weight="1" />
    <link:calculationArc xlink:type="arc" xlink:from="jpfr-t-cte_NonOperatingIncome" xlink:to="jpfr-t-cte_MiscellaneousIncomeNOI" xlink:arcrole="http://www.xbrl.org/2003/arcrole/summation-item" order="3.75" weight="1" />
    <link:calculationArc xlink:type="arc" xlink:from="jpfr-t-cte_ExtraordinaryIncome" xlink:to="jpfr-t-cte_OtherEI" xlink:arcrole="http://www.xbrl.org/2003/arcrole/summation-item" order="2.9375" weight="1" />
    <link:calculationArc xlink:type="arc" xlink:from="jpfr-t-cte_GrossProfit" xlink:to="jpfr-t-cte_CostOfSales" xlink:arcrole="http://www.xbrl.org/2003/arcrole/summation-item" order="0.5" weight="-1" />
    <link:calculationArc xlink:type="arc" xlink:from="jpfr-t-cte_ExtraordinaryLoss" xlink:to="jpfr-t-cte_LossOnValuationOfStocksOfSubsidiariesAndAffiliatesEL" xlink:arcrole="http://www.xbrl.org/2003/arcrole/summation-item" order="3.875" weight="1" />
    <link:calculationArc xlink:type="arc" xlink:from="jpfr-t-cte_ExtraordinaryLoss" xlink:to="jpfr-t-cte_LossOnAbandonmentOfNoncurrentAssetsEL" xlink:arcrole="http://www.xbrl.org/2003/arcrole/summation-item" order="2.5" weight="1" />
    <link:calculationArc xlink:type="arc" xlink:from="jpfr-t-cte_ExtraordinaryLoss" xlink:to="jpfr-t-cte_LossOnValuationOfInvestmentSecuritiesEL" xlink:arcrole="http://www.xbrl.org/2003/arcrole/summation-item" order="3.5" weight="1" />
    <link:calculationArc xlink:type="arc" xlink:from="jpfr-t-cte_ExtraordinaryIncome" xlink:to="jpfr-t-cte_GainOnExtinguishmentOfTieInSharesEI" xlink:arcrole="http://www.xbrl.org/2003/arcrole/summation-item" order="2.75" weight="1" />
    <link:calculationArc xlink:type="arc" xlink:from="jpfr-t-cte_NonOperatingExpenses" xlink:to="jpfr-t-cte_MiscellaneousLossNOE" xlink:arcrole="http://www.xbrl.org/2003/arcrole/summation-item" order="1.96875" weight="1" />
    <link:calculationArc xlink:type="arc" xlink:from="jpfr-t-cte_NonOperatingExpenses" xlink:to="jpfr-t-cte_ForeignExchangeLossesNOE" xlink:arcrole="http://www.xbrl.org/2003/arcrole/summation-item" order="1.5" weight="1" />
  </link:calculationLink>
  <link:calculationLink xlink:type="extended" xlink:role="http://info.edinet-fsa.go.jp/jp/fr/gaap/role/NonConsolidatedStatementsOfIncome">
    <link:loc xlink:type="locator" xlink:href="http://info.edinet-fsa.go.jp/jp/fr/gaap/t/cte/2011-03-14/jpfr-t-cte-2011-03-14.xsd#jpfr-t-cte_TotalBeginningFinishedGoodsAndCostOfProductsManufacturedForThePeriod" xlink:label="jpfr-t-cte_TotalBeginningFinishedGoodsAndCostOfProductsManufacturedForThePeriod" />
    <link:loc xlink:type="locator" xlink:href="http://info.edinet-fsa.go.jp/jp/fr/gaap/t/cte/2011-03-14/jpfr-t-cte-2011-03-14.xsd#jpfr-t-cte_NetIncome" xlink:label="jpfr-t-cte_NetIncome" />
    <link:loc xlink:type="locator" xlink:href="http://info.edinet-fsa.go.jp/jp/fr/gaap/t/cte/2011-03-14/jpfr-t-cte-2011-03-14.xsd#jpfr-t-cte_CostOfFinishedGoodsSold" xlink:label="jpfr-t-cte_CostOfFinishedGoodsSold" />
    <link:loc xlink:type="locator" xlink:href="http://info.edinet-fsa.go.jp/jp/fr/gaap/t/cte/2011-03-14/jpfr-t-cte-2011-03-14.xsd#jpfr-t-cte_IncomeBeforeIncomeTaxes" xlink:label="jpfr-t-cte_IncomeBeforeIncomeTaxes" />
    <link:loc xlink:type="locator" xlink:href="http://info.edinet-fsa.go.jp/jp/fr/gaap/t/cte/2011-03-14/jpfr-t-cte-2011-03-14.xsd#jpfr-t-cte_CostOfSales" xlink:label="jpfr-t-cte_CostOfSales" />
    <link:loc xlink:type="locator" xlink:href="http://info.edinet-fsa.go.jp/jp/fr/gaap/t/cte/2011-03-14/jpfr-t-cte-2011-03-14.xsd#jpfr-t-cte_PurchaseOfFinishedGoodsCOS" xlink:label="jpfr-t-cte_PurchaseOfFinishedGoodsCOS" />
    <link:loc xlink:type="locator" xlink:href="http://info.edinet-fsa.go.jp/jp/fr/gaap/t/cte/2011-03-14/jpfr-t-cte-2011-03-14.xsd#jpfr-t-cte_EndingFinishedGoodsCOS" xlink:label="jpfr-t-cte_EndingFinishedGoodsCOS" />
    <link:loc xlink:type="locator" xlink:href="http://info.edinet-fsa.go.jp/jp/fr/gaap/t/cte/2011-03-14/jpfr-t-cte-2011-03-14.xsd#jpfr-t-cte_FinishedGoodsTransferToOtherAccountCOS" xlink:label="jpfr-t-cte_FinishedGoodsTransferToOtherAccountCOS" />
    <link:calculationArc xlink:type="arc" xlink:from="jpfr-t-cte_CostOfSales" xlink:to="jpfr-t-cte_TotalBeginningFinishedGoodsAndCostOfProductsManufacturedForThePeriod" xlink:arcrole="http://www.xbrl.org/2003/arcrole/summation-item" order="3" weight="1" />
    <link:calculationArc xlink:type="arc" xlink:from="jpfr-t-cte_CostOfSales" xlink:to="jpfr-t-cte_FinishedGoodsTransferToOtherAccountCOS" xlink:arcrole="http://www.xbrl.org/2003/arcrole/summation-item" order="2" weight="-1" />
    <link:calculationArc xlink:type="arc" xlink:from="jpfr-t-cte_TotalBeginningFinishedGoodsAndCostOfProductsManufacturedForThePeriod" xlink:to="jpfr-t-cte_PurchaseOfFinishedGoodsCOS" xlink:arcrole="http://www.xbrl.org/2003/arcrole/summation-item" order="3" weight="1" />
    <link:calculationArc xlink:type="arc" xlink:from="jpfr-t-cte_CostOfFinishedGoodsSold" xlink:to="jpfr-t-cte_TotalBeginningFinishedGoodsAndCostOfProductsManufacturedForThePeriod" xlink:arcrole="http://www.xbrl.org/2003/arcrole/summation-item" use="prohibited" priority="1" order="1" weight="1" />
    <link:calculationArc xlink:type="arc" xlink:from="jpfr-t-cte_CostOfFinishedGoodsSold" xlink:to="jpfr-t-cte_EndingFinishedGoodsCOS" xlink:arcrole="http://www.xbrl.org/2003/arcrole/summation-item" use="prohibited" priority="1" order="2" weight="-1" />
    <link:calculationArc xlink:type="arc" xlink:from="jpfr-t-cte_CostOfSales" xlink:to="jpfr-t-cte_EndingFinishedGoodsCOS" xlink:arcrole="http://www.xbrl.org/2003/arcrole/summation-item" order="1" weight="-1" />
    <link:calculationArc xlink:type="arc" xlink:from="jpfr-t-cte_NetIncome" xlink:to="jpfr-t-cte_IncomeBeforeIncomeTaxes" xlink:arcrole="http://www.xbrl.org/2003/arcrole/summation-item" order="3" weight="1" />
  </link:calculationLink>
  <link:calculationLink xlink:type="extended" xlink:role="http://info.edinet-fsa.go.jp/jp/fr/gaap/role/NonConsolidatedBalanceSheets">
    <link:loc xlink:type="locator" xlink:href="http://info.edinet-fsa.go.jp/jp/fr/gaap/t/cte/2011-03-14/jpfr-t-cte-2011-03-14.xsd#jpfr-t-cte_CurrentAssets" xlink:label="jpfr-t-cte_CurrentAssets" />
    <link:loc xlink:type="locator" xlink:href="http://info.edinet-fsa.go.jp/jp/fr/gaap/t/cte/2011-03-14/jpfr-t-cte-2011-03-14.xsd#jpfr-t-cte_PrepaidPensionCostIOA" xlink:label="jpfr-t-cte_PrepaidPensionCostIOA" />
    <link:loc xlink:type="locator" xlink:href="http://info.edinet-fsa.go.jp/jp/fr/gaap/t/cte/2011-03-14/jpfr-t-cte-2011-03-14.xsd#jpfr-t-cte_ProvisionForProductWarranties" xlink:label="jpfr-t-cte_ProvisionForProductWarranties" />
    <link:loc xlink:type="locator" xlink:href="http://info.edinet-fsa.go.jp/jp/fr/gaap/t/cte/2011-03-14/jpfr-t-cte-2011-03-14.xsd#jpfr-t-cte_InvestmentsAndOtherAssets" xlink:label="jpfr-t-cte_InvestmentsAndOtherAssets" />
    <link:loc xlink:type="locator" xlink:href="http://info.edinet-fsa.go.jp/jp/fr/gaap/t/cte/2011-03-14/jpfr-t-cte-2011-03-14.xsd#jpfr-t-cte_RetainedEarnings" xlink:label="jpfr-t-cte_RetainedEarnings" />
    <link:loc xlink:type="locator" xlink:href="jpfr-asr-E01794-000-2011-03-31-01-2011-06-29.xsd#jpfr-asr-E01794-000_ExpropriateReserveForReductionEntryOfReplacedProperty" xlink:label="jpfr-asr-E01794-000_ExpropriateReserveForReductionEntryOfReplacedProperty" />
    <link:loc xlink:type="locator" xlink:href="http://info.edinet-fsa.go.jp/jp/fr/gaap/t/cte/2011-03-14/jpfr-t-cte-2011-03-14.xsd#jpfr-t-cte_SoftwareInProgress" xlink:label="jpfr-t-cte_SoftwareInProgress" />
    <link:loc xlink:type="locator" xlink:href="http://info.edinet-fsa.go.jp/jp/fr/gaap/t/cte/2011-03-14/jpfr-t-cte-2011-03-14.xsd#jpfr-t-cte_CurrentPortionOfLongTermLoansPayable" xlink:label="jpfr-t-cte_CurrentPortionOfLongTermLoansPayable" />
    <link:loc xlink:type="locator" xlink:href="http://info.edinet-fsa.go.jp/jp/fr/gaap/t/cte/2011-03-14/jpfr-t-cte-2011-03-14.xsd#jpfr-t-cte_LeaseAndGuaranteeDeposits" xlink:label="jpfr-t-cte_LeaseAndGuaranteeDeposits" />
    <link:loc xlink:type="locator" xlink:href="http://info.edinet-fsa.go.jp/jp/fr/gaap/t/cte/2011-03-14/jpfr-t-cte-2011-03-14.xsd#jpfr-t-cte_CurrentLiabilities" xlink:label="jpfr-t-cte_CurrentLiabilities" />
    <link:loc xlink:type="locator" xlink:href="http://info.edinet-fsa.go.jp/jp/fr/gaap/t/cte/2011-03-14/jpfr-t-cte-2011-03-14.xsd#jpfr-t-cte_NoncurrentLiabilities" xlink:label="jpfr-t-cte_NoncurrentLiabilities" />
    <link:loc xlink:type="locator" xlink:href="http://info.edinet-fsa.go.jp/jp/fr/gaap/t/cte/2011-03-14/jpfr-t-cte-2011-03-14.xsd#jpfr-t-cte_ShortTermLoansPayableToSubsidiariesAndAffiliates" xlink:label="jpfr-t-cte_ShortTermLoansPayableToSubsidiariesAndAffiliates" />
    <link:loc xlink:type="locator" xlink:href="jpfr-asr-E01794-000-2011-03-31-01-2011-06-29.xsd#jpfr-asr-E01794-000_ChargeGuaranteeCL" xlink:label="jpfr-asr-E01794-000_ChargeGuaranteeCL" />
    <link:loc xlink:type="locator" xlink:href="jpfr-asr-E01794-000-2011-03-31-01-2011-06-29.xsd#jpfr-asr-E01794-000_FixedReserveForReductionEntryOfReplacedProperty" xlink:label="jpfr-asr-E01794-000_FixedReserveForReductionEntryOfReplacedProperty" />
    <link:loc xlink:type="locator" xlink:href="http://info.edinet-fsa.go.jp/jp/fr/gaap/t/cte/2011-03-14/jpfr-t-cte-2011-03-14.xsd#jpfr-t-cte_LifeInsuranceFunds" xlink:label="jpfr-t-cte_LifeInsuranceFunds" />
    <link:loc xlink:type="locator" xlink:href="http://info.edinet-fsa.go.jp/jp/fr/gaap/t/cte/2011-03-14/jpfr-t-cte-2011-03-14.xsd#jpfr-t-cte_IntangibleAssets" xlink:label="jpfr-t-cte_IntangibleAssets" />
    <link:loc xlink:type="locator" xlink:href="http://info.edinet-fsa.go.jp/jp/fr/gaap/t/cte/2011-03-14/jpfr-t-cte-2011-03-14.xsd#jpfr-t-cte_CurrentPortionOfBonds" xlink:label="jpfr-t-cte_CurrentPortionOfBonds" />
    <link:loc xlink:type="locator" xlink:href="http://info.edinet-fsa.go.jp/jp/fr/gaap/t/cte/2011-03-14/jpfr-t-cte-2011-03-14.xsd#jpfr-t-cte_ProvisionForLossOnBusinessOfSubsidiariesAndAffiliatesNCL" xlink:label="jpfr-t-cte_ProvisionForLossOnBusinessOfSubsidiariesAndAffiliatesNCL" />
    <link:loc xlink:type="locator" xlink:href="http://info.edinet-fsa.go.jp/jp/fr/gaap/t/cte/2011-03-14/jpfr-t-cte-2011-03-14.xsd#jpfr-t-cte_GeneralReserve" xlink:label="jpfr-t-cte_GeneralReserve" />
    <link:loc xlink:type="locator" xlink:href="http://info.edinet-fsa.go.jp/jp/fr/gaap/t/cte/2011-03-14/jpfr-t-cte-2011-03-14.xsd#jpfr-t-cte_ShortTermLoansReceivableToSubsidiariesAndAffiliates" xlink:label="jpfr-t-cte_ShortTermLoansReceivableToSubsidiariesAndAffiliates" />
    <link:calculationArc xlink:type="arc" xlink:from="jpfr-t-cte_RetainedEarnings" xlink:to="jpfr-asr-E01794-000_FixedReserveForReductionEntryOfReplacedProperty" xlink:arcrole="http://www.xbrl.org/2003/arcrole/summation-item" order="1.75" weight="1" />
    <link:calculationArc xlink:type="arc" xlink:from="jpfr-t-cte_CurrentLiabilities" xlink:to="jpfr-t-cte_CurrentPortionOfBonds" xlink:arcrole="http://www.xbrl.org/2003/arcrole/summation-item" order="3.75" weight="1" />
    <link:calculationArc xlink:type="arc" xlink:from="jpfr-t-cte_IntangibleAssets" xlink:to="jpfr-t-cte_SoftwareInProgress" xlink:arcrole="http://www.xbrl.org/2003/arcrole/summation-item" order="9.5" weight="1" />
    <link:calculationArc xlink:type="arc" xlink:from="jpfr-t-cte_CurrentLiabilities" xlink:to="jpfr-t-cte_CurrentPortionOfLongTermLoansPayable" xlink:arcrole="http://www.xbrl.org/2003/arcrole/summation-item" order="3.875" weight="1" />
    <link:calculationArc xlink:type="arc" xlink:from="jpfr-t-cte_RetainedEarnings" xlink:to="jpfr-asr-E01794-000_ExpropriateReserveForReductionEntryOfReplacedProperty" xlink:arcrole="http://www.xbrl.org/2003/arcrole/summation-item" order="1.5" weight="1" />
    <link:calculationArc xlink:type="arc" xlink:from="jpfr-t-cte_CurrentLiabilities" xlink:to="jpfr-t-cte_ShortTermLoansPayableToSubsidiariesAndAffiliates" xlink:arcrole="http://www.xbrl.org/2003/arcrole/summation-item" order="3.5" weight="1" />
    <link:calculationArc xlink:type="arc" xlink:from="jpfr-t-cte_NoncurrentLiabilities" xlink:to="jpfr-t-cte_ProvisionForLossOnBusinessOfSubsidiariesAndAffiliatesNCL" xlink:arcrole="http://www.xbrl.org/2003/arcrole/summation-item" order="8.5" weight="1" />
    <link:calculationArc xlink:type="arc" xlink:from="jpfr-t-cte_CurrentLiabilities" xlink:to="jpfr-asr-E01794-000_ChargeGuaranteeCL" xlink:arcrole="http://www.xbrl.org/2003/arcrole/summation-item" order="7.5" weight="1" />
    <link:calculationArc xlink:type="arc" xlink:from="jpfr-t-cte_CurrentLiabilities" xlink:to="jpfr-t-cte_ProvisionForProductWarranties" xlink:arcrole="http://www.xbrl.org/2003/arcrole/summation-item" order="7.75" weight="1" />
    <link:calculationArc xlink:type="arc" xlink:from="jpfr-t-cte_CurrentAssets" xlink:to="jpfr-t-cte_ShortTermLoansReceivableToSubsidiariesAndAffiliates" xlink:arcrole="http://www.xbrl.org/2003/arcrole/summation-item" order="28" weight="1" />
    <link:calculationArc xlink:type="arc" xlink:from="jpfr-t-cte_InvestmentsAndOtherAssets" xlink:to="jpfr-t-cte_LifeInsuranceFunds" xlink:arcrole="http://www.xbrl.org/2003/arcrole/summation-item" order="10.625" weight="1" />
    <link:calculationArc xlink:type="arc" xlink:from="jpfr-t-cte_InvestmentsAndOtherAssets" xlink:to="jpfr-t-cte_LeaseAndGuaranteeDeposits" xlink:arcrole="http://www.xbrl.org/2003/arcrole/summation-item" order="9.5" weight="1" />
    <link:calculationArc xlink:type="arc" xlink:from="jpfr-t-cte_RetainedEarnings" xlink:to="jpfr-t-cte_GeneralReserve" xlink:arcrole="http://www.xbrl.org/2003/arcrole/summation-item" order="1.875" weight="1" />
    <link:calculationArc xlink:type="arc" xlink:from="jpfr-t-cte_InvestmentsAndOtherAssets" xlink:to="jpfr-t-cte_PrepaidPensionCostIOA" xlink:arcrole="http://www.xbrl.org/2003/arcrole/summation-item" order="10.25" weight="1" />
  </link:calculationLink>
  <link:calculationLink xlink:type="extended" xlink:role="http://info.edinet-fsa.go.jp/jp/fr/gaap/role/ConsolidatedStatementsOfChangesInNetAssets2">
    <link:loc xlink:type="locator" xlink:href="http://info.edinet-fsa.go.jp/jp/fr/gaap/t/cte/2011-03-14/jpfr-t-cte-2011-03-14.xsd#jpfr-t-cte_PurchaseOfTreasuryStockTS" xlink:label="jpfr-t-cte_PurchaseOfTreasuryStockTS" />
    <link:loc xlink:type="locator" xlink:href="jpfr-asr-E01794-000-2011-03-31-01-2011-06-29.xsd#jpfr-asr-E01794-000_NetChangesOfItemsOtherThanShareholdersEquityPAR" xlink:label="jpfr-asr-E01794-000_NetChangesOfItemsOtherThanShareholdersEquityPAR" />
    <link:loc xlink:type="locator" xlink:href="http://info.edinet-fsa.go.jp/jp/fr/gaap/t/cte/2011-03-14/jpfr-t-cte-2011-03-14.xsd#jpfr-t-cte_TotalChangesOfItemsDuringThePeriodVTA" xlink:label="jpfr-t-cte_TotalChangesOfItemsDuringThePeriodVTA" />
    <link:loc xlink:type="locator" xlink:href="http://info.edinet-fsa.go.jp/jp/fr/gaap/t/cte/2011-03-14/jpfr-t-cte-2011-03-14.xsd#jpfr-t-cte_PurchaseOfTreasuryStockNA" xlink:label="jpfr-t-cte_PurchaseOfTreasuryStockNA" />
    <link:loc xlink:type="locator" xlink:href="http://info.edinet-fsa.go.jp/jp/fr/gaap/t/cte/2011-03-14/jpfr-t-cte-2011-03-14.xsd#jpfr-t-cte_PurchaseOfTreasuryStockSE" xlink:label="jpfr-t-cte_PurchaseOfTreasuryStockSE" />
    <link:loc xlink:type="locator" xlink:href="http://info.edinet-fsa.go.jp/jp/fr/gaap/t/cte/2011-03-14/jpfr-t-cte-2011-03-14.xsd#jpfr-t-cte_DisposalOfTreasuryStockSE" xlink:label="jpfr-t-cte_DisposalOfTreasuryStockSE" />
    <link:loc xlink:type="locator" xlink:href="http://info.edinet-fsa.go.jp/jp/fr/gaap/t/cte/2011-03-14/jpfr-t-cte-2011-03-14.xsd#jpfr-t-cte_NetChangesOfItemsOtherThanShareholdersEquityVTA" xlink:label="jpfr-t-cte_NetChangesOfItemsOtherThanShareholdersEquityVTA" />
    <link:loc xlink:type="locator" xlink:href="http://info.edinet-fsa.go.jp/jp/fr/gaap/t/cte/2011-03-14/jpfr-t-cte-2011-03-14.xsd#jpfr-t-cte_DisposalOfTreasuryStockRE" xlink:label="jpfr-t-cte_DisposalOfTreasuryStockRE" />
    <link:loc xlink:type="locator" xlink:href="jpfr-asr-E01794-000-2011-03-31-01-2011-06-29.xsd#jpfr-asr-E01794-000_TotalChangesOfItemsDuringThePeriodPAR" xlink:label="jpfr-asr-E01794-000_TotalChangesOfItemsDuringThePeriodPAR" />
    <link:calculationArc xlink:type="arc" xlink:from="jpfr-t-cte_PurchaseOfTreasuryStockSE" xlink:to="jpfr-t-cte_PurchaseOfTreasuryStockTS" xlink:arcrole="http://www.xbrl.org/2003/arcrole/summation-item" order="1" weight="1" />
    <link:calculationArc xlink:type="arc" xlink:from="jpfr-t-cte_PurchaseOfTreasuryStockNA" xlink:to="jpfr-t-cte_PurchaseOfTreasuryStockSE" xlink:arcrole="http://www.xbrl.org/2003/arcrole/summation-item" order="1" weight="1" />
    <link:calculationArc xlink:type="arc" xlink:from="jpfr-t-cte_TotalChangesOfItemsDuringThePeriodVTA" xlink:to="jpfr-asr-E01794-000_TotalChangesOfItemsDuringThePeriodPAR" xlink:arcrole="http://www.xbrl.org/2003/arcrole/summation-item" order="5" weight="1" />
    <link:calculationArc xlink:type="arc" xlink:from="jpfr-t-cte_NetChangesOfItemsOtherThanShareholdersEquityVTA" xlink:to="jpfr-asr-E01794-000_NetChangesOfItemsOtherThanShareholdersEquityPAR" xlink:arcrole="http://www.xbrl.org/2003/arcrole/summation-item" order="5" weight="1" />
    <link:calculationArc xlink:type="arc" xlink:from="jpfr-t-cte_DisposalOfTreasuryStockSE" xlink:to="jpfr-t-cte_DisposalOfTreasuryStockRE" xlink:arcrole="http://www.xbrl.org/2003/arcrole/summation-item" order="0.5" weight="1" />
  </link:calculationLink>
  <link:calculationLink xlink:type="extended" xlink:role="http://info.edinet-fsa.go.jp/jp/fr/gaap/role/ConsolidatedStatementsOfCashFlowsIndirect">
    <link:loc xlink:type="locator" xlink:href="http://info.edinet-fsa.go.jp/jp/fr/gaap/t/cte/2011-03-14/jpfr-t-cte-2011-03-14.xsd#jpfr-t-cte_LossGainOnValuationOfInvestmentSecuritiesOpeCF" xlink:label="jpfr-t-cte_LossGainOnValuationOfInvestmentSecuritiesOpeCF" />
    <link:loc xlink:type="locator" xlink:href="http://info.edinet-fsa.go.jp/jp/fr/gaap/t/cte/2011-03-14/jpfr-t-cte-2011-03-14.xsd#jpfr-t-cte_NetCashProvidedByUsedInFinancingActivities" xlink:label="jpfr-t-cte_NetCashProvidedByUsedInFinancingActivities" />
    <link:loc xlink:type="locator" xlink:href="http://info.edinet-fsa.go.jp/jp/fr/gaap/t/cte/2011-03-14/jpfr-t-cte-2011-03-14.xsd#jpfr-t-cte_NetIncreaseDecreaseInShortTermLoansPayableFinCF" xlink:label="jpfr-t-cte_NetIncreaseDecreaseInShortTermLoansPayableFinCF" />
    <link:loc xlink:type="locator" xlink:href="http://info.edinet-fsa.go.jp/jp/fr/gaap/t/cte/2011-03-14/jpfr-t-cte-2011-03-14.xsd#jpfr-t-cte_DecreaseIncreaseInTimeDepositsInvCF" xlink:label="jpfr-t-cte_DecreaseIncreaseInTimeDepositsInvCF" />
    <link:loc xlink:type="locator" xlink:href="http://info.edinet-fsa.go.jp/jp/fr/gaap/t/cte/2011-03-14/jpfr-t-cte-2011-03-14.xsd#jpfr-t-cte_NetCashProvidedByUsedInInvestmentActivities" xlink:label="jpfr-t-cte_NetCashProvidedByUsedInInvestmentActivities" />
    <link:loc xlink:type="locator" xlink:href="http://info.edinet-fsa.go.jp/jp/fr/gaap/t/cte/2011-03-14/jpfr-t-cte-2011-03-14.xsd#jpfr-t-cte_ProceedsFromSalesOfNoncurrentAssetsInvCF" xlink:label="jpfr-t-cte_ProceedsFromSalesOfNoncurrentAssetsInvCF" />
    <link:loc xlink:type="locator" xlink:href="http://info.edinet-fsa.go.jp/jp/fr/gaap/t/cte/2011-03-14/jpfr-t-cte-2011-03-14.xsd#jpfr-t-cte_ProceedsFromStockIssuanceToMinorityShareholdersFinCF" xlink:label="jpfr-t-cte_ProceedsFromStockIssuanceToMinorityShareholdersFinCF" />
    <link:loc xlink:type="locator" xlink:href="http://info.edinet-fsa.go.jp/jp/fr/gaap/t/cte/2011-03-14/jpfr-t-cte-2011-03-14.xsd#jpfr-t-cte_SubtotalOpeCF" xlink:label="jpfr-t-cte_SubtotalOpeCF" />
    <link:loc xlink:type="locator" xlink:href="jpfr-asr-E01794-000-2011-03-31-01-2011-06-29.xsd#jpfr-asr-E01794-000_ProceedsFromSaleAndLeaseBackTransactionFinCF" xlink:label="jpfr-asr-E01794-000_ProceedsFromSaleAndLeaseBackTransactionFinCF" />
    <link:loc xlink:type="locator" xlink:href="http://info.edinet-fsa.go.jp/jp/fr/gaap/t/cte/2011-03-14/jpfr-t-cte-2011-03-14.xsd#jpfr-t-cte_IncreaseDecreaseInProvisionForRetirementBenefitsOpeCF" xlink:label="jpfr-t-cte_IncreaseDecreaseInProvisionForRetirementBenefitsOpeCF" />
    <link:loc xlink:type="locator" xlink:href="http://info.edinet-fsa.go.jp/jp/fr/gaap/t/cte/2011-03-14/jpfr-t-cte-2011-03-14.xsd#jpfr-t-cte_IncreaseDecreaseInAccruedExpensesOpeCF" xlink:label="jpfr-t-cte_IncreaseDecreaseInAccruedExpensesOpeCF" />
    <link:loc xlink:type="locator" xlink:href="http://info.edinet-fsa.go.jp/jp/fr/gaap/t/cte/2011-03-14/jpfr-t-cte-2011-03-14.xsd#jpfr-t-cte_PurchaseOfNoncurrentAssetsInvCF" xlink:label="jpfr-t-cte_PurchaseOfNoncurrentAssetsInvCF" />
    <link:loc xlink:type="locator" xlink:href="http://info.edinet-fsa.go.jp/jp/fr/gaap/t/cte/2011-03-14/jpfr-t-cte-2011-03-14.xsd#jpfr-t-cte_LossGainOnSalesAndRetirementOfNoncurrentAssetsOpeCF" xlink:label="jpfr-t-cte_LossGainOnSalesAndRetirementOfNoncurrentAssetsOpeCF" />
    <link:loc xlink:type="locator" xlink:href="http://info.edinet-fsa.go.jp/jp/fr/gaap/t/cte/2011-03-14/jpfr-t-cte-2011-03-14.xsd#jpfr-t-cte_LossGainOnSalesOfInvestmentSecuritiesOpeCF" xlink:label="jpfr-t-cte_LossGainOnSalesOfInvestmentSecuritiesOpeCF" />
    <link:calculationArc xlink:type="arc" xlink:from="jpfr-t-cte_NetCashProvidedByUsedInFinancingActivities" xlink:to="jpfr-t-cte_NetIncreaseDecreaseInShortTermLoansPayableFinCF" xlink:arcrole="http://www.xbrl.org/2003/arcrole/summation-item" order="0.5" weight="1" />
    <link:calculationArc xlink:type="arc" xlink:from="jpfr-t-cte_SubtotalOpeCF" xlink:to="jpfr-t-cte_LossGainOnSalesOfInvestmentSecuritiesOpeCF" xlink:arcrole="http://www.xbrl.org/2003/arcrole/summation-item" order="7.5" weight="1" />
    <link:calculationArc xlink:type="arc" xlink:from="jpfr-t-cte_SubtotalOpeCF" xlink:to="jpfr-t-cte_IncreaseDecreaseInAccruedExpensesOpeCF" xlink:arcrole="http://www.xbrl.org/2003/arcrole/summation-item" order="14.5" weight="1" />
    <link:calculationArc xlink:type="arc" xlink:from="jpfr-t-cte_SubtotalOpeCF" xlink:to="jpfr-t-cte_LossGainOnSalesAndRetirementOfNoncurrentAssetsOpeCF" xlink:arcrole="http://www.xbrl.org/2003/arcrole/summation-item" order="0.5" weight="1" />
    <link:calculationArc xlink:type="arc" xlink:from="jpfr-t-cte_SubtotalOpeCF" xlink:to="jpfr-t-cte_LossGainOnValuationOfInvestmentSecuritiesOpeCF" xlink:arcrole="http://www.xbrl.org/2003/arcrole/summation-item" order="7.75" weight="1" />
    <link:calculationArc xlink:type="arc" xlink:from="jpfr-t-cte_NetCashProvidedByUsedInInvestmentActivities" xlink:to="jpfr-t-cte_PurchaseOfNoncurrentAssetsInvCF" xlink:arcrole="http://www.xbrl.org/2003/arcrole/summation-item" order="0.75" weight="1" />
    <link:calculationArc xlink:type="arc" xlink:from="jpfr-t-cte_SubtotalOpeCF" xlink:to="jpfr-t-cte_IncreaseDecreaseInProvisionForRetirementBenefitsOpeCF" xlink:arcrole="http://www.xbrl.org/2003/arcrole/summation-item" order="3.5" weight="1" />
    <link:calculationArc xlink:type="arc" xlink:from="jpfr-t-cte_NetCashProvidedByUsedInInvestmentActivities" xlink:to="jpfr-t-cte_DecreaseIncreaseInTimeDepositsInvCF" xlink:arcrole="http://www.xbrl.org/2003/arcrole/summation-item" order="0.5" weight="1" />
    <link:calculationArc xlink:type="arc" xlink:from="jpfr-t-cte_NetCashProvidedByUsedInInvestmentActivities" xlink:to="jpfr-t-cte_ProceedsFromSalesOfNoncurrentAssetsInvCF" xlink:arcrole="http://www.xbrl.org/2003/arcrole/summation-item" order="0.875" weight="1" />
    <link:calculationArc xlink:type="arc" xlink:from="jpfr-t-cte_NetCashProvidedByUsedInFinancingActivities" xlink:to="jpfr-asr-E01794-000_ProceedsFromSaleAndLeaseBackTransactionFinCF" xlink:arcrole="http://www.xbrl.org/2003/arcrole/summation-item" order="6.5" weight="1" />
    <link:calculationArc xlink:type="arc" xlink:from="jpfr-t-cte_NetCashProvidedByUsedInFinancingActivities" xlink:to="jpfr-t-cte_ProceedsFromStockIssuanceToMinorityShareholdersFinCF" xlink:arcrole="http://www.xbrl.org/2003/arcrole/summation-item" order="7.5" weight="1" />
  </link:calculationLink>
  <link:calculationLink xlink:type="extended" xlink:role="http://info.edinet-fsa.go.jp/jp/fr/gaap/role/ConsolidatedBalanceSheets">
    <link:loc xlink:type="locator" xlink:href="http://info.edinet-fsa.go.jp/jp/fr/gaap/t/cte/2011-03-14/jpfr-t-cte-2011-03-14.xsd#jpfr-t-cte_CurrentPortionOfBonds" xlink:label="jpfr-t-cte_CurrentPortionOfBonds" />
    <link:loc xlink:type="locator" xlink:href="http://info.edinet-fsa.go.jp/jp/fr/gaap/t/cte/2011-03-14/jpfr-t-cte-2011-03-14.xsd#jpfr-t-cte_CurrentPortionOfLongTermLoansPayable" xlink:label="jpfr-t-cte_CurrentPortionOfLongTermLoansPayable" />
    <link:loc xlink:type="locator" xlink:href="http://info.edinet-fsa.go.jp/jp/fr/gaap/t/cte/2011-03-14/jpfr-t-cte-2011-03-14.xsd#jpfr-t-cte_IntangibleAssets" xlink:label="jpfr-t-cte_IntangibleAssets" />
    <link:loc xlink:type="locator" xlink:href="http://info.edinet-fsa.go.jp/jp/fr/gaap/t/cte/2011-03-14/jpfr-t-cte-2011-03-14.xsd#jpfr-t-cte_Software" xlink:label="jpfr-t-cte_Software" />
    <link:loc xlink:type="locator" xlink:href="http://info.edinet-fsa.go.jp/jp/fr/gaap/t/cte/2011-03-14/jpfr-t-cte-2011-03-14.xsd#jpfr-t-cte_AccruedExpenses" xlink:label="jpfr-t-cte_AccruedExpenses" />
    <link:loc xlink:type="locator" xlink:href="http://info.edinet-fsa.go.jp/jp/fr/gaap/t/cte/2011-03-14/jpfr-t-cte-2011-03-14.xsd#jpfr-t-cte_CurrentLiabilities" xlink:label="jpfr-t-cte_CurrentLiabilities" />
    <link:loc xlink:type="locator" xlink:href="jpfr-asr-E01794-000-2011-03-31-01-2011-06-29.xsd#jpfr-asr-E01794-000_PensionAdjustmentsRecognizedByAnOverseasConsolidatedSubsidiary" xlink:label="jpfr-asr-E01794-000_PensionAdjustmentsRecognizedByAnOverseasConsolidatedSubsidiary" />
    <link:loc xlink:type="locator" xlink:href="http://info.edinet-fsa.go.jp/jp/fr/gaap/t/cte/2011-03-14/jpfr-t-cte-2011-03-14.xsd#jpfr-t-cte_ValuationAndTranslationAdjustments" xlink:label="jpfr-t-cte_ValuationAndTranslationAdjustments" />
    <link:calculationArc xlink:type="arc" xlink:from="jpfr-t-cte_CurrentLiabilities" xlink:to="jpfr-t-cte_CurrentPortionOfBonds" xlink:arcrole="http://www.xbrl.org/2003/arcrole/summation-item" order="2.75" weight="1" />
    <link:calculationArc xlink:type="arc" xlink:from="jpfr-t-cte_ValuationAndTranslationAdjustments" xlink:to="jpfr-asr-E01794-000_PensionAdjustmentsRecognizedByAnOverseasConsolidatedSubsidiary" xlink:arcrole="http://www.xbrl.org/2003/arcrole/summation-item" order="5" weight="1" />
    <link:calculationArc xlink:type="arc" xlink:from="jpfr-t-cte_IntangibleAssets" xlink:to="jpfr-t-cte_Software" xlink:arcrole="http://www.xbrl.org/2003/arcrole/summation-item" order="1.5" weight="1" />
    <link:calculationArc xlink:type="arc" xlink:from="jpfr-t-cte_CurrentLiabilities" xlink:to="jpfr-t-cte_AccruedExpenses" xlink:arcrole="http://www.xbrl.org/2003/arcrole/summation-item" order="4.5" weight="1" />
    <link:calculationArc xlink:type="arc" xlink:from="jpfr-t-cte_CurrentLiabilities" xlink:to="jpfr-t-cte_CurrentPortionOfLongTermLoansPayable" xlink:arcrole="http://www.xbrl.org/2003/arcrole/summation-item" order="2.5" weight="1" />
  </link:calculationLink>
  <link:calculationLink xlink:type="extended" xlink:role="http://info.edinet-fsa.go.jp/jp/fr/gaap/role/ConsolidatedStatementsOfComprehensiveIncome">
    <link:loc xlink:type="locator" xlink:href="jpfr-asr-E01794-000-2011-03-31-01-2011-06-29.xsd#jpfr-asr-E01794-000_PensionAdjustmentsRecognizedByAnOverseasConsolidatedSubsidiaryOCI" xlink:label="jpfr-asr-E01794-000_PensionAdjustmentsRecognizedByAnOverseasConsolidatedSubsidiaryOCI" />
    <link:loc xlink:type="locator" xlink:href="http://info.edinet-fsa.go.jp/jp/fr/gaap/t/cte/2011-03-14/jpfr-t-cte-2011-03-14.xsd#jpfr-t-cte_OtherComprehensiveIncome" xlink:label="jpfr-t-cte_OtherComprehensiveIncome" />
    <link:calculationArc xlink:type="arc" xlink:from="jpfr-t-cte_OtherComprehensiveIncome" xlink:to="jpfr-asr-E01794-000_PensionAdjustmentsRecognizedByAnOverseasConsolidatedSubsidiaryOCI" xlink:arcrole="http://www.xbrl.org/2003/arcrole/summation-item" order="5" weight="1" />
  </link:calculationLink>
  <link:calculationLink xlink:type="extended" xlink:role="http://info.edinet-fsa.go.jp/jp/fr/gaap/role/ConsolidatedStatementsOfIncome">
    <link:loc xlink:type="locator" xlink:href="http://info.edinet-fsa.go.jp/jp/fr/gaap/t/cte/2011-03-14/jpfr-t-cte-2011-03-14.xsd#jpfr-t-cte_IncomeBeforeIncomeTaxes" xlink:label="jpfr-t-cte_IncomeBeforeIncomeTaxes" />
    <link:loc xlink:type="locator" xlink:href="http://info.edinet-fsa.go.jp/jp/fr/gaap/t/cte/2011-03-14/jpfr-t-cte-2011-03-14.xsd#jpfr-t-cte_OrdinaryIncome" xlink:label="jpfr-t-cte_OrdinaryIncome" />
    <link:calculationArc xlink:type="arc" xlink:from="jpfr-t-cte_IncomeBeforeIncomeTaxes" xlink:to="jpfr-t-cte_OrdinaryIncome" xlink:arcrole="http://www.xbrl.org/2003/arcrole/summation-item" use="prohibited" priority="1" order="1" weight="1" />
  </link:calculationLink>
  <link:calculationLink xlink:type="extended" xlink:role="http://info.edinet-fsa.go.jp/jp/fr/gaap/role/ConsolidatedStatementsOfIncome">
    <link:loc xlink:type="locator" xlink:href="http://info.edinet-fsa.go.jp/jp/fr/gaap/t/cte/2011-03-14/jpfr-t-cte-2011-03-14.xsd#jpfr-t-cte_OperatingIncome" xlink:label="jpfr-t-cte_OperatingIncome" />
    <link:loc xlink:type="locator" xlink:href="http://info.edinet-fsa.go.jp/jp/fr/gaap/t/cte/2011-03-14/jpfr-t-cte-2011-03-14.xsd#jpfr-t-cte_OrdinaryIncome" xlink:label="jpfr-t-cte_OrdinaryIncome" />
    <link:loc xlink:type="locator" xlink:href="http://info.edinet-fsa.go.jp/jp/fr/gaap/t/cte/2011-03-14/jpfr-t-cte-2011-03-14.xsd#jpfr-t-cte_IncomeBeforeIncomeTaxes" xlink:label="jpfr-t-cte_IncomeBeforeIncomeTaxes" />
    <link:calculationArc xlink:type="arc" xlink:from="jpfr-t-cte_OrdinaryIncome" xlink:to="jpfr-t-cte_OperatingIncome" xlink:arcrole="http://www.xbrl.org/2003/arcrole/summation-item" use="prohibited" priority="1" order="1" weight="1" />
    <link:calculationArc xlink:type="arc" xlink:from="jpfr-t-cte_IncomeBeforeIncomeTaxes" xlink:to="jpfr-t-cte_OrdinaryIncome" xlink:arcrole="http://www.xbrl.org/2003/arcrole/summation-item" order="4" weight="1" />
  </link:calculationLink>
  <link:calculationLink xlink:type="extended" xlink:role="http://info.edinet-fsa.go.jp/jp/fr/gaap/role/ConsolidatedStatementsOfIncome">
    <link:loc xlink:type="locator" xlink:href="http://info.edinet-fsa.go.jp/jp/fr/gaap/t/cte/2011-03-14/jpfr-t-cte-2011-03-14.xsd#jpfr-t-cte_OperatingIncome" xlink:label="jpfr-t-cte_OperatingIncome" />
    <link:loc xlink:type="locator" xlink:href="http://info.edinet-fsa.go.jp/jp/fr/gaap/t/cte/2011-03-14/jpfr-t-cte-2011-03-14.xsd#jpfr-t-cte_GrossProfit" xlink:label="jpfr-t-cte_GrossProfit" />
    <link:loc xlink:type="locator" xlink:href="http://info.edinet-fsa.go.jp/jp/fr/gaap/t/cte/2011-03-14/jpfr-t-cte-2011-03-14.xsd#jpfr-t-cte_OrdinaryIncome" xlink:label="jpfr-t-cte_OrdinaryIncome" />
    <link:calculationArc xlink:type="arc" xlink:from="jpfr-t-cte_OperatingIncome" xlink:to="jpfr-t-cte_GrossProfit" xlink:arcrole="http://www.xbrl.org/2003/arcrole/summation-item" use="prohibited" priority="1" order="1" weight="1" />
    <link:calculationArc xlink:type="arc" xlink:from="jpfr-t-cte_OrdinaryIncome" xlink:to="jpfr-t-cte_OperatingIncome" xlink:arcrole="http://www.xbrl.org/2003/arcrole/summation-item" order="4" weight="1" />
  </link:calculationLink>
  <link:calculationLink xlink:type="extended" xlink:role="http://info.edinet-fsa.go.jp/jp/fr/gaap/role/ConsolidatedStatementsOfIncome">
    <link:loc xlink:type="locator" xlink:href="http://info.edinet-fsa.go.jp/jp/fr/gaap/t/cte/2011-03-14/jpfr-t-cte-2011-03-14.xsd#jpfr-t-cte_OperatingIncome" xlink:label="jpfr-t-cte_OperatingIncome" />
    <link:loc xlink:type="locator" xlink:href="http://info.edinet-fsa.go.jp/jp/fr/gaap/t/cte/2011-03-14/jpfr-t-cte-2011-03-14.xsd#jpfr-t-cte_BusinessStructureImprovementExpensesEL" xlink:label="jpfr-t-cte_BusinessStructureImprovementExpensesEL" />
    <link:loc xlink:type="locator" xlink:href="http://info.edinet-fsa.go.jp/jp/fr/gaap/t/cte/2011-03-14/jpfr-t-cte-2011-03-14.xsd#jpfr-t-cte_NonOperatingExpenses" xlink:label="jpfr-t-cte_NonOperatingExpenses" />
    <link:loc xlink:type="locator" xlink:href="http://info.edinet-fsa.go.jp/jp/fr/gaap/t/cte/2011-03-14/jpfr-t-cte-2011-03-14.xsd#jpfr-t-cte_OtherNOE" xlink:label="jpfr-t-cte_OtherNOE" />
    <link:loc xlink:type="locator" xlink:href="http://info.edinet-fsa.go.jp/jp/fr/gaap/t/cte/2011-03-14/jpfr-t-cte-2011-03-14.xsd#jpfr-t-cte_NonOperatingIncome" xlink:label="jpfr-t-cte_NonOperatingIncome" />
    <link:loc xlink:type="locator" xlink:href="http://info.edinet-fsa.go.jp/jp/fr/gaap/t/cte/2011-03-14/jpfr-t-cte-2011-03-14.xsd#jpfr-t-cte_LossOnAdjustmentForChangesOfAccountingStandardForAssetRetirementObligationsEL" xlink:label="jpfr-t-cte_LossOnAdjustmentForChangesOfAccountingStandardForAssetRetirementObligationsEL" />
    <link:loc xlink:type="locator" xlink:href="http://info.edinet-fsa.go.jp/jp/fr/gaap/t/cte/2011-03-14/jpfr-t-cte-2011-03-14.xsd#jpfr-t-cte_IncomeBeforeMinorityInterests" xlink:label="jpfr-t-cte_IncomeBeforeMinorityInterests" />
    <link:loc xlink:type="locator" xlink:href="http://info.edinet-fsa.go.jp/jp/fr/gaap/t/cte/2011-03-14/jpfr-t-cte-2011-03-14.xsd#jpfr-t-cte_SubsidyIncomeNOIBounty" xlink:label="jpfr-t-cte_SubsidyIncomeNOIBounty" />
    <link:loc xlink:type="locator" xlink:href="http://info.edinet-fsa.go.jp/jp/fr/gaap/t/cte/2011-03-14/jpfr-t-cte-2011-03-14.xsd#jpfr-t-cte_NetIncome" xlink:label="jpfr-t-cte_NetIncome" />
    <link:loc xlink:type="locator" xlink:href="http://info.edinet-fsa.go.jp/jp/fr/gaap/t/cte/2011-03-14/jpfr-t-cte-2011-03-14.xsd#jpfr-t-cte_ExtraordinaryIncome" xlink:label="jpfr-t-cte_ExtraordinaryIncome" />
    <link:loc xlink:type="locator" xlink:href="http://info.edinet-fsa.go.jp/jp/fr/gaap/t/cte/2011-03-14/jpfr-t-cte-2011-03-14.xsd#jpfr-t-cte_OtherEL" xlink:label="jpfr-t-cte_OtherEL" />
    <link:loc xlink:type="locator" xlink:href="http://info.edinet-fsa.go.jp/jp/fr/gaap/t/cte/2011-03-14/jpfr-t-cte-2011-03-14.xsd#jpfr-t-cte_ExtraordinaryLoss" xlink:label="jpfr-t-cte_ExtraordinaryLoss" />
    <link:loc xlink:type="locator" xlink:href="jpfr-asr-E01794-000-2011-03-31-01-2011-06-29.xsd#jpfr-asr-E01794-000_LoanRelatedExpensesNOE" xlink:label="jpfr-asr-E01794-000_LoanRelatedExpensesNOE" />
    <link:loc xlink:type="locator" xlink:href="http://info.edinet-fsa.go.jp/jp/fr/gaap/t/cte/2011-03-14/jpfr-t-cte-2011-03-14.xsd#jpfr-t-cte_ForeignExchangeLossesNOE" xlink:label="jpfr-t-cte_ForeignExchangeLossesNOE" />
    <link:loc xlink:type="locator" xlink:href="http://info.edinet-fsa.go.jp/jp/fr/gaap/t/cte/2011-03-14/jpfr-t-cte-2011-03-14.xsd#jpfr-t-cte_ForeignExchangeGainsNOI" xlink:label="jpfr-t-cte_ForeignExchangeGainsNOI" />
    <link:loc xlink:type="locator" xlink:href="http://info.edinet-fsa.go.jp/jp/fr/gaap/t/cte/2011-03-14/jpfr-t-cte-2011-03-14.xsd#jpfr-t-cte_OtherNOI" xlink:label="jpfr-t-cte_OtherNOI" />
    <link:loc xlink:type="locator" xlink:href="http://info.edinet-fsa.go.jp/jp/fr/gaap/t/cte/2011-03-14/jpfr-t-cte-2011-03-14.xsd#jpfr-t-cte_GainOnSalesOfInvestmentSecuritiesEI" xlink:label="jpfr-t-cte_GainOnSalesOfInvestmentSecuritiesEI" />
    <link:loc xlink:type="locator" xlink:href="http://info.edinet-fsa.go.jp/jp/fr/gaap/t/cte/2011-03-14/jpfr-t-cte-2011-03-14.xsd#jpfr-t-cte_LossOnSalesAndRetirementOfNoncurrentAssetsEL" xlink:label="jpfr-t-cte_LossOnSalesAndRetirementOfNoncurrentAssetsEL" />
    <link:loc xlink:type="locator" xlink:href="http://info.edinet-fsa.go.jp/jp/fr/gaap/t/cte/2011-03-14/jpfr-t-cte-2011-03-14.xsd#jpfr-t-cte_OtherEI" xlink:label="jpfr-t-cte_OtherEI" />
    <link:loc xlink:type="locator" xlink:href="http://info.edinet-fsa.go.jp/jp/fr/gaap/t/cte/2011-03-14/jpfr-t-cte-2011-03-14.xsd#jpfr-t-cte_GrossProfit" xlink:label="jpfr-t-cte_GrossProfit" />
    <link:loc xlink:type="locator" xlink:href="http://info.edinet-fsa.go.jp/jp/fr/gaap/t/cte/2011-03-14/jpfr-t-cte-2011-03-14.xsd#jpfr-t-cte_LossOnValuationOfInvestmentSecuritiesEL" xlink:label="jpfr-t-cte_LossOnValuationOfInvestmentSecuritiesEL" />
    <link:calculationArc xlink:type="arc" xlink:from="jpfr-t-cte_ExtraordinaryLoss" xlink:to="jpfr-t-cte_OtherEL" xlink:arcrole="http://www.xbrl.org/2003/arcrole/summation-item" order="3.9375" weight="1" />
    <link:calculationArc xlink:type="arc" xlink:from="jpfr-t-cte_ExtraordinaryLoss" xlink:to="jpfr-t-cte_LossOnAdjustmentForChangesOfAccountingStandardForAssetRetirementObligationsEL" xlink:arcrole="http://www.xbrl.org/2003/arcrole/summation-item" order="3.875" weight="1" />
    <link:calculationArc xlink:type="arc" xlink:from="jpfr-t-cte_NonOperatingExpenses" xlink:to="jpfr-t-cte_OtherNOE" xlink:arcrole="http://www.xbrl.org/2003/arcrole/summation-item" order="4" weight="1" />
    <link:calculationArc xlink:type="arc" xlink:from="jpfr-t-cte_NonOperatingExpenses" xlink:to="jpfr-asr-E01794-000_LoanRelatedExpensesNOE" xlink:arcrole="http://www.xbrl.org/2003/arcrole/summation-item" order="1.75" weight="1" />
    <link:calculationArc xlink:type="arc" xlink:from="jpfr-t-cte_NonOperatingIncome" xlink:to="jpfr-t-cte_OtherNOI" xlink:arcrole="http://www.xbrl.org/2003/arcrole/summation-item" order="2.875" weight="1" />
    <link:calculationArc xlink:type="arc" xlink:from="jpfr-t-cte_ExtraordinaryIncome" xlink:to="jpfr-t-cte_GainOnSalesOfInvestmentSecuritiesEI" xlink:arcrole="http://www.xbrl.org/2003/arcrole/summation-item" order="2.5" weight="1" />
    <link:calculationArc xlink:type="arc" xlink:from="jpfr-t-cte_ExtraordinaryLoss" xlink:to="jpfr-t-cte_BusinessStructureImprovementExpensesEL" xlink:arcrole="http://www.xbrl.org/2003/arcrole/summation-item" order="3.75" weight="1" />
    <link:calculationArc xlink:type="arc" xlink:from="jpfr-t-cte_OperatingIncome" xlink:to="jpfr-t-cte_GrossProfit" xlink:arcrole="http://www.xbrl.org/2003/arcrole/summation-item" order="4" weight="1" />
    <link:calculationArc xlink:type="arc" xlink:from="jpfr-t-cte_NonOperatingExpenses" xlink:to="jpfr-t-cte_ForeignExchangeLossesNOE" xlink:arcrole="http://www.xbrl.org/2003/arcrole/summation-item" order="1.5" weight="1" />
    <link:calculationArc xlink:type="arc" xlink:from="jpfr-t-cte_ExtraordinaryLoss" xlink:to="jpfr-t-cte_LossOnValuationOfInvestmentSecuritiesEL" xlink:arcrole="http://www.xbrl.org/2003/arcrole/summation-item" order="3.5" weight="1" />
    <link:calculationArc xlink:type="arc" xlink:from="jpfr-t-cte_ExtraordinaryIncome" xlink:to="jpfr-t-cte_OtherEI" xlink:arcrole="http://www.xbrl.org/2003/arcrole/summation-item" order="2.75" weight="1" />
    <link:calculationArc xlink:type="arc" xlink:from="jpfr-t-cte_ExtraordinaryLoss" xlink:to="jpfr-t-cte_LossOnSalesAndRetirementOfNoncurrentAssetsEL" xlink:arcrole="http://www.xbrl.org/2003/arcrole/summation-item" order="0.5" weight="1" />
    <link:calculationArc xlink:type="arc" xlink:from="jpfr-t-cte_NonOperatingIncome" xlink:to="jpfr-t-cte_SubsidyIncomeNOIBounty" xlink:arcrole="http://www.xbrl.org/2003/arcrole/summation-item" order="2.75" weight="1" />
    <link:calculationArc xlink:type="arc" xlink:from="jpfr-t-cte_NonOperatingIncome" xlink:to="jpfr-t-cte_ForeignExchangeGainsNOI" xlink:arcrole="http://www.xbrl.org/2003/arcrole/summation-item" order="2.5" weight="1" />
    <link:calculationArc xlink:type="arc" xlink:from="jpfr-t-cte_NetIncome" xlink:to="jpfr-t-cte_IncomeBeforeMinorityInterests" xlink:arcrole="http://www.xbrl.org/2003/arcrole/summation-item" use="prohibited" priority="1" order="1" weight="1" />
  </link:calculationLink>
  <link:calculationLink xlink:type="extended" xlink:role="http://info.edinet-fsa.go.jp/jp/fr/gaap/role/ConsolidatedStatementsOfIncome">
    <link:loc xlink:type="locator" xlink:href="http://info.edinet-fsa.go.jp/jp/fr/gaap/t/cte/2011-03-14/jpfr-t-cte-2011-03-14.xsd#jpfr-t-cte_NetIncome" xlink:label="jpfr-t-cte_NetIncome" />
    <link:loc xlink:type="locator" xlink:href="http://info.edinet-fsa.go.jp/jp/fr/gaap/t/cte/2011-03-14/jpfr-t-cte-2011-03-14.xsd#jpfr-t-cte_IncomeBeforeMinorityInterests" xlink:label="jpfr-t-cte_IncomeBeforeMinorityInterests" />
    <link:loc xlink:type="locator" xlink:href="http://info.edinet-fsa.go.jp/jp/fr/gaap/t/cte/2011-03-14/jpfr-t-cte-2011-03-14.xsd#jpfr-t-cte_IncomeBeforeIncomeTaxes" xlink:label="jpfr-t-cte_IncomeBeforeIncomeTaxes" />
    <link:calculationArc xlink:type="arc" xlink:from="jpfr-t-cte_NetIncome" xlink:to="jpfr-t-cte_IncomeBeforeMinorityInterests" xlink:arcrole="http://www.xbrl.org/2003/arcrole/summation-item" order="3" weight="1" />
    <link:calculationArc xlink:type="arc" xlink:from="jpfr-t-cte_IncomeBeforeMinorityInterests" xlink:to="jpfr-t-cte_IncomeBeforeIncomeTaxes" xlink:arcrole="http://www.xbrl.org/2003/arcrole/summation-item" use="prohibited" priority="1" order="1" weight="1" />
  </link:calculationLink>
  <link:calculationLink xlink:type="extended" xlink:role="http://info.edinet-fsa.go.jp/jp/fr/gaap/role/ConsolidatedStatementsOfIncome">
    <link:loc xlink:type="locator" xlink:href="http://info.edinet-fsa.go.jp/jp/fr/gaap/t/cte/2011-03-14/jpfr-t-cte-2011-03-14.xsd#jpfr-t-cte_IncomeBeforeMinorityInterests" xlink:label="jpfr-t-cte_IncomeBeforeMinorityInterests" />
    <link:loc xlink:type="locator" xlink:href="http://info.edinet-fsa.go.jp/jp/fr/gaap/t/cte/2011-03-14/jpfr-t-cte-2011-03-14.xsd#jpfr-t-cte_IncomeBeforeIncomeTaxes" xlink:label="jpfr-t-cte_IncomeBeforeIncomeTaxes" />
    <link:calculationArc xlink:type="arc" xlink:from="jpfr-t-cte_IncomeBeforeMinorityInterests" xlink:to="jpfr-t-cte_IncomeBeforeIncomeTaxes" xlink:arcrole="http://www.xbrl.org/2003/arcrole/summation-item" order="3" weight="1" />
  </link:calculationLink>
</link:linkbase>