<?xml version="1.0" encoding="utf-8"?>
<link:linkbase xmlns:link="http://www.xbrl.org/2003/linkbase" xmlns:xsi="http://www.w3.org/2001/XMLSchema-instance" xmlns:xbrli="http://www.xbrl.org/2003/instance" xmlns:xlink="http://www.w3.org/1999/xlink">
  <link:labelLink xlink:type="extended" xlink:role="http://www.xbrl.org/2003/role/link">
    <link:loc xlink:type="locator" xlink:href="jpcrp040300-q3r-001_E02272-000_2014-12-31_01_2015-02-06.xsd#jpcrp040300-q3r_E02272-000_AdvancedRepaymentExpensesNOE" xlink:label="AdvancedRepaymentExpensesNOE" />
    <link:loc xlink:type="locator" xlink:href="jpcrp040300-q3r-001_E02272-000_2014-12-31_01_2015-02-06.xsd#jpcrp040300-q3r_E02272-000_PenaltyChargesEL" xlink:label="PenaltyChargesEL" />
    <link:loc xlink:type="locator" xlink:href="jpcrp040300-q3r-001_E02272-000_2014-12-31_01_2015-02-06.xsd#jpcrp040300-q3r_E02272-000_SoilImprovementCostEL" xlink:label="SoilImprovementCostEL" />
    <link:loc xlink:type="locator" xlink:href="jpcrp040300-q3r-001_E02272-000_2014-12-31_01_2015-02-06.xsd#jpcrp040300-q3r_E02272-000_PensionLiabilityAdjustmentOfForeignSubsidiariesNetOfTaxOCI" xlink:label="PensionLiabilityAdjustmentOfForeignSubsidiariesNetOfTaxOCI" />
    <link:loc xlink:type="locator" xlink:href="jpcrp040300-q3r-001_E02272-000_2014-12-31_01_2015-02-06.xsd#jpcrp040300-q3r_E02272-000_NotesRegardingAllowanceForDoubtfulAccountsTextBlock" xlink:label="NotesRegardingAllowanceForDoubtfulAccountsTextBlock" />
    <link:loc xlink:type="locator" xlink:href="jpcrp040300-q3r-001_E02272-000_2014-12-31_01_2015-02-06.xsd#jpcrp040300-q3r_E02272-000_NotesRegardingSettlementPackageTextBlock" xlink:label="NotesRegardingSettlementPackageTextBlock" />
    <link:loc xlink:type="locator" xlink:href="jpcrp040300-q3r-001_E02272-000_2014-12-31_01_2015-02-06.xsd#jpcrp040300-q3r_E02272-000_NotesRegardingProvisionForLossOnLitigationELTextBlock" xlink:label="NotesRegardingProvisionForLossOnLitigationELTextBlock" />
    <link:loc xlink:type="locator" xlink:href="jpcrp040300-q3r-001_E02272-000_2014-12-31_01_2015-02-06.xsd#jpcrp040300-q3r_E02272-000_NotesRegardingIncomeTaxesForPriorPeriodsTextBlock" xlink:label="NotesRegardingIncomeTaxesForPriorPeriodsTextBlock" />
    <link:loc xlink:type="locator" xlink:href="jpcrp040300-q3r-001_E02272-000_2014-12-31_01_2015-02-06.xsd#jpcrp040300-q3r_E02272-000_NotesRegardingDividendNATextBlock" xlink:label="NotesRegardingDividendNATextBlock" />
    <link:loc xlink:type="locator" xlink:href="jpcrp040300-q3r-001_E02272-000_2014-12-31_01_2015-02-06.xsd#jpcrp040300-q3r_E02272-000_InformationAboutImpairmentLossOfNonCurrentAssetsOrGoodwillEtcForEachReportableSegmentNATextBlock" xlink:label="InformationAboutImpairmentLossOfNonCurrentAssetsOrGoodwillEtcForEachReportableSegmentNATextBlock" />
    <link:loc xlink:type="locator" xlink:href="jpcrp040300-q3r-001_E02272-000_2014-12-31_01_2015-02-06.xsd#jpcrp040300-q3r_E02272-000_NotesForLossOnBusinessLiquidationTextBlock" xlink:label="NotesForLossOnBusinessLiquidationTextBlock" />
    <link:loc xlink:type="locator" xlink:href="jpcrp040300-q3r-001_E02272-000_2014-12-31_01_2015-02-06.xsd#jpcrp040300-q3r_E02272-000_PenaltyChargesTextBlock" xlink:label="PenaltyChargesTextBlock" />
    <link:loc xlink:type="locator" xlink:href="jpcrp040300-q3r-001_E02272-000_2014-12-31_01_2015-02-06.xsd#jpcrp040300-q3r_E02272-000_MedicalSystemsBusinessGroupMember" xlink:label="MedicalSystemsBusinessGroupMember" />
    <link:loc xlink:type="locator" xlink:href="jpcrp040300-q3r-001_E02272-000_2014-12-31_01_2015-02-06.xsd#jpcrp040300-q3r_E02272-000_ScientificSolutionsBusinessGroupReportableSegmentsMember" xlink:label="ScientificSolutionsBusinessGroupReportableSegmentsMember" />
    <link:loc xlink:type="locator" xlink:href="jpcrp040300-q3r-001_E02272-000_2014-12-31_01_2015-02-06.xsd#jpcrp040300-q3r_E02272-000_ImagingSystemsBusinessGroupReportableSegmentsMember" xlink:label="ImagingSystemsBusinessGroupReportableSegmentsMember" />
    <link:loc xlink:type="locator" xlink:href="jpcrp040300-q3r-001_E02272-000_2014-12-31_01_2015-02-06.xsd#jpcrp040300-q3r_E02272-000_NotesChangesInScopeOfConsolidationOrEquityMethodQuarterlyConsolidatedFinancialStatementsNATextBlock" xlink:label="NotesChangesInScopeOfConsolidationOrEquityMethodQuarterlyConsolidatedFinancialStatementsNATextBlock" />
    <link:label xlink:type="resource" xlink:label="label_NotesRegardingDividendNATextBlock" xml:lang="ja" xlink:role="http://www.xbrl.org/2003/role/label" id="label_NotesRegardingDividendNATextBlock">配当に関する注記（該当なし）</link:label>
    <link:labelArc xlink:type="arc" xlink:arcrole="http://www.xbrl.org/2003/arcrole/concept-label" xlink:from="NotesRegardingDividendNATextBlock" xlink:to="label_NotesRegardingDividendNATextBlock" />
    <link:label xlink:type="resource" xlink:label="label_NotesRegardingDividendNATextBlock_2" xml:lang="ja" xlink:role="http://www.xbrl.org/2003/role/verboseLabel" id="label_NotesRegardingDividendNATextBlock_2">配当に関する注記（該当なし） [テキストブロック]</link:label>
    <link:labelArc xlink:type="arc" xlink:arcrole="http://www.xbrl.org/2003/arcrole/concept-label" xlink:from="NotesRegardingDividendNATextBlock" xlink:to="label_NotesRegardingDividendNATextBlock_2" />
    <link:label xlink:type="resource" xlink:label="label_InformationAboutImpairmentLossOfNonCurrentAssetsOrGoodwillEtcForEachReportableSegmentNATextBlock" xml:lang="ja" xlink:role="http://www.xbrl.org/2003/role/label" id="label_InformationAboutImpairmentLossOfNonCurrentAssetsOrGoodwillEtcForEachReportableSegmentNATextBlock">報告セグメントごとの固定資産の減損損失又はのれん等に関する情報（該当なし）</link:label>
    <link:labelArc xlink:type="arc" xlink:arcrole="http://www.xbrl.org/2003/arcrole/concept-label" xlink:from="InformationAboutImpairmentLossOfNonCurrentAssetsOrGoodwillEtcForEachReportableSegmentNATextBlock" xlink:to="label_InformationAboutImpairmentLossOfNonCurrentAssetsOrGoodwillEtcForEachReportableSegmentNATextBlock" />
    <link:label xlink:type="resource" xlink:label="label_InformationAboutImpairmentLossOfNonCurrentAssetsOrGoodwillEtcForEachReportableSegmentNATextBlock_2" xml:lang="ja" xlink:role="http://www.xbrl.org/2003/role/verboseLabel" id="label_InformationAboutImpairmentLossOfNonCurrentAssetsOrGoodwillEtcForEachReportableSegmentNATextBlock_2">報告セグメントごとの固定資産の減損損失又はのれん等に関する情報（該当なし） [テキストブロック]</link:label>
    <link:labelArc xlink:type="arc" xlink:arcrole="http://www.xbrl.org/2003/arcrole/concept-label" xlink:from="InformationAboutImpairmentLossOfNonCurrentAssetsOrGoodwillEtcForEachReportableSegmentNATextBlock" xlink:to="label_InformationAboutImpairmentLossOfNonCurrentAssetsOrGoodwillEtcForEachReportableSegmentNATextBlock_2" />
    <link:label xlink:type="resource" xlink:label="label_NotesRegardingAllowanceForDoubtfulAccountsTextBlock" xml:lang="ja" xlink:role="http://www.xbrl.org/2003/role/label" id="label_NotesRegardingAllowanceForDoubtfulAccountsTextBlock">貸倒引当金に関する注記</link:label>
    <link:labelArc xlink:type="arc" xlink:arcrole="http://www.xbrl.org/2003/arcrole/concept-label" xlink:from="NotesRegardingAllowanceForDoubtfulAccountsTextBlock" xlink:to="label_NotesRegardingAllowanceForDoubtfulAccountsTextBlock" />
    <link:label xlink:type="resource" xlink:label="label_NotesRegardingAllowanceForDoubtfulAccountsTextBlock_2" xml:lang="ja" xlink:role="http://www.xbrl.org/2003/role/verboseLabel" id="label_NotesRegardingAllowanceForDoubtfulAccountsTextBlock_2">貸倒引当金に関する注記 [テキストブロック]</link:label>
    <link:labelArc xlink:type="arc" xlink:arcrole="http://www.xbrl.org/2003/arcrole/concept-label" xlink:from="NotesRegardingAllowanceForDoubtfulAccountsTextBlock" xlink:to="label_NotesRegardingAllowanceForDoubtfulAccountsTextBlock_2" />
    <link:label xlink:type="resource" xlink:label="label_NotesRegardingSettlementPackageTextBlock" xml:lang="ja" xlink:role="http://www.xbrl.org/2003/role/label" id="label_NotesRegardingSettlementPackageTextBlock">和解金の注記</link:label>
    <link:labelArc xlink:type="arc" xlink:arcrole="http://www.xbrl.org/2003/arcrole/concept-label" xlink:from="NotesRegardingSettlementPackageTextBlock" xlink:to="label_NotesRegardingSettlementPackageTextBlock" />
    <link:label xlink:type="resource" xlink:label="label_NotesRegardingSettlementPackageTextBlock_2" xml:lang="ja" xlink:role="http://www.xbrl.org/2003/role/verboseLabel" id="label_NotesRegardingSettlementPackageTextBlock_2">和解金の注記 [テキストブロック]</link:label>
    <link:labelArc xlink:type="arc" xlink:arcrole="http://www.xbrl.org/2003/arcrole/concept-label" xlink:from="NotesRegardingSettlementPackageTextBlock" xlink:to="label_NotesRegardingSettlementPackageTextBlock_2" />
    <link:label xlink:type="resource" xlink:label="label_NotesRegardingProvisionForLossOnLitigationELTextBlock" xml:lang="ja" xlink:role="http://www.xbrl.org/2003/role/label" id="label_NotesRegardingProvisionForLossOnLitigationELTextBlock">訴訟損失引当金繰入額の注記</link:label>
    <link:labelArc xlink:type="arc" xlink:arcrole="http://www.xbrl.org/2003/arcrole/concept-label" xlink:from="NotesRegardingProvisionForLossOnLitigationELTextBlock" xlink:to="label_NotesRegardingProvisionForLossOnLitigationELTextBlock" />
    <link:label xlink:type="resource" xlink:label="label_NotesRegardingProvisionForLossOnLitigationELTextBlock_2" xml:lang="ja" xlink:role="http://www.xbrl.org/2003/role/verboseLabel" id="label_NotesRegardingProvisionForLossOnLitigationELTextBlock_2">訴訟損失引当金繰入額の注記 [テキストブロック]</link:label>
    <link:labelArc xlink:type="arc" xlink:arcrole="http://www.xbrl.org/2003/arcrole/concept-label" xlink:from="NotesRegardingProvisionForLossOnLitigationELTextBlock" xlink:to="label_NotesRegardingProvisionForLossOnLitigationELTextBlock_2" />
    <link:label xlink:type="resource" xlink:label="label_NotesRegardingIncomeTaxesForPriorPeriodsTextBlock" xml:lang="ja" xlink:role="http://www.xbrl.org/2003/role/label" id="label_NotesRegardingIncomeTaxesForPriorPeriodsTextBlock">過年度法人税等に関する注記</link:label>
    <link:labelArc xlink:type="arc" xlink:arcrole="http://www.xbrl.org/2003/arcrole/concept-label" xlink:from="NotesRegardingIncomeTaxesForPriorPeriodsTextBlock" xlink:to="label_NotesRegardingIncomeTaxesForPriorPeriodsTextBlock" />
    <link:label xlink:type="resource" xlink:label="label_NotesRegardingIncomeTaxesForPriorPeriodsTextBlock_2" xml:lang="ja" xlink:role="http://www.xbrl.org/2003/role/verboseLabel" id="label_NotesRegardingIncomeTaxesForPriorPeriodsTextBlock_2">過年度法人税等に関する注記 [テキストブロック]</link:label>
    <link:labelArc xlink:type="arc" xlink:arcrole="http://www.xbrl.org/2003/arcrole/concept-label" xlink:from="NotesRegardingIncomeTaxesForPriorPeriodsTextBlock" xlink:to="label_NotesRegardingIncomeTaxesForPriorPeriodsTextBlock_2" />
    <link:label xlink:type="resource" xlink:label="label_NotesForLossOnBusinessLiquidationTextBlock" xml:lang="ja" xlink:role="http://www.xbrl.org/2003/role/label" id="label_NotesForLossOnBusinessLiquidationTextBlock">事業整理損の注記</link:label>
    <link:labelArc xlink:type="arc" xlink:arcrole="http://www.xbrl.org/2003/arcrole/concept-label" xlink:from="NotesForLossOnBusinessLiquidationTextBlock" xlink:to="label_NotesForLossOnBusinessLiquidationTextBlock" />
    <link:label xlink:type="resource" xlink:label="label_NotesForLossOnBusinessLiquidationTextBlock_2" xml:lang="ja" xlink:role="http://www.xbrl.org/2003/role/verboseLabel" id="label_NotesForLossOnBusinessLiquidationTextBlock_2">事業整理損の注記 [テキストブロック］</link:label>
    <link:labelArc xlink:type="arc" xlink:arcrole="http://www.xbrl.org/2003/arcrole/concept-label" xlink:from="NotesForLossOnBusinessLiquidationTextBlock" xlink:to="label_NotesForLossOnBusinessLiquidationTextBlock_2" />
    <link:label xlink:type="resource" xlink:label="label_PenaltyChargesTextBlock" xml:lang="ja" xlink:role="http://www.xbrl.org/2003/role/label" id="label_PenaltyChargesTextBlock">刑事訴訟に係る罰金に関する注記</link:label>
    <link:labelArc xlink:type="arc" xlink:arcrole="http://www.xbrl.org/2003/arcrole/concept-label" xlink:from="PenaltyChargesTextBlock" xlink:to="label_PenaltyChargesTextBlock" />
    <link:label xlink:type="resource" xlink:label="label_PenaltyChargesTextBlock_2" xml:lang="ja" xlink:role="http://www.xbrl.org/2003/role/verboseLabel" id="label_PenaltyChargesTextBlock_2">刑事訴訟に係る罰金に関する注記 [テキストブロック]</link:label>
    <link:labelArc xlink:type="arc" xlink:arcrole="http://www.xbrl.org/2003/arcrole/concept-label" xlink:from="PenaltyChargesTextBlock" xlink:to="label_PenaltyChargesTextBlock_2" />
    <link:label xlink:type="resource" xlink:label="label_MedicalSystemsBusinessGroupMember" xml:lang="ja" xlink:role="http://www.xbrl.org/2003/role/label" id="label_MedicalSystemsBusinessGroupMember">医療</link:label>
    <link:labelArc xlink:type="arc" xlink:arcrole="http://www.xbrl.org/2003/arcrole/concept-label" xlink:from="MedicalSystemsBusinessGroupMember" xlink:to="label_MedicalSystemsBusinessGroupMember" />
    <link:label xlink:type="resource" xlink:label="label_MedicalSystemsBusinessGroupMember_2" xml:lang="ja" xlink:role="http://www.xbrl.org/2003/role/verboseLabel" id="label_MedicalSystemsBusinessGroupMember_2">医療、報告セグメント [メンバー]</link:label>
    <link:labelArc xlink:type="arc" xlink:arcrole="http://www.xbrl.org/2003/arcrole/concept-label" xlink:from="MedicalSystemsBusinessGroupMember" xlink:to="label_MedicalSystemsBusinessGroupMember_2" />
    <link:label xlink:type="resource" xlink:label="label_ScientificSolutionsBusinessGroupReportableSegmentsMember" xml:lang="ja" xlink:role="http://www.xbrl.org/2003/role/label" id="label_ScientificSolutionsBusinessGroupReportableSegmentsMember">科学</link:label>
    <link:labelArc xlink:type="arc" xlink:arcrole="http://www.xbrl.org/2003/arcrole/concept-label" xlink:from="ScientificSolutionsBusinessGroupReportableSegmentsMember" xlink:to="label_ScientificSolutionsBusinessGroupReportableSegmentsMember" />
    <link:label xlink:type="resource" xlink:label="label_ScientificSolutionsBusinessGroupReportableSegmentsMember_2" xml:lang="ja" xlink:role="http://www.xbrl.org/2003/role/verboseLabel" id="label_ScientificSolutionsBusinessGroupReportableSegmentsMember_2">科学、報告セグメント [メンバー]</link:label>
    <link:labelArc xlink:type="arc" xlink:arcrole="http://www.xbrl.org/2003/arcrole/concept-label" xlink:from="ScientificSolutionsBusinessGroupReportableSegmentsMember" xlink:to="label_ScientificSolutionsBusinessGroupReportableSegmentsMember_2" />
    <link:label xlink:type="resource" xlink:label="label_ImagingSystemsBusinessGroupReportableSegmentsMember" xml:lang="ja" xlink:role="http://www.xbrl.org/2003/role/label" id="label_ImagingSystemsBusinessGroupReportableSegmentsMember">映像</link:label>
    <link:labelArc xlink:type="arc" xlink:arcrole="http://www.xbrl.org/2003/arcrole/concept-label" xlink:from="ImagingSystemsBusinessGroupReportableSegmentsMember" xlink:to="label_ImagingSystemsBusinessGroupReportableSegmentsMember" />
    <link:label xlink:type="resource" xlink:label="label_ImagingSystemsBusinessGroupReportableSegmentsMember_2" xml:lang="ja" xlink:role="http://www.xbrl.org/2003/role/verboseLabel" id="label_ImagingSystemsBusinessGroupReportableSegmentsMember_2">映像、報告セグメント [メンバー]</link:label>
    <link:labelArc xlink:type="arc" xlink:arcrole="http://www.xbrl.org/2003/arcrole/concept-label" xlink:from="ImagingSystemsBusinessGroupReportableSegmentsMember" xlink:to="label_ImagingSystemsBusinessGroupReportableSegmentsMember_2" />
    <link:label xlink:type="resource" xlink:label="label_NotesChangesInScopeOfConsolidationOrEquityMethodQuarterlyConsolidatedFinancialStatementsNATextBlock" xml:lang="ja" xlink:role="http://www.xbrl.org/2003/role/label" id="label_NotesChangesInScopeOfConsolidationOrEquityMethodQuarterlyConsolidatedFinancialStatementsNATextBlock">連結の範囲又は持分法適用の範囲の変更（該当なし）</link:label>
    <link:labelArc xlink:type="arc" xlink:arcrole="http://www.xbrl.org/2003/arcrole/concept-label" xlink:from="NotesChangesInScopeOfConsolidationOrEquityMethodQuarterlyConsolidatedFinancialStatementsNATextBlock" xlink:to="label_NotesChangesInScopeOfConsolidationOrEquityMethodQuarterlyConsolidatedFinancialStatementsNATextBlock" />
    <link:label xlink:type="resource" xlink:label="label_NotesChangesInScopeOfConsolidationOrEquityMethodQuarterlyConsolidatedFinancialStatementsNATextBlock_2" xml:lang="ja" xlink:role="http://www.xbrl.org/2003/role/verboseLabel" id="label_NotesChangesInScopeOfConsolidationOrEquityMethodQuarterlyConsolidatedFinancialStatementsNATextBlock_2">連結の範囲又は持分法適用の範囲の変更、四半期連結財務諸表（該当なし） [テキストブロック]</link:label>
    <link:labelArc xlink:type="arc" xlink:arcrole="http://www.xbrl.org/2003/arcrole/concept-label" xlink:from="NotesChangesInScopeOfConsolidationOrEquityMethodQuarterlyConsolidatedFinancialStatementsNATextBlock" xlink:to="label_NotesChangesInScopeOfConsolidationOrEquityMethodQuarterlyConsolidatedFinancialStatementsNATextBlock_2" />
    <link:label xlink:type="resource" xlink:label="label_AdvancedRepaymentExpensesNOE" xml:lang="ja" xlink:role="http://www.xbrl.org/2003/role/label" id="label_AdvancedRepaymentExpensesNOE">繰上返済関連費用</link:label>
    <link:labelArc xlink:type="arc" xlink:arcrole="http://www.xbrl.org/2003/arcrole/concept-label" xlink:from="AdvancedRepaymentExpensesNOE" xlink:to="label_AdvancedRepaymentExpensesNOE" />
    <link:label xlink:type="resource" xlink:label="label_AdvancedRepaymentExpensesNOE_2" xml:lang="ja" xlink:role="http://www.xbrl.org/2003/role/verboseLabel" id="label_AdvancedRepaymentExpensesNOE_2">繰上返済関連費用、営業外費用</link:label>
    <link:labelArc xlink:type="arc" xlink:arcrole="http://www.xbrl.org/2003/arcrole/concept-label" xlink:from="AdvancedRepaymentExpensesNOE" xlink:to="label_AdvancedRepaymentExpensesNOE_2" />
    <link:label xlink:type="resource" xlink:label="label_PenaltyChargesEL" xml:lang="ja" xlink:role="http://www.xbrl.org/2003/role/label" id="label_PenaltyChargesEL">刑事訴訟に係る罰金</link:label>
    <link:labelArc xlink:type="arc" xlink:arcrole="http://www.xbrl.org/2003/arcrole/concept-label" xlink:from="PenaltyChargesEL" xlink:to="label_PenaltyChargesEL" />
    <link:label xlink:type="resource" xlink:label="label_PenaltyChargesEL_2" xml:lang="ja" xlink:role="http://www.xbrl.org/2003/role/verboseLabel" id="label_PenaltyChargesEL_2">刑事訴訟に係る罰金、特別損失</link:label>
    <link:labelArc xlink:type="arc" xlink:arcrole="http://www.xbrl.org/2003/arcrole/concept-label" xlink:from="PenaltyChargesEL" xlink:to="label_PenaltyChargesEL_2" />
    <link:label xlink:type="resource" xlink:label="label_SoilImprovementCostEL" xml:lang="ja" xlink:role="http://www.xbrl.org/2003/role/label" id="label_SoilImprovementCostEL">土壌改良費用</link:label>
    <link:labelArc xlink:type="arc" xlink:arcrole="http://www.xbrl.org/2003/arcrole/concept-label" xlink:from="SoilImprovementCostEL" xlink:to="label_SoilImprovementCostEL" />
    <link:label xlink:type="resource" xlink:label="label_SoilImprovementCostEL_2" xml:lang="ja" xlink:role="http://www.xbrl.org/2003/role/verboseLabel" id="label_SoilImprovementCostEL_2">土壌改良費用、特別損失</link:label>
    <link:labelArc xlink:type="arc" xlink:arcrole="http://www.xbrl.org/2003/arcrole/concept-label" xlink:from="SoilImprovementCostEL" xlink:to="label_SoilImprovementCostEL_2" />
    <link:label xlink:type="resource" xlink:label="label_PensionLiabilityAdjustmentOfForeignSubsidiariesNetOfTaxOCI" xml:lang="ja" xlink:role="http://www.xbrl.org/2003/role/label" id="label_PensionLiabilityAdjustmentOfForeignSubsidiariesNetOfTaxOCI">在外子会社年金債務調整額</link:label>
    <link:labelArc xlink:type="arc" xlink:arcrole="http://www.xbrl.org/2003/arcrole/concept-label" xlink:from="PensionLiabilityAdjustmentOfForeignSubsidiariesNetOfTaxOCI" xlink:to="label_PensionLiabilityAdjustmentOfForeignSubsidiariesNetOfTaxOCI" />
    <link:label xlink:type="resource" xlink:label="label_PensionLiabilityAdjustmentOfForeignSubsidiariesNetOfTaxOCI_2" xml:lang="ja" xlink:role="http://www.xbrl.org/2003/role/verboseLabel" id="label_PensionLiabilityAdjustmentOfForeignSubsidiariesNetOfTaxOCI_2">在外子会社年金債務調整額（税引後）、その他の包括利益</link:label>
    <link:labelArc xlink:type="arc" xlink:arcrole="http://www.xbrl.org/2003/arcrole/concept-label" xlink:from="PensionLiabilityAdjustmentOfForeignSubsidiariesNetOfTaxOCI" xlink:to="label_PensionLiabilityAdjustmentOfForeignSubsidiariesNetOfTaxOCI_2" />
  </link:labelLink>
</link:linkbase>