<?xml version="1.0" encoding="utf-8"?>
<link:linkbase xmlns:link="http://www.xbrl.org/2003/linkbase" xmlns:xsi="http://www.w3.org/2001/XMLSchema-instance" xmlns:xbrli="http://www.xbrl.org/2003/instance" xmlns:xlink="http://www.w3.org/1999/xlink">
  <link:labelLink xlink:type="extended" xlink:role="http://www.xbrl.org/2003/role/link">
    <link:loc xlink:type="locator" xlink:href="jpcrp040300-q3r-001_E02272-000_2014-12-31_01_2015-02-06.xsd#jpcrp040300-q3r_E02272-000_AdvancedRepaymentExpensesNOE" xlink:label="AdvancedRepaymentExpensesNOE" />
    <link:loc xlink:type="locator" xlink:href="jpcrp040300-q3r-001_E02272-000_2014-12-31_01_2015-02-06.xsd#jpcrp040300-q3r_E02272-000_PenaltyChargesEL" xlink:label="PenaltyChargesEL" />
    <link:loc xlink:type="locator" xlink:href="jpcrp040300-q3r-001_E02272-000_2014-12-31_01_2015-02-06.xsd#jpcrp040300-q3r_E02272-000_SoilImprovementCostEL" xlink:label="SoilImprovementCostEL" />
    <link:loc xlink:type="locator" xlink:href="jpcrp040300-q3r-001_E02272-000_2014-12-31_01_2015-02-06.xsd#jpcrp040300-q3r_E02272-000_PensionLiabilityAdjustmentOfForeignSubsidiariesNetOfTaxOCI" xlink:label="PensionLiabilityAdjustmentOfForeignSubsidiariesNetOfTaxOCI" />
    <link:loc xlink:type="locator" xlink:href="jpcrp040300-q3r-001_E02272-000_2014-12-31_01_2015-02-06.xsd#jpcrp040300-q3r_E02272-000_NotesRegardingAllowanceForDoubtfulAccountsTextBlock" xlink:label="NotesRegardingAllowanceForDoubtfulAccountsTextBlock" />
    <link:loc xlink:type="locator" xlink:href="jpcrp040300-q3r-001_E02272-000_2014-12-31_01_2015-02-06.xsd#jpcrp040300-q3r_E02272-000_NotesRegardingSettlementPackageTextBlock" xlink:label="NotesRegardingSettlementPackageTextBlock" />
    <link:loc xlink:type="locator" xlink:href="jpcrp040300-q3r-001_E02272-000_2014-12-31_01_2015-02-06.xsd#jpcrp040300-q3r_E02272-000_NotesRegardingProvisionForLossOnLitigationELTextBlock" xlink:label="NotesRegardingProvisionForLossOnLitigationELTextBlock" />
    <link:loc xlink:type="locator" xlink:href="jpcrp040300-q3r-001_E02272-000_2014-12-31_01_2015-02-06.xsd#jpcrp040300-q3r_E02272-000_NotesRegardingIncomeTaxesForPriorPeriodsTextBlock" xlink:label="NotesRegardingIncomeTaxesForPriorPeriodsTextBlock" />
    <link:loc xlink:type="locator" xlink:href="jpcrp040300-q3r-001_E02272-000_2014-12-31_01_2015-02-06.xsd#jpcrp040300-q3r_E02272-000_NotesRegardingDividendNATextBlock" xlink:label="NotesRegardingDividendNATextBlock" />
    <link:loc xlink:type="locator" xlink:href="jpcrp040300-q3r-001_E02272-000_2014-12-31_01_2015-02-06.xsd#jpcrp040300-q3r_E02272-000_InformationAboutImpairmentLossOfNonCurrentAssetsOrGoodwillEtcForEachReportableSegmentNATextBlock" xlink:label="InformationAboutImpairmentLossOfNonCurrentAssetsOrGoodwillEtcForEachReportableSegmentNATextBlock" />
    <link:loc xlink:type="locator" xlink:href="jpcrp040300-q3r-001_E02272-000_2014-12-31_01_2015-02-06.xsd#jpcrp040300-q3r_E02272-000_NotesForLossOnBusinessLiquidationTextBlock" xlink:label="NotesForLossOnBusinessLiquidationTextBlock" />
    <link:loc xlink:type="locator" xlink:href="jpcrp040300-q3r-001_E02272-000_2014-12-31_01_2015-02-06.xsd#jpcrp040300-q3r_E02272-000_PenaltyChargesTextBlock" xlink:label="PenaltyChargesTextBlock" />
    <link:loc xlink:type="locator" xlink:href="jpcrp040300-q3r-001_E02272-000_2014-12-31_01_2015-02-06.xsd#jpcrp040300-q3r_E02272-000_MedicalSystemsBusinessGroupMember" xlink:label="MedicalSystemsBusinessGroupMember" />
    <link:loc xlink:type="locator" xlink:href="jpcrp040300-q3r-001_E02272-000_2014-12-31_01_2015-02-06.xsd#jpcrp040300-q3r_E02272-000_ScientificSolutionsBusinessGroupReportableSegmentsMember" xlink:label="ScientificSolutionsBusinessGroupReportableSegmentsMember" />
    <link:loc xlink:type="locator" xlink:href="jpcrp040300-q3r-001_E02272-000_2014-12-31_01_2015-02-06.xsd#jpcrp040300-q3r_E02272-000_ImagingSystemsBusinessGroupReportableSegmentsMember" xlink:label="ImagingSystemsBusinessGroupReportableSegmentsMember" />
    <link:loc xlink:type="locator" xlink:href="jpcrp040300-q3r-001_E02272-000_2014-12-31_01_2015-02-06.xsd#jpcrp040300-q3r_E02272-000_NotesChangesInScopeOfConsolidationOrEquityMethodQuarterlyConsolidatedFinancialStatementsNATextBlock" xlink:label="NotesChangesInScopeOfConsolidationOrEquityMethodQuarterlyConsolidatedFinancialStatementsNATextBlock" />
    <link:label xlink:type="resource" xlink:label="label_NotesRegardingDividendNATextBlock" xml:lang="en" xlink:role="http://www.xbrl.org/2003/role/label" id="label_NotesRegardingDividendNATextBlock">Notes regarding dividend (N/A)</link:label>
    <link:labelArc xlink:type="arc" xlink:arcrole="http://www.xbrl.org/2003/arcrole/concept-label" xlink:from="NotesRegardingDividendNATextBlock" xlink:to="label_NotesRegardingDividendNATextBlock" />
    <link:label xlink:type="resource" xlink:label="label_NotesRegardingDividendNATextBlock_2" xml:lang="en" xlink:role="http://www.xbrl.org/2003/role/verboseLabel" id="label_NotesRegardingDividendNATextBlock_2">Notes regarding dividend (N/A) [text block]</link:label>
    <link:labelArc xlink:type="arc" xlink:arcrole="http://www.xbrl.org/2003/arcrole/concept-label" xlink:from="NotesRegardingDividendNATextBlock" xlink:to="label_NotesRegardingDividendNATextBlock_2" />
    <link:label xlink:type="resource" xlink:label="label_InformationAboutImpairmentLossOfNonCurrentAssetsOrGoodwillEtcForEachReportableSegmentNATextBlock" xml:lang="en" xlink:role="http://www.xbrl.org/2003/role/label" id="label_InformationAboutImpairmentLossOfNonCurrentAssetsOrGoodwillEtcForEachReportableSegmentNATextBlock">Information about impairment loss of non-current assets or goodwill, etc. for each reportable segment (N/A)</link:label>
    <link:labelArc xlink:type="arc" xlink:arcrole="http://www.xbrl.org/2003/arcrole/concept-label" xlink:from="InformationAboutImpairmentLossOfNonCurrentAssetsOrGoodwillEtcForEachReportableSegmentNATextBlock" xlink:to="label_InformationAboutImpairmentLossOfNonCurrentAssetsOrGoodwillEtcForEachReportableSegmentNATextBlock" />
    <link:label xlink:type="resource" xlink:label="label_InformationAboutImpairmentLossOfNonCurrentAssetsOrGoodwillEtcForEachReportableSegmentNATextBlock_2" xml:lang="en" xlink:role="http://www.xbrl.org/2003/role/verboseLabel" id="label_InformationAboutImpairmentLossOfNonCurrentAssetsOrGoodwillEtcForEachReportableSegmentNATextBlock_2">Information about impairment loss of non-current assets or goodwill, etc. for each reportable segment (N/A) [text block]</link:label>
    <link:labelArc xlink:type="arc" xlink:arcrole="http://www.xbrl.org/2003/arcrole/concept-label" xlink:from="InformationAboutImpairmentLossOfNonCurrentAssetsOrGoodwillEtcForEachReportableSegmentNATextBlock" xlink:to="label_InformationAboutImpairmentLossOfNonCurrentAssetsOrGoodwillEtcForEachReportableSegmentNATextBlock_2" />
    <link:label xlink:type="resource" xlink:label="label_NotesRegardingAllowanceForDoubtfulAccountsTextBlock" xml:lang="en" xlink:role="http://www.xbrl.org/2003/role/label" id="label_NotesRegardingAllowanceForDoubtfulAccountsTextBlock">Notes regarding allowance for doubtful accounts</link:label>
    <link:labelArc xlink:type="arc" xlink:arcrole="http://www.xbrl.org/2003/arcrole/concept-label" xlink:from="NotesRegardingAllowanceForDoubtfulAccountsTextBlock" xlink:to="label_NotesRegardingAllowanceForDoubtfulAccountsTextBlock" />
    <link:label xlink:type="resource" xlink:label="label_NotesRegardingAllowanceForDoubtfulAccountsTextBlock_2" xml:lang="en" xlink:role="http://www.xbrl.org/2003/role/verboseLabel" id="label_NotesRegardingAllowanceForDoubtfulAccountsTextBlock_2">Notes regarding allowance for doubtful accounts [text block]</link:label>
    <link:labelArc xlink:type="arc" xlink:arcrole="http://www.xbrl.org/2003/arcrole/concept-label" xlink:from="NotesRegardingAllowanceForDoubtfulAccountsTextBlock" xlink:to="label_NotesRegardingAllowanceForDoubtfulAccountsTextBlock_2" />
    <link:label xlink:type="resource" xlink:label="label_NotesRegardingSettlementPackageTextBlock" xml:lang="en" xlink:role="http://www.xbrl.org/2003/role/label" id="label_NotesRegardingSettlementPackageTextBlock">Notes regarding settlement package</link:label>
    <link:labelArc xlink:type="arc" xlink:arcrole="http://www.xbrl.org/2003/arcrole/concept-label" xlink:from="NotesRegardingSettlementPackageTextBlock" xlink:to="label_NotesRegardingSettlementPackageTextBlock" />
    <link:label xlink:type="resource" xlink:label="label_NotesRegardingSettlementPackageTextBlock_2" xml:lang="en" xlink:role="http://www.xbrl.org/2003/role/verboseLabel" id="label_NotesRegardingSettlementPackageTextBlock_2">Notes regarding settlement package [text block]</link:label>
    <link:labelArc xlink:type="arc" xlink:arcrole="http://www.xbrl.org/2003/arcrole/concept-label" xlink:from="NotesRegardingSettlementPackageTextBlock" xlink:to="label_NotesRegardingSettlementPackageTextBlock_2" />
    <link:label xlink:type="resource" xlink:label="label_NotesRegardingProvisionForLossOnLitigationELTextBlock" xml:lang="en" xlink:role="http://www.xbrl.org/2003/role/label" id="label_NotesRegardingProvisionForLossOnLitigationELTextBlock">Notes regarding provision for loss on litigation</link:label>
    <link:labelArc xlink:type="arc" xlink:arcrole="http://www.xbrl.org/2003/arcrole/concept-label" xlink:from="NotesRegardingProvisionForLossOnLitigationELTextBlock" xlink:to="label_NotesRegardingProvisionForLossOnLitigationELTextBlock" />
    <link:label xlink:type="resource" xlink:label="label_NotesRegardingProvisionForLossOnLitigationELTextBlock_2" xml:lang="en" xlink:role="http://www.xbrl.org/2003/role/verboseLabel" id="label_NotesRegardingProvisionForLossOnLitigationELTextBlock_2">Notes regarding provision for loss on litigation-EL [text block]</link:label>
    <link:labelArc xlink:type="arc" xlink:arcrole="http://www.xbrl.org/2003/arcrole/concept-label" xlink:from="NotesRegardingProvisionForLossOnLitigationELTextBlock" xlink:to="label_NotesRegardingProvisionForLossOnLitigationELTextBlock_2" />
    <link:label xlink:type="resource" xlink:label="label_NotesRegardingIncomeTaxesForPriorPeriodsTextBlock" xml:lang="en" xlink:role="http://www.xbrl.org/2003/role/label" id="label_NotesRegardingIncomeTaxesForPriorPeriodsTextBlock">Notes regarding income taxes for prior periods</link:label>
    <link:labelArc xlink:type="arc" xlink:arcrole="http://www.xbrl.org/2003/arcrole/concept-label" xlink:from="NotesRegardingIncomeTaxesForPriorPeriodsTextBlock" xlink:to="label_NotesRegardingIncomeTaxesForPriorPeriodsTextBlock" />
    <link:label xlink:type="resource" xlink:label="label_NotesRegardingIncomeTaxesForPriorPeriodsTextBlock_2" xml:lang="en" xlink:role="http://www.xbrl.org/2003/role/verboseLabel" id="label_NotesRegardingIncomeTaxesForPriorPeriodsTextBlock_2">Notes regarding income taxes for prior periods [text block]</link:label>
    <link:labelArc xlink:type="arc" xlink:arcrole="http://www.xbrl.org/2003/arcrole/concept-label" xlink:from="NotesRegardingIncomeTaxesForPriorPeriodsTextBlock" xlink:to="label_NotesRegardingIncomeTaxesForPriorPeriodsTextBlock_2" />
    <link:label xlink:type="resource" xlink:label="label_NotesForLossOnBusinessLiquidationTextBlock" xml:lang="en" xlink:role="http://www.xbrl.org/2003/role/label" id="label_NotesForLossOnBusinessLiquidationTextBlock">Notes for loss on business liquidation</link:label>
    <link:labelArc xlink:type="arc" xlink:arcrole="http://www.xbrl.org/2003/arcrole/concept-label" xlink:from="NotesForLossOnBusinessLiquidationTextBlock" xlink:to="label_NotesForLossOnBusinessLiquidationTextBlock" />
    <link:label xlink:type="resource" xlink:label="label_NotesForLossOnBusinessLiquidationTextBlock_2" xml:lang="en" xlink:role="http://www.xbrl.org/2003/role/verboseLabel" id="label_NotesForLossOnBusinessLiquidationTextBlock_2">Notes for loss on business liquidation[text block]</link:label>
    <link:labelArc xlink:type="arc" xlink:arcrole="http://www.xbrl.org/2003/arcrole/concept-label" xlink:from="NotesForLossOnBusinessLiquidationTextBlock" xlink:to="label_NotesForLossOnBusinessLiquidationTextBlock_2" />
    <link:label xlink:type="resource" xlink:label="label_PenaltyChargesTextBlock" xml:lang="en" xlink:role="http://www.xbrl.org/2003/role/label" id="label_PenaltyChargesTextBlock">Penalty charges</link:label>
    <link:labelArc xlink:type="arc" xlink:arcrole="http://www.xbrl.org/2003/arcrole/concept-label" xlink:from="PenaltyChargesTextBlock" xlink:to="label_PenaltyChargesTextBlock" />
    <link:label xlink:type="resource" xlink:label="label_PenaltyChargesTextBlock_2" xml:lang="en" xlink:role="http://www.xbrl.org/2003/role/verboseLabel" id="label_PenaltyChargesTextBlock_2">Penalty charges[text block]</link:label>
    <link:labelArc xlink:type="arc" xlink:arcrole="http://www.xbrl.org/2003/arcrole/concept-label" xlink:from="PenaltyChargesTextBlock" xlink:to="label_PenaltyChargesTextBlock_2" />
    <link:label xlink:type="resource" xlink:label="label_MedicalSystemsBusinessGroupMember" xml:lang="en" xlink:role="http://www.xbrl.org/2003/role/label" id="label_MedicalSystemsBusinessGroupMember">Medical Systems Business Group</link:label>
    <link:labelArc xlink:type="arc" xlink:arcrole="http://www.xbrl.org/2003/arcrole/concept-label" xlink:from="MedicalSystemsBusinessGroupMember" xlink:to="label_MedicalSystemsBusinessGroupMember" />
    <link:label xlink:type="resource" xlink:label="label_MedicalSystemsBusinessGroupMember_2" xml:lang="en" xlink:role="http://www.xbrl.org/2003/role/verboseLabel" id="label_MedicalSystemsBusinessGroupMember_2">Medical Systems Business Group[member]</link:label>
    <link:labelArc xlink:type="arc" xlink:arcrole="http://www.xbrl.org/2003/arcrole/concept-label" xlink:from="MedicalSystemsBusinessGroupMember" xlink:to="label_MedicalSystemsBusinessGroupMember_2" />
    <link:label xlink:type="resource" xlink:label="label_ScientificSolutionsBusinessGroupReportableSegmentsMember" xml:lang="en" xlink:role="http://www.xbrl.org/2003/role/label" id="label_ScientificSolutionsBusinessGroupReportableSegmentsMember">Scientific Solutions Business Group</link:label>
    <link:labelArc xlink:type="arc" xlink:arcrole="http://www.xbrl.org/2003/arcrole/concept-label" xlink:from="ScientificSolutionsBusinessGroupReportableSegmentsMember" xlink:to="label_ScientificSolutionsBusinessGroupReportableSegmentsMember" />
    <link:label xlink:type="resource" xlink:label="label_ScientificSolutionsBusinessGroupReportableSegmentsMember_2" xml:lang="en" xlink:role="http://www.xbrl.org/2003/role/verboseLabel" id="label_ScientificSolutionsBusinessGroupReportableSegmentsMember_2">Scientific Solutions Business Group, Reportable segments [member]</link:label>
    <link:labelArc xlink:type="arc" xlink:arcrole="http://www.xbrl.org/2003/arcrole/concept-label" xlink:from="ScientificSolutionsBusinessGroupReportableSegmentsMember" xlink:to="label_ScientificSolutionsBusinessGroupReportableSegmentsMember_2" />
    <link:label xlink:type="resource" xlink:label="label_ImagingSystemsBusinessGroupReportableSegmentsMember" xml:lang="en" xlink:role="http://www.xbrl.org/2003/role/label" id="label_ImagingSystemsBusinessGroupReportableSegmentsMember">Imaging Systems Business Group</link:label>
    <link:labelArc xlink:type="arc" xlink:arcrole="http://www.xbrl.org/2003/arcrole/concept-label" xlink:from="ImagingSystemsBusinessGroupReportableSegmentsMember" xlink:to="label_ImagingSystemsBusinessGroupReportableSegmentsMember" />
    <link:label xlink:type="resource" xlink:label="label_ImagingSystemsBusinessGroupReportableSegmentsMember_2" xml:lang="en" xlink:role="http://www.xbrl.org/2003/role/verboseLabel" id="label_ImagingSystemsBusinessGroupReportableSegmentsMember_2">Imaging Systems Business Group, Reportable segments [member]</link:label>
    <link:labelArc xlink:type="arc" xlink:arcrole="http://www.xbrl.org/2003/arcrole/concept-label" xlink:from="ImagingSystemsBusinessGroupReportableSegmentsMember" xlink:to="label_ImagingSystemsBusinessGroupReportableSegmentsMember_2" />
    <link:label xlink:type="resource" xlink:label="label_NotesChangesInScopeOfConsolidationOrEquityMethodQuarterlyConsolidatedFinancialStatementsNATextBlock" xml:lang="en" xlink:role="http://www.xbrl.org/2003/role/label" id="label_NotesChangesInScopeOfConsolidationOrEquityMethodQuarterlyConsolidatedFinancialStatementsNATextBlock">Notes - Changes in scope of consolidation or equity method (N/A)</link:label>
    <link:labelArc xlink:type="arc" xlink:arcrole="http://www.xbrl.org/2003/arcrole/concept-label" xlink:from="NotesChangesInScopeOfConsolidationOrEquityMethodQuarterlyConsolidatedFinancialStatementsNATextBlock" xlink:to="label_NotesChangesInScopeOfConsolidationOrEquityMethodQuarterlyConsolidatedFinancialStatementsNATextBlock" />
    <link:label xlink:type="resource" xlink:label="label_NotesChangesInScopeOfConsolidationOrEquityMethodQuarterlyConsolidatedFinancialStatementsNATextBlock_2" xml:lang="en" xlink:role="http://www.xbrl.org/2003/role/verboseLabel" id="label_NotesChangesInScopeOfConsolidationOrEquityMethodQuarterlyConsolidatedFinancialStatementsNATextBlock_2">Notes - Changes in scope of consolidation or equity method, Quarterly consolidated financial statements (N/A) [text block]</link:label>
    <link:labelArc xlink:type="arc" xlink:arcrole="http://www.xbrl.org/2003/arcrole/concept-label" xlink:from="NotesChangesInScopeOfConsolidationOrEquityMethodQuarterlyConsolidatedFinancialStatementsNATextBlock" xlink:to="label_NotesChangesInScopeOfConsolidationOrEquityMethodQuarterlyConsolidatedFinancialStatementsNATextBlock_2" />
    <link:label xlink:type="resource" xlink:label="label_AdvancedRepaymentExpensesNOE" xml:lang="en" xlink:role="http://www.xbrl.org/2003/role/label" id="label_AdvancedRepaymentExpensesNOE">Advanced repayment expenses</link:label>
    <link:labelArc xlink:type="arc" xlink:arcrole="http://www.xbrl.org/2003/arcrole/concept-label" xlink:from="AdvancedRepaymentExpensesNOE" xlink:to="label_AdvancedRepaymentExpensesNOE" />
    <link:label xlink:type="resource" xlink:label="label_AdvancedRepaymentExpensesNOE_2" xml:lang="en" xlink:role="http://www.xbrl.org/2003/role/verboseLabel" id="label_AdvancedRepaymentExpensesNOE_2">Advanced repayment expenses-NOE</link:label>
    <link:labelArc xlink:type="arc" xlink:arcrole="http://www.xbrl.org/2003/arcrole/concept-label" xlink:from="AdvancedRepaymentExpensesNOE" xlink:to="label_AdvancedRepaymentExpensesNOE_2" />
    <link:label xlink:type="resource" xlink:label="label_PenaltyChargesEL" xml:lang="en" xlink:role="http://www.xbrl.org/2003/role/label" id="label_PenaltyChargesEL">Penalty charges</link:label>
    <link:labelArc xlink:type="arc" xlink:arcrole="http://www.xbrl.org/2003/arcrole/concept-label" xlink:from="PenaltyChargesEL" xlink:to="label_PenaltyChargesEL" />
    <link:label xlink:type="resource" xlink:label="label_PenaltyChargesEL_2" xml:lang="en" xlink:role="http://www.xbrl.org/2003/role/verboseLabel" id="label_PenaltyChargesEL_2">Penalty charges-EL</link:label>
    <link:labelArc xlink:type="arc" xlink:arcrole="http://www.xbrl.org/2003/arcrole/concept-label" xlink:from="PenaltyChargesEL" xlink:to="label_PenaltyChargesEL_2" />
    <link:label xlink:type="resource" xlink:label="label_SoilImprovementCostEL" xml:lang="en" xlink:role="http://www.xbrl.org/2003/role/label" id="label_SoilImprovementCostEL">Soil Improvement Cost</link:label>
    <link:labelArc xlink:type="arc" xlink:arcrole="http://www.xbrl.org/2003/arcrole/concept-label" xlink:from="SoilImprovementCostEL" xlink:to="label_SoilImprovementCostEL" />
    <link:label xlink:type="resource" xlink:label="label_SoilImprovementCostEL_2" xml:lang="en" xlink:role="http://www.xbrl.org/2003/role/verboseLabel" id="label_SoilImprovementCostEL_2">Soil Improvement Cost-EL</link:label>
    <link:labelArc xlink:type="arc" xlink:arcrole="http://www.xbrl.org/2003/arcrole/concept-label" xlink:from="SoilImprovementCostEL" xlink:to="label_SoilImprovementCostEL_2" />
    <link:label xlink:type="resource" xlink:label="label_PensionLiabilityAdjustmentOfForeignSubsidiariesNetOfTaxOCI" xml:lang="en" xlink:role="http://www.xbrl.org/2003/role/label" id="label_PensionLiabilityAdjustmentOfForeignSubsidiariesNetOfTaxOCI">Pension liability adjustment of foreign subsidiaries</link:label>
    <link:labelArc xlink:type="arc" xlink:arcrole="http://www.xbrl.org/2003/arcrole/concept-label" xlink:from="PensionLiabilityAdjustmentOfForeignSubsidiariesNetOfTaxOCI" xlink:to="label_PensionLiabilityAdjustmentOfForeignSubsidiariesNetOfTaxOCI" />
    <link:label xlink:type="resource" xlink:label="label_PensionLiabilityAdjustmentOfForeignSubsidiariesNetOfTaxOCI_2" xml:lang="en" xlink:role="http://www.xbrl.org/2003/role/verboseLabel" id="label_PensionLiabilityAdjustmentOfForeignSubsidiariesNetOfTaxOCI_2">Pension liability adjustment of foreign subsidiaries, net of tax-OCI</link:label>
    <link:labelArc xlink:type="arc" xlink:arcrole="http://www.xbrl.org/2003/arcrole/concept-label" xlink:from="PensionLiabilityAdjustmentOfForeignSubsidiariesNetOfTaxOCI" xlink:to="label_PensionLiabilityAdjustmentOfForeignSubsidiariesNetOfTaxOCI_2" />
  </link:labelLink>
</link:linkbase>