<?xml version="1.0" encoding="utf-8"?>
<manifest xmlns="http://disclosure.edinet-fsa.go.jp/2013/manifest">
<tocComposition>
<title xml:lang="ja">監査報告書</title>
<title xml:lang="en">Audit Document</title>
<item in="presentation" ref="jpaud" extrole="http://disclosure.edinet-fsa.go.jp/role/jpcrp/rol_IndependentAuditorsReport" />
</tocComposition>
<list>
<instance id="jpaud" type="AuditDoc" preferredFilename="jpaud-qrr-cc-001_E02272-000_2014-12-31_01_2015-02-06.xbrl">
<ixbrl>jpaud-qrr-cc-001_E02272-000_2014-12-31_01_2015-02-06_ixbrl.htm</ixbrl>
</instance>
</list>
</manifest>