﻿<?xml version="1.0" encoding="utf-8"?>
<!-- Edited with XiRUTE .NET Library 01-04 -->
<link:linkbase xmlns:xlink="http://www.w3.org/1999/xlink" xmlns:xsi="http://www.w3.org/2001/XMLSchema-instance" xmlns:link="http://www.xbrl.org/2003/linkbase">
  <link:roleRef xlink:type="simple" xlink:href="http://info.edinet-fsa.go.jp/jp/fr/gaap/o/rt/2011-03-14/jpfr-rt-2011-03-14.xsd#RoleConsolidatedBalanceSheets" roleURI="http://info.edinet-fsa.go.jp/jp/fr/gaap/role/ConsolidatedBalanceSheets" />
  <link:roleRef xlink:type="simple" xlink:href="http://info.edinet-fsa.go.jp/jp/fr/gaap/o/rt/2011-03-14/jpfr-rt-2011-03-14.xsd#RoleConsolidatedStatementsOfCashFlowsIndirect" roleURI="http://info.edinet-fsa.go.jp/jp/fr/gaap/role/ConsolidatedStatementsOfCashFlowsIndirect" />
  <link:roleRef xlink:type="simple" xlink:href="http://info.edinet-fsa.go.jp/jp/fr/gaap/o/rt/2011-03-14/jpfr-rt-2011-03-14.xsd#RoleConsolidatedStatementsOfChangesInNetAssets" roleURI="http://info.edinet-fsa.go.jp/jp/fr/gaap/role/ConsolidatedStatementsOfChangesInNetAssets" />
  <link:roleRef xlink:type="simple" xlink:href="http://info.edinet-fsa.go.jp/jp/fr/gaap/o/rt/2011-03-14/jpfr-rt-2011-03-14.xsd#RoleConsolidatedStatementsOfChangesInNetAssets2" roleURI="http://info.edinet-fsa.go.jp/jp/fr/gaap/role/ConsolidatedStatementsOfChangesInNetAssets2" />
  <link:roleRef xlink:type="simple" xlink:href="http://info.edinet-fsa.go.jp/jp/fr/gaap/o/rt/2011-03-14/jpfr-rt-2011-03-14.xsd#RoleConsolidatedStatementsOfComprehensiveIncome" roleURI="http://info.edinet-fsa.go.jp/jp/fr/gaap/role/ConsolidatedStatementsOfComprehensiveIncome" />
  <link:roleRef xlink:type="simple" xlink:href="http://info.edinet-fsa.go.jp/jp/fr/gaap/o/rt/2011-03-14/jpfr-rt-2011-03-14.xsd#RoleConsolidatedStatementsOfIncome" roleURI="http://info.edinet-fsa.go.jp/jp/fr/gaap/role/ConsolidatedStatementsOfIncome" />
  <link:roleRef xlink:type="simple" xlink:href="http://info.edinet-fsa.go.jp/jp/fr/gaap/o/rt/2011-03-14/jpfr-rt-2011-03-14.xsd#RoleNonConsolidatedBalanceSheets" roleURI="http://info.edinet-fsa.go.jp/jp/fr/gaap/role/NonConsolidatedBalanceSheets" />
  <link:roleRef xlink:type="simple" xlink:href="http://info.edinet-fsa.go.jp/jp/fr/gaap/o/rt/2011-03-14/jpfr-rt-2011-03-14.xsd#RoleNonConsolidatedStatementsOfChangesInNetAssets" roleURI="http://info.edinet-fsa.go.jp/jp/fr/gaap/role/NonConsolidatedStatementsOfChangesInNetAssets" />
  <link:roleRef xlink:type="simple" xlink:href="http://info.edinet-fsa.go.jp/jp/fr/gaap/o/rt/2011-03-14/jpfr-rt-2011-03-14.xsd#RoleNonConsolidatedStatementsOfChangesInNetAssets2" roleURI="http://info.edinet-fsa.go.jp/jp/fr/gaap/role/NonConsolidatedStatementsOfChangesInNetAssets2" />
  <link:roleRef xlink:type="simple" xlink:href="http://info.edinet-fsa.go.jp/jp/fr/gaap/o/rt/2011-03-14/jpfr-rt-2011-03-14.xsd#RoleNonConsolidatedStatementsOfIncome" roleURI="http://info.edinet-fsa.go.jp/jp/fr/gaap/role/NonConsolidatedStatementsOfIncome" />
  <link:calculationLink xlink:type="extended" xlink:role="http://info.edinet-fsa.go.jp/jp/fr/gaap/role/NonConsolidatedStatementsOfChangesInNetAssets2">
    <link:loc xlink:type="locator" xlink:href="http://info.edinet-fsa.go.jp/jp/fr/gaap/t/cte/2011-03-14/jpfr-t-cte-2011-03-14.xsd#jpfr-t-cte_TotalChangesOfItemsDuringThePeriodGeneralReserve" xlink:label="jpfr-t-cte_TotalChangesOfItemsDuringThePeriodGeneralReserve" />
    <link:loc xlink:type="locator" xlink:href="http://info.edinet-fsa.go.jp/jp/fr/gaap/t/cte/2011-03-14/jpfr-t-cte-2011-03-14.xsd#jpfr-t-cte_PurchaseOfTreasuryStockNA" xlink:label="jpfr-t-cte_PurchaseOfTreasuryStockNA" />
    <link:loc xlink:type="locator" xlink:href="http://info.edinet-fsa.go.jp/jp/fr/gaap/t/cte/2011-03-14/jpfr-t-cte-2011-03-14.xsd#jpfr-t-cte_ReversalOfReserveForAdvancedDepreciationOfNoncurrentAssetsRE" xlink:label="jpfr-t-cte_ReversalOfReserveForAdvancedDepreciationOfNoncurrentAssetsRE" />
    <link:loc xlink:type="locator" xlink:href="http://info.edinet-fsa.go.jp/jp/fr/gaap/t/cte/2011-03-14/jpfr-t-cte-2011-03-14.xsd#jpfr-t-cte_TotalChangesOfItemsDuringThePeriodReserveForAdvancedDepreciationOfNoncurrentAssets" xlink:label="jpfr-t-cte_TotalChangesOfItemsDuringThePeriodReserveForAdvancedDepreciationOfNoncurrentAssets" />
    <link:loc xlink:type="locator" xlink:href="http://info.edinet-fsa.go.jp/jp/fr/gaap/t/cte/2011-03-14/jpfr-t-cte-2011-03-14.xsd#jpfr-t-cte_ReversalOfReserveForAdvancedDepreciationOfNoncurrentAssetsReserveForAdvancedDepreciationOfNoncurrentAssets" xlink:label="jpfr-t-cte_ReversalOfReserveForAdvancedDepreciationOfNoncurrentAssetsReserveForAdvancedDepreciationOfNoncurrentAssets" />
    <link:loc xlink:type="locator" xlink:href="http://info.edinet-fsa.go.jp/jp/fr/gaap/t/cte/2011-03-14/jpfr-t-cte-2011-03-14.xsd#jpfr-t-cte_PurchaseOfTreasuryStockSE" xlink:label="jpfr-t-cte_PurchaseOfTreasuryStockSE" />
    <link:loc xlink:type="locator" xlink:href="http://info.edinet-fsa.go.jp/jp/fr/gaap/t/cte/2011-03-14/jpfr-t-cte-2011-03-14.xsd#jpfr-t-cte_ReversalOfReserveForAdvancedDepreciationOfNoncurrentAssetsREBF" xlink:label="jpfr-t-cte_ReversalOfReserveForAdvancedDepreciationOfNoncurrentAssetsREBF" />
    <link:loc xlink:type="locator" xlink:href="http://info.edinet-fsa.go.jp/jp/fr/gaap/t/cte/2011-03-14/jpfr-t-cte-2011-03-14.xsd#jpfr-t-cte_PurchaseOfTreasuryStockTS" xlink:label="jpfr-t-cte_PurchaseOfTreasuryStockTS" />
    <link:loc xlink:type="locator" xlink:href="http://info.edinet-fsa.go.jp/jp/fr/gaap/t/cte/2011-03-14/jpfr-t-cte-2011-03-14.xsd#jpfr-t-cte_TotalChangesOfItemsDuringThePeriodReserveForDividends3" xlink:label="jpfr-t-cte_TotalChangesOfItemsDuringThePeriodReserveForDividends3" />
    <link:loc xlink:type="locator" xlink:href="http://info.edinet-fsa.go.jp/jp/fr/gaap/t/cte/2011-03-14/jpfr-t-cte-2011-03-14.xsd#jpfr-t-cte_TotalChangesOfItemsDuringThePeriodRE" xlink:label="jpfr-t-cte_TotalChangesOfItemsDuringThePeriodRE" />
    <link:calculationArc xlink:type="arc" xlink:from="jpfr-t-cte_ReversalOfReserveForAdvancedDepreciationOfNoncurrentAssetsRE" xlink:to="jpfr-t-cte_ReversalOfReserveForAdvancedDepreciationOfNoncurrentAssetsREBF" xlink:arcrole="http://www.xbrl.org/2003/arcrole/summation-item" order="2" weight="1" />
    <link:calculationArc xlink:type="arc" xlink:from="jpfr-t-cte_TotalChangesOfItemsDuringThePeriodRE" xlink:to="jpfr-t-cte_TotalChangesOfItemsDuringThePeriodReserveForDividends3" xlink:arcrole="http://www.xbrl.org/2003/arcrole/summation-item" order="0.5" weight="1" />
    <link:calculationArc xlink:type="arc" xlink:from="jpfr-t-cte_ReversalOfReserveForAdvancedDepreciationOfNoncurrentAssetsRE" xlink:to="jpfr-t-cte_ReversalOfReserveForAdvancedDepreciationOfNoncurrentAssetsReserveForAdvancedDepreciationOfNoncurrentAssets" xlink:arcrole="http://www.xbrl.org/2003/arcrole/summation-item" order="1" weight="1" />
    <link:calculationArc xlink:type="arc" xlink:from="jpfr-t-cte_PurchaseOfTreasuryStockNA" xlink:to="jpfr-t-cte_PurchaseOfTreasuryStockSE" xlink:arcrole="http://www.xbrl.org/2003/arcrole/summation-item" order="1" weight="1" />
    <link:calculationArc xlink:type="arc" xlink:from="jpfr-t-cte_TotalChangesOfItemsDuringThePeriodRE" xlink:to="jpfr-t-cte_TotalChangesOfItemsDuringThePeriodGeneralReserve" xlink:arcrole="http://www.xbrl.org/2003/arcrole/summation-item" order="0.875" weight="1" />
    <link:calculationArc xlink:type="arc" xlink:from="jpfr-t-cte_TotalChangesOfItemsDuringThePeriodRE" xlink:to="jpfr-t-cte_TotalChangesOfItemsDuringThePeriodReserveForAdvancedDepreciationOfNoncurrentAssets" xlink:arcrole="http://www.xbrl.org/2003/arcrole/summation-item" order="0.75" weight="1" />
    <link:calculationArc xlink:type="arc" xlink:from="jpfr-t-cte_PurchaseOfTreasuryStockSE" xlink:to="jpfr-t-cte_PurchaseOfTreasuryStockTS" xlink:arcrole="http://www.xbrl.org/2003/arcrole/summation-item" order="1" weight="1" />
  </link:calculationLink>
  <link:calculationLink xlink:type="extended" xlink:role="http://info.edinet-fsa.go.jp/jp/fr/gaap/role/ConsolidatedStatementsOfChangesInNetAssets">
    <link:loc xlink:type="locator" xlink:href="http://info.edinet-fsa.go.jp/jp/fr/gaap/t/cte/2011-03-14/jpfr-t-cte-2011-03-14.xsd#jpfr-t-cte_PurchaseOfTreasuryStockNA" xlink:label="jpfr-t-cte_PurchaseOfTreasuryStockNA" />
    <link:loc xlink:type="locator" xlink:href="http://info.edinet-fsa.go.jp/jp/fr/gaap/t/cte/2011-03-14/jpfr-t-cte-2011-03-14.xsd#jpfr-t-cte_TotalChangesOfItemsDuringThePeriodNA" xlink:label="jpfr-t-cte_TotalChangesOfItemsDuringThePeriodNA" />
    <link:loc xlink:type="locator" xlink:href="http://info.edinet-fsa.go.jp/jp/fr/gaap/t/cte/2011-03-14/jpfr-t-cte-2011-03-14.xsd#jpfr-t-cte_PurchaseOfTreasuryStockSE" xlink:label="jpfr-t-cte_PurchaseOfTreasuryStockSE" />
    <link:loc xlink:type="locator" xlink:href="http://info.edinet-fsa.go.jp/jp/fr/gaap/t/cte/2011-03-14/jpfr-t-cte-2011-03-14.xsd#jpfr-t-cte_PurchaseOfTreasuryStockTS" xlink:label="jpfr-t-cte_PurchaseOfTreasuryStockTS" />
    <link:loc xlink:type="locator" xlink:href="http://info.edinet-fsa.go.jp/jp/fr/gaap/t/cte/2011-03-14/jpfr-t-cte-2011-03-14.xsd#jpfr-t-cte_TotalChangesOfItemsDuringThePeriodSE" xlink:label="jpfr-t-cte_TotalChangesOfItemsDuringThePeriodSE" />
    <link:loc xlink:type="locator" xlink:href="http://info.edinet-fsa.go.jp/jp/fr/gaap/t/cte/2011-03-14/jpfr-t-cte-2011-03-14.xsd#jpfr-t-cte_TotalChangesOfItemsDuringThePeriodTS" xlink:label="jpfr-t-cte_TotalChangesOfItemsDuringThePeriodTS" />
    <link:calculationArc xlink:type="arc" xlink:from="jpfr-t-cte_TotalChangesOfItemsDuringThePeriodNA" xlink:to="jpfr-t-cte_PurchaseOfTreasuryStockNA" xlink:arcrole="http://www.xbrl.org/2003/arcrole/summation-item" order="3.5" weight="1" />
    <link:calculationArc xlink:type="arc" xlink:from="jpfr-t-cte_TotalChangesOfItemsDuringThePeriodSE" xlink:to="jpfr-t-cte_PurchaseOfTreasuryStockSE" xlink:arcrole="http://www.xbrl.org/2003/arcrole/summation-item" order="3.5" weight="1" />
    <link:calculationArc xlink:type="arc" xlink:from="jpfr-t-cte_TotalChangesOfItemsDuringThePeriodTS" xlink:to="jpfr-t-cte_PurchaseOfTreasuryStockTS" xlink:arcrole="http://www.xbrl.org/2003/arcrole/summation-item" order="0.5" weight="1" />
  </link:calculationLink>
  <link:calculationLink xlink:type="extended" xlink:role="http://info.edinet-fsa.go.jp/jp/fr/gaap/role/NonConsolidatedStatementsOfChangesInNetAssets">
    <link:loc xlink:type="locator" xlink:href="http://info.edinet-fsa.go.jp/jp/fr/gaap/t/cte/2011-03-14/jpfr-t-cte-2011-03-14.xsd#jpfr-t-cte_PurchaseOfTreasuryStockTS" xlink:label="jpfr-t-cte_PurchaseOfTreasuryStockTS" />
    <link:loc xlink:type="locator" xlink:href="http://info.edinet-fsa.go.jp/jp/fr/gaap/t/cte/2011-03-14/jpfr-t-cte-2011-03-14.xsd#jpfr-t-cte_TotalChangesOfItemsDuringThePeriodREBF" xlink:label="jpfr-t-cte_TotalChangesOfItemsDuringThePeriodREBF" />
    <link:loc xlink:type="locator" xlink:href="http://info.edinet-fsa.go.jp/jp/fr/gaap/t/cte/2011-03-14/jpfr-t-cte-2011-03-14.xsd#jpfr-t-cte_PurchaseOfTreasuryStockNA" xlink:label="jpfr-t-cte_PurchaseOfTreasuryStockNA" />
    <link:loc xlink:type="locator" xlink:href="http://info.edinet-fsa.go.jp/jp/fr/gaap/t/cte/2011-03-14/jpfr-t-cte-2011-03-14.xsd#jpfr-t-cte_ReversalOfReserveForAdvancedDepreciationOfNoncurrentAssetsREBF" xlink:label="jpfr-t-cte_ReversalOfReserveForAdvancedDepreciationOfNoncurrentAssetsREBF" />
    <link:loc xlink:type="locator" xlink:href="http://info.edinet-fsa.go.jp/jp/fr/gaap/t/cte/2011-03-14/jpfr-t-cte-2011-03-14.xsd#jpfr-t-cte_ReversalOfReserveForAdvancedDepreciationOfNoncurrentAssetsRE" xlink:label="jpfr-t-cte_ReversalOfReserveForAdvancedDepreciationOfNoncurrentAssetsRE" />
    <link:loc xlink:type="locator" xlink:href="http://info.edinet-fsa.go.jp/jp/fr/gaap/t/cte/2011-03-14/jpfr-t-cte-2011-03-14.xsd#jpfr-t-cte_TotalChangesOfItemsDuringThePeriodNA" xlink:label="jpfr-t-cte_TotalChangesOfItemsDuringThePeriodNA" />
    <link:loc xlink:type="locator" xlink:href="http://info.edinet-fsa.go.jp/jp/fr/gaap/t/cte/2011-03-14/jpfr-t-cte-2011-03-14.xsd#jpfr-t-cte_ReversalOfReserveForAdvancedDepreciationOfNoncurrentAssetsReserveForAdvancedDepreciationOfNoncurrentAssets" xlink:label="jpfr-t-cte_ReversalOfReserveForAdvancedDepreciationOfNoncurrentAssetsReserveForAdvancedDepreciationOfNoncurrentAssets" />
    <link:loc xlink:type="locator" xlink:href="http://info.edinet-fsa.go.jp/jp/fr/gaap/t/cte/2011-03-14/jpfr-t-cte-2011-03-14.xsd#jpfr-t-cte_PurchaseOfTreasuryStockSE" xlink:label="jpfr-t-cte_PurchaseOfTreasuryStockSE" />
    <link:loc xlink:type="locator" xlink:href="http://info.edinet-fsa.go.jp/jp/fr/gaap/t/cte/2011-03-14/jpfr-t-cte-2011-03-14.xsd#jpfr-t-cte_TotalChangesOfItemsDuringThePeriodReserveForAdvancedDepreciationOfNoncurrentAssets" xlink:label="jpfr-t-cte_TotalChangesOfItemsDuringThePeriodReserveForAdvancedDepreciationOfNoncurrentAssets" />
    <link:loc xlink:type="locator" xlink:href="http://info.edinet-fsa.go.jp/jp/fr/gaap/t/cte/2011-03-14/jpfr-t-cte-2011-03-14.xsd#jpfr-t-cte_TotalChangesOfItemsDuringThePeriodSE" xlink:label="jpfr-t-cte_TotalChangesOfItemsDuringThePeriodSE" />
    <link:loc xlink:type="locator" xlink:href="http://info.edinet-fsa.go.jp/jp/fr/gaap/t/cte/2011-03-14/jpfr-t-cte-2011-03-14.xsd#jpfr-t-cte_TotalChangesOfItemsDuringThePeriodTS" xlink:label="jpfr-t-cte_TotalChangesOfItemsDuringThePeriodTS" />
    <link:loc xlink:type="locator" xlink:href="http://info.edinet-fsa.go.jp/jp/fr/gaap/t/cte/2011-03-14/jpfr-t-cte-2011-03-14.xsd#jpfr-t-cte_TotalChangesOfItemsDuringThePeriodRE" xlink:label="jpfr-t-cte_TotalChangesOfItemsDuringThePeriodRE" />
    <link:calculationArc xlink:type="arc" xlink:from="jpfr-t-cte_TotalChangesOfItemsDuringThePeriodNA" xlink:to="jpfr-t-cte_PurchaseOfTreasuryStockNA" xlink:arcrole="http://www.xbrl.org/2003/arcrole/summation-item" order="3.5" weight="1" />
    <link:calculationArc xlink:type="arc" xlink:from="jpfr-t-cte_TotalChangesOfItemsDuringThePeriodRE" xlink:to="jpfr-t-cte_ReversalOfReserveForAdvancedDepreciationOfNoncurrentAssetsRE" xlink:arcrole="http://www.xbrl.org/2003/arcrole/summation-item" order="3" weight="1" />
    <link:calculationArc xlink:type="arc" xlink:from="jpfr-t-cte_TotalChangesOfItemsDuringThePeriodSE" xlink:to="jpfr-t-cte_PurchaseOfTreasuryStockSE" xlink:arcrole="http://www.xbrl.org/2003/arcrole/summation-item" order="3.5" weight="1" />
    <link:calculationArc xlink:type="arc" xlink:from="jpfr-t-cte_TotalChangesOfItemsDuringThePeriodReserveForAdvancedDepreciationOfNoncurrentAssets" xlink:to="jpfr-t-cte_ReversalOfReserveForAdvancedDepreciationOfNoncurrentAssetsReserveForAdvancedDepreciationOfNoncurrentAssets" xlink:arcrole="http://www.xbrl.org/2003/arcrole/summation-item" order="1" weight="1" />
    <link:calculationArc xlink:type="arc" xlink:from="jpfr-t-cte_TotalChangesOfItemsDuringThePeriodREBF" xlink:to="jpfr-t-cte_ReversalOfReserveForAdvancedDepreciationOfNoncurrentAssetsREBF" xlink:arcrole="http://www.xbrl.org/2003/arcrole/summation-item" order="3" weight="1" />
    <link:calculationArc xlink:type="arc" xlink:from="jpfr-t-cte_TotalChangesOfItemsDuringThePeriodTS" xlink:to="jpfr-t-cte_PurchaseOfTreasuryStockTS" xlink:arcrole="http://www.xbrl.org/2003/arcrole/summation-item" order="0.5" weight="1" />
  </link:calculationLink>
  <link:calculationLink xlink:type="extended" xlink:role="http://info.edinet-fsa.go.jp/jp/fr/gaap/role/NonConsolidatedStatementsOfIncome">
    <link:loc xlink:type="locator" xlink:href="http://info.edinet-fsa.go.jp/jp/fr/gaap/t/cte/2011-03-14/jpfr-t-cte-2011-03-14.xsd#jpfr-t-cte_ExtraordinaryLoss" xlink:label="jpfr-t-cte_ExtraordinaryLoss" />
    <link:loc xlink:type="locator" xlink:href="jpfr-asr-E00097-000-2011-03-31-01-2011-06-28.xsd#jpfr-asr-E00097-000_BonusesAndProvisionForBonusesSGA" xlink:label="jpfr-asr-E00097-000_BonusesAndProvisionForBonusesSGA" />
    <link:loc xlink:type="locator" xlink:href="http://info.edinet-fsa.go.jp/jp/fr/gaap/t/cte/2011-03-14/jpfr-t-cte-2011-03-14.xsd#jpfr-t-cte_GainOnBadDebtsRecoveredEI" xlink:label="jpfr-t-cte_GainOnBadDebtsRecoveredEI" />
    <link:loc xlink:type="locator" xlink:href="http://info.edinet-fsa.go.jp/jp/fr/gaap/t/cte/2011-03-14/jpfr-t-cte-2011-03-14.xsd#jpfr-t-cte_ReversalOfAllowanceForDoubtfulAccountsEI" xlink:label="jpfr-t-cte_ReversalOfAllowanceForDoubtfulAccountsEI" />
    <link:loc xlink:type="locator" xlink:href="http://info.edinet-fsa.go.jp/jp/fr/gaap/t/cte/2011-03-14/jpfr-t-cte-2011-03-14.xsd#jpfr-t-cte_FiduciaryObligationFeeNOI" xlink:label="jpfr-t-cte_FiduciaryObligationFeeNOI" />
    <link:loc xlink:type="locator" xlink:href="http://info.edinet-fsa.go.jp/jp/fr/gaap/t/cte/2011-03-14/jpfr-t-cte-2011-03-14.xsd#jpfr-t-cte_LossOnRetirementOfNoncurrentAssetsEL" xlink:label="jpfr-t-cte_LossOnRetirementOfNoncurrentAssetsEL" />
    <link:loc xlink:type="locator" xlink:href="jpfr-asr-E00097-000-2011-03-31-01-2011-06-28.xsd#jpfr-asr-E00097-000_APatentEnforcementIncomeNOI" xlink:label="jpfr-asr-E00097-000_APatentEnforcementIncomeNOI" />
    <link:loc xlink:type="locator" xlink:href="http://info.edinet-fsa.go.jp/jp/fr/gaap/t/cte/2011-03-14/jpfr-t-cte-2011-03-14.xsd#jpfr-t-cte_LossOnValuationOfInvestmentSecuritiesEL" xlink:label="jpfr-t-cte_LossOnValuationOfInvestmentSecuritiesEL" />
    <link:loc xlink:type="locator" xlink:href="http://info.edinet-fsa.go.jp/jp/fr/gaap/t/cte/2011-03-14/jpfr-t-cte-2011-03-14.xsd#jpfr-t-cte_NonOperatingIncome" xlink:label="jpfr-t-cte_NonOperatingIncome" />
    <link:loc xlink:type="locator" xlink:href="http://info.edinet-fsa.go.jp/jp/fr/gaap/t/cte/2011-03-14/jpfr-t-cte-2011-03-14.xsd#jpfr-t-cte_RentIncomeNOI" xlink:label="jpfr-t-cte_RentIncomeNOI" />
    <link:loc xlink:type="locator" xlink:href="http://info.edinet-fsa.go.jp/jp/fr/gaap/t/cte/2011-03-14/jpfr-t-cte-2011-03-14.xsd#jpfr-t-cte_SellingGeneralAndAdministrativeExpenses" xlink:label="jpfr-t-cte_SellingGeneralAndAdministrativeExpenses" />
    <link:loc xlink:type="locator" xlink:href="http://info.edinet-fsa.go.jp/jp/fr/gaap/t/cte/2011-03-14/jpfr-t-cte-2011-03-14.xsd#jpfr-t-cte_CompensationForDamageEL" xlink:label="jpfr-t-cte_CompensationForDamageEL" />
    <link:loc xlink:type="locator" xlink:href="jpfr-asr-E00097-000-2011-03-31-01-2011-06-28.xsd#jpfr-asr-E00097-000_SpecialRetirementAllowancesEL" xlink:label="jpfr-asr-E00097-000_SpecialRetirementAllowancesEL" />
    <link:loc xlink:type="locator" xlink:href="http://info.edinet-fsa.go.jp/jp/fr/gaap/t/cte/2011-03-14/jpfr-t-cte-2011-03-14.xsd#jpfr-t-cte_GuaranteeCommissionNOE" xlink:label="jpfr-t-cte_GuaranteeCommissionNOE" />
    <link:loc xlink:type="locator" xlink:href="http://info.edinet-fsa.go.jp/jp/fr/gaap/t/cte/2011-03-14/jpfr-t-cte-2011-03-14.xsd#jpfr-t-cte_GainOnSalesOfNoncurrentAssetsEI" xlink:label="jpfr-t-cte_GainOnSalesOfNoncurrentAssetsEI" />
    <link:loc xlink:type="locator" xlink:href="http://info.edinet-fsa.go.jp/jp/fr/gaap/t/cte/2011-03-14/jpfr-t-cte-2011-03-14.xsd#jpfr-t-cte_GainOnSalesOfInvestmentSecuritiesEI" xlink:label="jpfr-t-cte_GainOnSalesOfInvestmentSecuritiesEI" />
    <link:loc xlink:type="locator" xlink:href="http://info.edinet-fsa.go.jp/jp/fr/gaap/t/cte/2011-03-14/jpfr-t-cte-2011-03-14.xsd#jpfr-t-cte_ExtraordinaryIncome" xlink:label="jpfr-t-cte_ExtraordinaryIncome" />
    <link:loc xlink:type="locator" xlink:href="jpfr-asr-E00097-000-2011-03-31-01-2011-06-28.xsd#jpfr-asr-E00097-000_OfficeTaxesAndOtherSGA" xlink:label="jpfr-asr-E00097-000_OfficeTaxesAndOtherSGA" />
    <link:loc xlink:type="locator" xlink:href="http://info.edinet-fsa.go.jp/jp/fr/gaap/t/cte/2011-03-14/jpfr-t-cte-2011-03-14.xsd#jpfr-t-cte_CompensationForTransferEI" xlink:label="jpfr-t-cte_CompensationForTransferEI" />
    <link:loc xlink:type="locator" xlink:href="http://info.edinet-fsa.go.jp/jp/fr/gaap/t/cte/2011-03-14/jpfr-t-cte-2011-03-14.xsd#jpfr-t-cte_BusinessConsignmentExpensesSGA" xlink:label="jpfr-t-cte_BusinessConsignmentExpensesSGA" />
    <link:loc xlink:type="locator" xlink:href="http://info.edinet-fsa.go.jp/jp/fr/gaap/t/cte/2011-03-14/jpfr-t-cte-2011-03-14.xsd#jpfr-t-cte_ProvisionOfAllowanceForDoubtfulAccountsEL" xlink:label="jpfr-t-cte_ProvisionOfAllowanceForDoubtfulAccountsEL" />
    <link:loc xlink:type="locator" xlink:href="http://info.edinet-fsa.go.jp/jp/fr/gaap/t/cte/2011-03-14/jpfr-t-cte-2011-03-14.xsd#jpfr-t-cte_LossOnSalesOfNoncurrentAssetsEL" xlink:label="jpfr-t-cte_LossOnSalesOfNoncurrentAssetsEL" />
    <link:loc xlink:type="locator" xlink:href="http://info.edinet-fsa.go.jp/jp/fr/gaap/t/cte/2011-03-14/jpfr-t-cte-2011-03-14.xsd#jpfr-t-cte_RetirementBenefitExpensesSGA" xlink:label="jpfr-t-cte_RetirementBenefitExpensesSGA" />
    <link:loc xlink:type="locator" xlink:href="http://info.edinet-fsa.go.jp/jp/fr/gaap/t/cte/2011-03-14/jpfr-t-cte-2011-03-14.xsd#jpfr-t-cte_ForeignExchangeLossesNOE" xlink:label="jpfr-t-cte_ForeignExchangeLossesNOE" />
    <link:loc xlink:type="locator" xlink:href="http://info.edinet-fsa.go.jp/jp/fr/gaap/t/cte/2011-03-14/jpfr-t-cte-2011-03-14.xsd#jpfr-t-cte_NonOperatingExpenses" xlink:label="jpfr-t-cte_NonOperatingExpenses" />
    <link:loc xlink:type="locator" xlink:href="http://info.edinet-fsa.go.jp/jp/fr/gaap/t/cte/2011-03-14/jpfr-t-cte-2011-03-14.xsd#jpfr-t-cte_LossOnDisasterEL" xlink:label="jpfr-t-cte_LossOnDisasterEL" />
    <link:calculationArc xlink:type="arc" xlink:from="jpfr-t-cte_NonOperatingIncome" xlink:to="jpfr-t-cte_FiduciaryObligationFeeNOI" xlink:arcrole="http://www.xbrl.org/2003/arcrole/summation-item" order="2.5" weight="1" />
    <link:calculationArc xlink:type="arc" xlink:from="jpfr-t-cte_SellingGeneralAndAdministrativeExpenses" xlink:to="jpfr-t-cte_RetirementBenefitExpensesSGA" xlink:arcrole="http://www.xbrl.org/2003/arcrole/summation-item" order="2.75" weight="1" />
    <link:calculationArc xlink:type="arc" xlink:from="jpfr-t-cte_SellingGeneralAndAdministrativeExpenses" xlink:to="jpfr-t-cte_BusinessConsignmentExpensesSGA" xlink:arcrole="http://www.xbrl.org/2003/arcrole/summation-item" order="20.5" weight="1" />
    <link:calculationArc xlink:type="arc" xlink:from="jpfr-t-cte_SellingGeneralAndAdministrativeExpenses" xlink:to="jpfr-asr-E00097-000_BonusesAndProvisionForBonusesSGA" xlink:arcrole="http://www.xbrl.org/2003/arcrole/summation-item" order="2.5" weight="1" />
    <link:calculationArc xlink:type="arc" xlink:from="jpfr-t-cte_ExtraordinaryLoss" xlink:to="jpfr-t-cte_CompensationForDamageEL" xlink:arcrole="http://www.xbrl.org/2003/arcrole/summation-item" order="0.984375" weight="1" />
    <link:calculationArc xlink:type="arc" xlink:from="jpfr-t-cte_NonOperatingExpenses" xlink:to="jpfr-t-cte_ForeignExchangeLossesNOE" xlink:arcrole="http://www.xbrl.org/2003/arcrole/summation-item" order="1.75" weight="1" />
    <link:calculationArc xlink:type="arc" xlink:from="jpfr-t-cte_ExtraordinaryIncome" xlink:to="jpfr-t-cte_GainOnSalesOfInvestmentSecuritiesEI" xlink:arcrole="http://www.xbrl.org/2003/arcrole/summation-item" order="0.75" weight="1" />
    <link:calculationArc xlink:type="arc" xlink:from="jpfr-t-cte_ExtraordinaryIncome" xlink:to="jpfr-t-cte_GainOnBadDebtsRecoveredEI" xlink:arcrole="http://www.xbrl.org/2003/arcrole/summation-item" order="0.875" weight="1" />
    <link:calculationArc xlink:type="arc" xlink:from="jpfr-t-cte_ExtraordinaryIncome" xlink:to="jpfr-t-cte_GainOnSalesOfNoncurrentAssetsEI" xlink:arcrole="http://www.xbrl.org/2003/arcrole/summation-item" order="0.5" weight="1" />
    <link:calculationArc xlink:type="arc" xlink:from="jpfr-t-cte_ExtraordinaryLoss" xlink:to="jpfr-t-cte_LossOnSalesOfNoncurrentAssetsEL" xlink:arcrole="http://www.xbrl.org/2003/arcrole/summation-item" order="0.5" weight="1" />
    <link:calculationArc xlink:type="arc" xlink:from="jpfr-t-cte_ExtraordinaryIncome" xlink:to="jpfr-t-cte_ReversalOfAllowanceForDoubtfulAccountsEI" xlink:arcrole="http://www.xbrl.org/2003/arcrole/summation-item" order="0.9375" weight="1" />
    <link:calculationArc xlink:type="arc" xlink:from="jpfr-t-cte_SellingGeneralAndAdministrativeExpenses" xlink:to="jpfr-asr-E00097-000_OfficeTaxesAndOtherSGA" xlink:arcrole="http://www.xbrl.org/2003/arcrole/summation-item" order="19.5" weight="1" />
    <link:calculationArc xlink:type="arc" xlink:from="jpfr-t-cte_NonOperatingIncome" xlink:to="jpfr-t-cte_RentIncomeNOI" xlink:arcrole="http://www.xbrl.org/2003/arcrole/summation-item" order="2.875" weight="1" />
    <link:calculationArc xlink:type="arc" xlink:from="jpfr-t-cte_NonOperatingExpenses" xlink:to="jpfr-t-cte_GuaranteeCommissionNOE" xlink:arcrole="http://www.xbrl.org/2003/arcrole/summation-item" order="1.5" weight="1" />
    <link:calculationArc xlink:type="arc" xlink:from="jpfr-t-cte_ExtraordinaryLoss" xlink:to="jpfr-asr-E00097-000_SpecialRetirementAllowancesEL" xlink:arcrole="http://www.xbrl.org/2003/arcrole/summation-item" order="0.9921875" weight="1" />
    <link:calculationArc xlink:type="arc" xlink:from="jpfr-t-cte_ExtraordinaryLoss" xlink:to="jpfr-t-cte_ProvisionOfAllowanceForDoubtfulAccountsEL" xlink:arcrole="http://www.xbrl.org/2003/arcrole/summation-item" order="0.96875" weight="1" />
    <link:calculationArc xlink:type="arc" xlink:from="jpfr-t-cte_ExtraordinaryLoss" xlink:to="jpfr-t-cte_LossOnDisasterEL" xlink:arcrole="http://www.xbrl.org/2003/arcrole/summation-item" order="0.9375" weight="1" />
    <link:calculationArc xlink:type="arc" xlink:from="jpfr-t-cte_ExtraordinaryLoss" xlink:to="jpfr-t-cte_LossOnRetirementOfNoncurrentAssetsEL" xlink:arcrole="http://www.xbrl.org/2003/arcrole/summation-item" order="0.75" weight="1" />
    <link:calculationArc xlink:type="arc" xlink:from="jpfr-t-cte_ExtraordinaryIncome" xlink:to="jpfr-t-cte_CompensationForTransferEI" xlink:arcrole="http://www.xbrl.org/2003/arcrole/summation-item" order="0.96875" weight="1" />
    <link:calculationArc xlink:type="arc" xlink:from="jpfr-t-cte_ExtraordinaryLoss" xlink:to="jpfr-t-cte_LossOnValuationOfInvestmentSecuritiesEL" xlink:arcrole="http://www.xbrl.org/2003/arcrole/summation-item" order="0.875" weight="1" />
    <link:calculationArc xlink:type="arc" xlink:from="jpfr-t-cte_NonOperatingIncome" xlink:to="jpfr-asr-E00097-000_APatentEnforcementIncomeNOI" xlink:arcrole="http://www.xbrl.org/2003/arcrole/summation-item" order="2.75" weight="1" />
  </link:calculationLink>
  <link:calculationLink xlink:type="extended" xlink:role="http://info.edinet-fsa.go.jp/jp/fr/gaap/role/NonConsolidatedBalanceSheets">
    <link:loc xlink:type="locator" xlink:href="http://info.edinet-fsa.go.jp/jp/fr/gaap/t/cte/2011-03-14/jpfr-t-cte-2011-03-14.xsd#jpfr-t-cte_AccountsReceivableOther" xlink:label="jpfr-t-cte_AccountsReceivableOther" />
    <link:loc xlink:type="locator" xlink:href="http://info.edinet-fsa.go.jp/jp/fr/gaap/t/cte/2011-03-14/jpfr-t-cte-2011-03-14.xsd#jpfr-t-cte_LongTermLoansReceivableFromSubsidiariesAndAffiliates" xlink:label="jpfr-t-cte_LongTermLoansReceivableFromSubsidiariesAndAffiliates" />
    <link:loc xlink:type="locator" xlink:href="http://info.edinet-fsa.go.jp/jp/fr/gaap/t/cte/2011-03-14/jpfr-t-cte-2011-03-14.xsd#jpfr-t-cte_ProvisionForBonuses" xlink:label="jpfr-t-cte_ProvisionForBonuses" />
    <link:loc xlink:type="locator" xlink:href="jpfr-asr-E00097-000-2011-03-31-01-2011-06-28.xsd#jpfr-asr-E00097-000_ProvisionForLossOnDisasterCL" xlink:label="jpfr-asr-E00097-000_ProvisionForLossOnDisasterCL" />
    <link:loc xlink:type="locator" xlink:href="jpfr-asr-E00097-000-2011-03-31-01-2011-06-28.xsd#jpfr-asr-E00097-000_AdvancesReceivedOnUmcompletedConstructionContractsAndOtherCNS" xlink:label="jpfr-asr-E00097-000_AdvancesReceivedOnUmcompletedConstructionContractsAndOtherCNS" />
    <link:loc xlink:type="locator" xlink:href="http://info.edinet-fsa.go.jp/jp/fr/gaap/t/cte/2011-03-14/jpfr-t-cte-2011-03-14.xsd#jpfr-t-cte_ProvisionForLossOnConstructionContractsVES" xlink:label="jpfr-t-cte_ProvisionForLossOnConstructionContractsVES" />
    <link:loc xlink:type="locator" xlink:href="http://info.edinet-fsa.go.jp/jp/fr/gaap/t/cte/2011-03-14/jpfr-t-cte-2011-03-14.xsd#jpfr-t-cte_LongTermAccountsPayableOther" xlink:label="jpfr-t-cte_LongTermAccountsPayableOther" />
    <link:loc xlink:type="locator" xlink:href="http://info.edinet-fsa.go.jp/jp/fr/gaap/t/cte/2011-03-14/jpfr-t-cte-2011-03-14.xsd#jpfr-t-cte_ProvisionNCL" xlink:label="jpfr-t-cte_ProvisionNCL" />
    <link:loc xlink:type="locator" xlink:href="http://info.edinet-fsa.go.jp/jp/fr/gaap/t/cte/2011-03-14/jpfr-t-cte-2011-03-14.xsd#jpfr-t-cte_CurrentLiabilities" xlink:label="jpfr-t-cte_CurrentLiabilities" />
    <link:loc xlink:type="locator" xlink:href="http://info.edinet-fsa.go.jp/jp/fr/gaap/t/cte/2011-03-14/jpfr-t-cte-2011-03-14.xsd#jpfr-t-cte_RetainedEarnings" xlink:label="jpfr-t-cte_RetainedEarnings" />
    <link:loc xlink:type="locator" xlink:href="http://info.edinet-fsa.go.jp/jp/fr/gaap/t/cte/2011-03-14/jpfr-t-cte-2011-03-14.xsd#jpfr-t-cte_ProvisionCL" xlink:label="jpfr-t-cte_ProvisionCL" />
    <link:loc xlink:type="locator" xlink:href="http://info.edinet-fsa.go.jp/jp/fr/gaap/t/cte/2011-03-14/jpfr-t-cte-2011-03-14.xsd#jpfr-t-cte_ReserveForDividends3" xlink:label="jpfr-t-cte_ReserveForDividends3" />
    <link:loc xlink:type="locator" xlink:href="jpfr-asr-E00097-000-2011-03-31-01-2011-06-28.xsd#jpfr-asr-E00097-000_AccountsPayableForSideLineBusinessCNS" xlink:label="jpfr-asr-E00097-000_AccountsPayableForSideLineBusinessCNS" />
    <link:loc xlink:type="locator" xlink:href="jpfr-asr-E00097-000-2011-03-31-01-2011-06-28.xsd#jpfr-asr-E00097-000_AccountsReceivableFromSideLineBusinessCNS" xlink:label="jpfr-asr-E00097-000_AccountsReceivableFromSideLineBusinessCNS" />
    <link:loc xlink:type="locator" xlink:href="http://info.edinet-fsa.go.jp/jp/fr/gaap/t/cte/2011-03-14/jpfr-t-cte-2011-03-14.xsd#jpfr-t-cte_AccruedConsumptionTaxes" xlink:label="jpfr-t-cte_AccruedConsumptionTaxes" />
    <link:loc xlink:type="locator" xlink:href="http://info.edinet-fsa.go.jp/jp/fr/gaap/t/cte/2011-03-14/jpfr-t-cte-2011-03-14.xsd#jpfr-t-cte_IntangibleAssets" xlink:label="jpfr-t-cte_IntangibleAssets" />
    <link:loc xlink:type="locator" xlink:href="http://info.edinet-fsa.go.jp/jp/fr/gaap/t/cte/2011-03-14/jpfr-t-cte-2011-03-14.xsd#jpfr-t-cte_NoncurrentLiabilities" xlink:label="jpfr-t-cte_NoncurrentLiabilities" />
    <link:loc xlink:type="locator" xlink:href="http://info.edinet-fsa.go.jp/jp/fr/gaap/t/cte/2011-03-14/jpfr-t-cte-2011-03-14.xsd#jpfr-t-cte_ProvisionForRetirementBenefits" xlink:label="jpfr-t-cte_ProvisionForRetirementBenefits" />
    <link:loc xlink:type="locator" xlink:href="jpfr-asr-E00097-000-2011-03-31-01-2011-06-28.xsd#jpfr-asr-E00097-000_DepositGuaranteeMoneyAndOthersIOA" xlink:label="jpfr-asr-E00097-000_DepositGuaranteeMoneyAndOthersIOA" />
    <link:loc xlink:type="locator" xlink:href="http://info.edinet-fsa.go.jp/jp/fr/gaap/t/cte/2011-03-14/jpfr-t-cte-2011-03-14.xsd#jpfr-t-cte_ReserveForAdvancedDepreciationOfNoncurrentAssets" xlink:label="jpfr-t-cte_ReserveForAdvancedDepreciationOfNoncurrentAssets" />
    <link:loc xlink:type="locator" xlink:href="http://info.edinet-fsa.go.jp/jp/fr/gaap/t/cte/2011-03-14/jpfr-t-cte-2011-03-14.xsd#jpfr-t-cte_Software" xlink:label="jpfr-t-cte_Software" />
    <link:loc xlink:type="locator" xlink:href="http://info.edinet-fsa.go.jp/jp/fr/gaap/t/cte/2011-03-14/jpfr-t-cte-2011-03-14.xsd#jpfr-t-cte_ProvisionForWarrantiesForCompletedConstruction" xlink:label="jpfr-t-cte_ProvisionForWarrantiesForCompletedConstruction" />
    <link:loc xlink:type="locator" xlink:href="http://info.edinet-fsa.go.jp/jp/fr/gaap/t/cns/2011-03-14/jpfr-t-cns-2011-03-14.xsd#jpfr-t-cns_RealEstateForSaleCNS" xlink:label="jpfr-t-cns_RealEstateForSaleCNS" />
    <link:loc xlink:type="locator" xlink:href="http://info.edinet-fsa.go.jp/jp/fr/gaap/t/cte/2011-03-14/jpfr-t-cte-2011-03-14.xsd#jpfr-t-cte_InvestmentsAndOtherAssets" xlink:label="jpfr-t-cte_InvestmentsAndOtherAssets" />
    <link:loc xlink:type="locator" xlink:href="http://info.edinet-fsa.go.jp/jp/fr/gaap/t/cte/2011-03-14/jpfr-t-cte-2011-03-14.xsd#jpfr-t-cte_LongTermNonOperatingAccountsReceivable" xlink:label="jpfr-t-cte_LongTermNonOperatingAccountsReceivable" />
    <link:loc xlink:type="locator" xlink:href="http://info.edinet-fsa.go.jp/jp/fr/gaap/t/cte/2011-03-14/jpfr-t-cte-2011-03-14.xsd#jpfr-t-cte_LongTermLoansReceivableFromEmployees" xlink:label="jpfr-t-cte_LongTermLoansReceivableFromEmployees" />
    <link:loc xlink:type="locator" xlink:href="http://info.edinet-fsa.go.jp/jp/fr/gaap/t/cte/2011-03-14/jpfr-t-cte-2011-03-14.xsd#jpfr-t-cte_PrepaidPensionCostIOA" xlink:label="jpfr-t-cte_PrepaidPensionCostIOA" />
    <link:loc xlink:type="locator" xlink:href="http://info.edinet-fsa.go.jp/jp/fr/gaap/t/cte/2011-03-14/jpfr-t-cte-2011-03-14.xsd#jpfr-t-cte_ShortTermLoansReceivableToSubsidiariesAndAffiliates" xlink:label="jpfr-t-cte_ShortTermLoansReceivableToSubsidiariesAndAffiliates" />
    <link:loc xlink:type="locator" xlink:href="http://info.edinet-fsa.go.jp/jp/fr/gaap/t/cte/2011-03-14/jpfr-t-cte-2011-03-14.xsd#jpfr-t-cte_CurrentAssets" xlink:label="jpfr-t-cte_CurrentAssets" />
    <link:loc xlink:type="locator" xlink:href="http://info.edinet-fsa.go.jp/jp/fr/gaap/t/cns/2011-03-14/jpfr-t-cns-2011-03-14.xsd#jpfr-t-cns_CostsOnUncompletedConstructionContractsAndOtherCNS" xlink:label="jpfr-t-cns_CostsOnUncompletedConstructionContractsAndOtherCNS" />
    <link:loc xlink:type="locator" xlink:href="http://info.edinet-fsa.go.jp/jp/fr/gaap/t/cte/2011-03-14/jpfr-t-cte-2011-03-14.xsd#jpfr-t-cte_DepositsPaid" xlink:label="jpfr-t-cte_DepositsPaid" />
    <link:loc xlink:type="locator" xlink:href="http://info.edinet-fsa.go.jp/jp/fr/gaap/t/cte/2011-03-14/jpfr-t-cte-2011-03-14.xsd#jpfr-t-cte_GeneralReserve" xlink:label="jpfr-t-cte_GeneralReserve" />
    <link:calculationArc xlink:type="arc" xlink:from="jpfr-t-cte_InvestmentsAndOtherAssets" xlink:to="jpfr-t-cte_LongTermLoansReceivableFromSubsidiariesAndAffiliates" xlink:arcrole="http://www.xbrl.org/2003/arcrole/summation-item" order="7.25" weight="1" />
    <link:calculationArc xlink:type="arc" xlink:from="jpfr-t-cte_NoncurrentLiabilities" xlink:to="jpfr-t-cte_ProvisionForRetirementBenefits" xlink:arcrole="http://www.xbrl.org/2003/arcrole/summation-item" order="3.75" weight="1" />
    <link:calculationArc xlink:type="arc" xlink:from="jpfr-t-cte_CurrentLiabilities" xlink:to="jpfr-asr-E00097-000_AdvancesReceivedOnUmcompletedConstructionContractsAndOtherCNS" xlink:arcrole="http://www.xbrl.org/2003/arcrole/summation-item" order="7.75" weight="1" />
    <link:calculationArc xlink:type="arc" xlink:from="jpfr-t-cte_RetainedEarnings" xlink:to="jpfr-t-cte_ReserveForAdvancedDepreciationOfNoncurrentAssets" xlink:arcrole="http://www.xbrl.org/2003/arcrole/summation-item" order="0.75" weight="1" />
    <link:calculationArc xlink:type="arc" xlink:from="jpfr-t-cte_CurrentLiabilities" xlink:to="jpfr-t-cte_AccruedConsumptionTaxes" xlink:arcrole="http://www.xbrl.org/2003/arcrole/summation-item" order="7.5" weight="1" />
    <link:calculationArc xlink:type="arc" xlink:from="jpfr-t-cte_CurrentLiabilities" xlink:to="jpfr-asr-E00097-000_AccountsPayableForSideLineBusinessCNS" xlink:arcrole="http://www.xbrl.org/2003/arcrole/summation-item" order="2.5" weight="1" />
    <link:calculationArc xlink:type="arc" xlink:from="jpfr-t-cte_CurrentAssets" xlink:to="jpfr-asr-E00097-000_AccountsReceivableFromSideLineBusinessCNS" xlink:arcrole="http://www.xbrl.org/2003/arcrole/summation-item" order="5.5" weight="1" />
    <link:calculationArc xlink:type="arc" xlink:from="jpfr-t-cte_InvestmentsAndOtherAssets" xlink:to="jpfr-t-cte_LongTermNonOperatingAccountsReceivable" xlink:arcrole="http://www.xbrl.org/2003/arcrole/summation-item" order="11.5" weight="1" />
    <link:calculationArc xlink:type="arc" xlink:from="jpfr-t-cte_RetainedEarnings" xlink:to="jpfr-t-cte_ReserveForDividends3" xlink:arcrole="http://www.xbrl.org/2003/arcrole/summation-item" order="0.5" weight="1" />
    <link:calculationArc xlink:type="arc" xlink:from="jpfr-t-cte_IntangibleAssets" xlink:to="jpfr-t-cte_Software" xlink:arcrole="http://www.xbrl.org/2003/arcrole/summation-item" order="0.5" weight="1" />
    <link:calculationArc xlink:type="arc" xlink:from="jpfr-t-cte_CurrentLiabilities" xlink:to="jpfr-t-cte_ProvisionForLossOnConstructionContractsVES" xlink:arcrole="http://www.xbrl.org/2003/arcrole/summation-item" order="10.75" weight="1" />
    <link:calculationArc xlink:type="arc" xlink:from="jpfr-t-cte_InvestmentsAndOtherAssets" xlink:to="jpfr-t-cte_LongTermLoansReceivableFromEmployees" xlink:arcrole="http://www.xbrl.org/2003/arcrole/summation-item" order="6.5" weight="1" />
    <link:calculationArc xlink:type="arc" xlink:from="jpfr-t-cte_CurrentAssets" xlink:to="jpfr-t-cte_DepositsPaid" xlink:arcrole="http://www.xbrl.org/2003/arcrole/summation-item" order="8.875" weight="1" />
    <link:calculationArc xlink:type="arc" xlink:from="jpfr-t-cte_ProvisionCL" xlink:to="jpfr-t-cte_ProvisionForBonuses" xlink:arcrole="http://www.xbrl.org/2003/arcrole/summation-item" use="prohibited" priority="1" order="1" weight="1" />
    <link:calculationArc xlink:type="arc" xlink:from="jpfr-t-cte_CurrentAssets" xlink:to="jpfr-t-cns_CostsOnUncompletedConstructionContractsAndOtherCNS" xlink:arcrole="http://www.xbrl.org/2003/arcrole/summation-item" order="6.5" weight="1" />
    <link:calculationArc xlink:type="arc" xlink:from="jpfr-t-cte_CurrentAssets" xlink:to="jpfr-t-cte_AccountsReceivableOther" xlink:arcrole="http://www.xbrl.org/2003/arcrole/summation-item" order="8.75" weight="1" />
    <link:calculationArc xlink:type="arc" xlink:from="jpfr-t-cte_CurrentAssets" xlink:to="jpfr-t-cte_ShortTermLoansReceivableToSubsidiariesAndAffiliates" xlink:arcrole="http://www.xbrl.org/2003/arcrole/summation-item" order="8.5" weight="1" />
    <link:calculationArc xlink:type="arc" xlink:from="jpfr-t-cte_RetainedEarnings" xlink:to="jpfr-t-cte_GeneralReserve" xlink:arcrole="http://www.xbrl.org/2003/arcrole/summation-item" order="0.875" weight="1" />
    <link:calculationArc xlink:type="arc" xlink:from="jpfr-t-cte_ProvisionNCL" xlink:to="jpfr-t-cte_ProvisionForRetirementBenefits" xlink:arcrole="http://www.xbrl.org/2003/arcrole/summation-item" use="prohibited" priority="1" order="1" weight="1" />
    <link:calculationArc xlink:type="arc" xlink:from="jpfr-t-cte_CurrentLiabilities" xlink:to="jpfr-t-cte_ProvisionForBonuses" xlink:arcrole="http://www.xbrl.org/2003/arcrole/summation-item" order="10.9375" weight="1" />
    <link:calculationArc xlink:type="arc" xlink:from="jpfr-t-cte_CurrentLiabilities" xlink:to="jpfr-t-cte_ProvisionForWarrantiesForCompletedConstruction" xlink:arcrole="http://www.xbrl.org/2003/arcrole/summation-item" order="10.5" weight="1" />
    <link:calculationArc xlink:type="arc" xlink:from="jpfr-t-cte_NoncurrentLiabilities" xlink:to="jpfr-t-cte_LongTermAccountsPayableOther" xlink:arcrole="http://www.xbrl.org/2003/arcrole/summation-item" order="3.5" weight="1" />
    <link:calculationArc xlink:type="arc" xlink:from="jpfr-t-cte_CurrentLiabilities" xlink:to="jpfr-asr-E00097-000_ProvisionForLossOnDisasterCL" xlink:arcrole="http://www.xbrl.org/2003/arcrole/summation-item" order="10.875" weight="1" />
    <link:calculationArc xlink:type="arc" xlink:from="jpfr-t-cte_CurrentAssets" xlink:to="jpfr-t-cns_RealEstateForSaleCNS" xlink:arcrole="http://www.xbrl.org/2003/arcrole/summation-item" order="6.75" weight="1" />
    <link:calculationArc xlink:type="arc" xlink:from="jpfr-t-cte_InvestmentsAndOtherAssets" xlink:to="jpfr-asr-E00097-000_DepositGuaranteeMoneyAndOthersIOA" xlink:arcrole="http://www.xbrl.org/2003/arcrole/summation-item" order="10.5" weight="1" />
    <link:calculationArc xlink:type="arc" xlink:from="jpfr-t-cte_InvestmentsAndOtherAssets" xlink:to="jpfr-t-cte_PrepaidPensionCostIOA" xlink:arcrole="http://www.xbrl.org/2003/arcrole/summation-item" order="11.75" weight="1" />
  </link:calculationLink>
  <link:calculationLink xlink:type="extended" xlink:role="http://info.edinet-fsa.go.jp/jp/fr/gaap/role/ConsolidatedStatementsOfChangesInNetAssets2">
    <link:loc xlink:type="locator" xlink:href="http://info.edinet-fsa.go.jp/jp/fr/gaap/t/cte/2011-03-14/jpfr-t-cte-2011-03-14.xsd#jpfr-t-cte_PurchaseOfTreasuryStockTS" xlink:label="jpfr-t-cte_PurchaseOfTreasuryStockTS" />
    <link:loc xlink:type="locator" xlink:href="http://info.edinet-fsa.go.jp/jp/fr/gaap/t/cte/2011-03-14/jpfr-t-cte-2011-03-14.xsd#jpfr-t-cte_PurchaseOfTreasuryStockNA" xlink:label="jpfr-t-cte_PurchaseOfTreasuryStockNA" />
    <link:loc xlink:type="locator" xlink:href="http://info.edinet-fsa.go.jp/jp/fr/gaap/t/cte/2011-03-14/jpfr-t-cte-2011-03-14.xsd#jpfr-t-cte_PurchaseOfTreasuryStockSE" xlink:label="jpfr-t-cte_PurchaseOfTreasuryStockSE" />
    <link:calculationArc xlink:type="arc" xlink:from="jpfr-t-cte_PurchaseOfTreasuryStockNA" xlink:to="jpfr-t-cte_PurchaseOfTreasuryStockSE" xlink:arcrole="http://www.xbrl.org/2003/arcrole/summation-item" order="1" weight="1" />
    <link:calculationArc xlink:type="arc" xlink:from="jpfr-t-cte_PurchaseOfTreasuryStockSE" xlink:to="jpfr-t-cte_PurchaseOfTreasuryStockTS" xlink:arcrole="http://www.xbrl.org/2003/arcrole/summation-item" order="1" weight="1" />
  </link:calculationLink>
  <link:calculationLink xlink:type="extended" xlink:role="http://info.edinet-fsa.go.jp/jp/fr/gaap/role/ConsolidatedStatementsOfCashFlowsIndirect">
    <link:loc xlink:type="locator" xlink:href="http://info.edinet-fsa.go.jp/jp/fr/gaap/t/cte/2011-03-14/jpfr-t-cte-2011-03-14.xsd#jpfr-t-cte_NetCashProvidedByUsedInFinancingActivities" xlink:label="jpfr-t-cte_NetCashProvidedByUsedInFinancingActivities" />
    <link:loc xlink:type="locator" xlink:href="jpfr-asr-E00097-000-2011-03-31-01-2011-06-28.xsd#jpfr-asr-E00097-000_DecreaseIncreaseInMaterialsProvisionOpeCF" xlink:label="jpfr-asr-E00097-000_DecreaseIncreaseInMaterialsProvisionOpeCF" />
    <link:loc xlink:type="locator" xlink:href="http://info.edinet-fsa.go.jp/jp/fr/gaap/t/cte/2011-03-14/jpfr-t-cte-2011-03-14.xsd#jpfr-t-cte_ProceedsFromSalesOfPropertyPlantAndEquipmentAndIntangibleAssetsInvCF" xlink:label="jpfr-t-cte_ProceedsFromSalesOfPropertyPlantAndEquipmentAndIntangibleAssetsInvCF" />
    <link:loc xlink:type="locator" xlink:href="http://info.edinet-fsa.go.jp/jp/fr/gaap/t/cte/2011-03-14/jpfr-t-cte-2011-03-14.xsd#jpfr-t-cte_IncreaseDecreaseInOtherProvisionOpeCF" xlink:label="jpfr-t-cte_IncreaseDecreaseInOtherProvisionOpeCF" />
    <link:loc xlink:type="locator" xlink:href="jpfr-asr-E00097-000-2011-03-31-01-2011-06-28.xsd#jpfr-asr-E00097-000_SpecialRetirementAllowancesPaidOpeCF" xlink:label="jpfr-asr-E00097-000_SpecialRetirementAllowancesPaidOpeCF" />
    <link:loc xlink:type="locator" xlink:href="http://info.edinet-fsa.go.jp/jp/fr/gaap/t/cte/2011-03-14/jpfr-t-cte-2011-03-14.xsd#jpfr-t-cte_SubtotalOpeCF" xlink:label="jpfr-t-cte_SubtotalOpeCF" />
    <link:loc xlink:type="locator" xlink:href="http://info.edinet-fsa.go.jp/jp/fr/gaap/t/cns/2011-03-14/jpfr-t-cns-2011-03-14.xsd#jpfr-t-cns_DecreaseIncreaseInCostsOnUncompletedConstructionContractsAndOtherOpeCFCNS" xlink:label="jpfr-t-cns_DecreaseIncreaseInCostsOnUncompletedConstructionContractsAndOtherOpeCFCNS" />
    <link:loc xlink:type="locator" xlink:href="http://info.edinet-fsa.go.jp/jp/fr/gaap/t/cte/2011-03-14/jpfr-t-cte-2011-03-14.xsd#jpfr-t-cte_DecreaseIncreaseInOtherCurrentAssetsOpeCF" xlink:label="jpfr-t-cte_DecreaseIncreaseInOtherCurrentAssetsOpeCF" />
    <link:loc xlink:type="locator" xlink:href="jpfr-asr-E00097-000-2011-03-31-01-2011-06-28.xsd#jpfr-asr-E00097-000_ProceedsFromTreasuryStockPurchaseSubscriptionFromCompaniesAccountedForUsingTheEquityMethodInvCF" xlink:label="jpfr-asr-E00097-000_ProceedsFromTreasuryStockPurchaseSubscriptionFromCompaniesAccountedForUsingTheEquityMethodInvCF" />
    <link:loc xlink:type="locator" xlink:href="http://info.edinet-fsa.go.jp/jp/fr/gaap/t/cte/2011-03-14/jpfr-t-cte-2011-03-14.xsd#jpfr-t-cte_NetIncreaseDecreaseInShortTermLoansPayableFinCF" xlink:label="jpfr-t-cte_NetIncreaseDecreaseInShortTermLoansPayableFinCF" />
    <link:loc xlink:type="locator" xlink:href="jpfr-asr-E00097-000-2011-03-31-01-2011-06-28.xsd#jpfr-asr-E00097-000_ProceedsFromRedemptionOfMembershipInvCF" xlink:label="jpfr-asr-E00097-000_ProceedsFromRedemptionOfMembershipInvCF" />
    <link:loc xlink:type="locator" xlink:href="http://info.edinet-fsa.go.jp/jp/fr/gaap/t/cte/2011-03-14/jpfr-t-cte-2011-03-14.xsd#jpfr-t-cte_PurchaseOfPropertyPlantAndEquipmentAndIntangibleAssetsInvCF" xlink:label="jpfr-t-cte_PurchaseOfPropertyPlantAndEquipmentAndIntangibleAssetsInvCF" />
    <link:loc xlink:type="locator" xlink:href="http://info.edinet-fsa.go.jp/jp/fr/gaap/t/cte/2011-03-14/jpfr-t-cte-2011-03-14.xsd#jpfr-t-cte_IncreaseDecreaseInProvisionForRetirementBenefitsOpeCF" xlink:label="jpfr-t-cte_IncreaseDecreaseInProvisionForRetirementBenefitsOpeCF" />
    <link:loc xlink:type="locator" xlink:href="jpfr-asr-E00097-000-2011-03-31-01-2011-06-28.xsd#jpfr-asr-E00097-000_SpecialRetirementAllownacesOpeCF" xlink:label="jpfr-asr-E00097-000_SpecialRetirementAllownacesOpeCF" />
    <link:loc xlink:type="locator" xlink:href="jpfr-asr-E00097-000-2011-03-31-01-2011-06-28.xsd#jpfr-asr-E00097-000_IncreaseDecreaseInAdvancesReceivedOnUmcompletedConstructionContractsAndOtherOpeCF" xlink:label="jpfr-asr-E00097-000_IncreaseDecreaseInAdvancesReceivedOnUmcompletedConstructionContractsAndOtherOpeCF" />
    <link:loc xlink:type="locator" xlink:href="http://info.edinet-fsa.go.jp/jp/fr/gaap/t/cte/2011-03-14/jpfr-t-cte-2011-03-14.xsd#jpfr-t-cte_NetCashProvidedByUsedInInvestmentActivities" xlink:label="jpfr-t-cte_NetCashProvidedByUsedInInvestmentActivities" />
    <link:loc xlink:type="locator" xlink:href="http://info.edinet-fsa.go.jp/jp/fr/gaap/t/cte/2011-03-14/jpfr-t-cte-2011-03-14.xsd#jpfr-t-cte_IncreaseDecreaseInOtherCurrentLiabilitiesOpeCF" xlink:label="jpfr-t-cte_IncreaseDecreaseInOtherCurrentLiabilitiesOpeCF" />
    <link:loc xlink:type="locator" xlink:href="http://info.edinet-fsa.go.jp/jp/fr/gaap/t/cte/2011-03-14/jpfr-t-cte-2011-03-14.xsd#jpfr-t-cte_NetCashProvidedByUsedInOperatingActivities" xlink:label="jpfr-t-cte_NetCashProvidedByUsedInOperatingActivities" />
    <link:loc xlink:type="locator" xlink:href="http://info.edinet-fsa.go.jp/jp/fr/gaap/t/cte/2011-03-14/jpfr-t-cte-2011-03-14.xsd#jpfr-t-cte_RepaymentsOfLeaseObligationsFinCF" xlink:label="jpfr-t-cte_RepaymentsOfLeaseObligationsFinCF" />
    <link:loc xlink:type="locator" xlink:href="http://info.edinet-fsa.go.jp/jp/fr/gaap/t/cte/2011-03-14/jpfr-t-cte-2011-03-14.xsd#jpfr-t-cte_IncreaseDecreaseInAccruedConsumptionTaxesOpeCF" xlink:label="jpfr-t-cte_IncreaseDecreaseInAccruedConsumptionTaxesOpeCF" />
    <link:calculationArc xlink:type="arc" xlink:from="jpfr-t-cte_SubtotalOpeCF" xlink:to="jpfr-t-cte_IncreaseDecreaseInOtherProvisionOpeCF" xlink:arcrole="http://www.xbrl.org/2003/arcrole/summation-item" order="5.75" weight="1" />
    <link:calculationArc xlink:type="arc" xlink:from="jpfr-t-cte_SubtotalOpeCF" xlink:to="jpfr-t-cte_IncreaseDecreaseInAccruedConsumptionTaxesOpeCF" xlink:arcrole="http://www.xbrl.org/2003/arcrole/summation-item" order="14.75" weight="1" />
    <link:calculationArc xlink:type="arc" xlink:from="jpfr-t-cte_NetCashProvidedByUsedInInvestmentActivities" xlink:to="jpfr-asr-E00097-000_ProceedsFromRedemptionOfMembershipInvCF" xlink:arcrole="http://www.xbrl.org/2003/arcrole/summation-item" order="6.75" weight="1" />
    <link:calculationArc xlink:type="arc" xlink:from="jpfr-t-cte_NetCashProvidedByUsedInInvestmentActivities" xlink:to="jpfr-asr-E00097-000_ProceedsFromTreasuryStockPurchaseSubscriptionFromCompaniesAccountedForUsingTheEquityMethodInvCF" xlink:arcrole="http://www.xbrl.org/2003/arcrole/summation-item" order="6.5" weight="1" />
    <link:calculationArc xlink:type="arc" xlink:from="jpfr-t-cte_SubtotalOpeCF" xlink:to="jpfr-t-cte_DecreaseIncreaseInOtherCurrentAssetsOpeCF" xlink:arcrole="http://www.xbrl.org/2003/arcrole/summation-item" order="14.875" weight="1" />
    <link:calculationArc xlink:type="arc" xlink:from="jpfr-t-cte_SubtotalOpeCF" xlink:to="jpfr-asr-E00097-000_SpecialRetirementAllownacesOpeCF" xlink:arcrole="http://www.xbrl.org/2003/arcrole/summation-item" order="9.5" weight="1" />
    <link:calculationArc xlink:type="arc" xlink:from="jpfr-t-cte_SubtotalOpeCF" xlink:to="jpfr-t-cns_DecreaseIncreaseInCostsOnUncompletedConstructionContractsAndOtherOpeCFCNS" xlink:arcrole="http://www.xbrl.org/2003/arcrole/summation-item" order="12.5" weight="1" />
    <link:calculationArc xlink:type="arc" xlink:from="jpfr-t-cte_SubtotalOpeCF" xlink:to="jpfr-t-cte_IncreaseDecreaseInOtherCurrentLiabilitiesOpeCF" xlink:arcrole="http://www.xbrl.org/2003/arcrole/summation-item" order="14.9375" weight="1" />
    <link:calculationArc xlink:type="arc" xlink:from="jpfr-t-cte_NetCashProvidedByUsedInInvestmentActivities" xlink:to="jpfr-t-cte_ProceedsFromSalesOfPropertyPlantAndEquipmentAndIntangibleAssetsInvCF" xlink:arcrole="http://www.xbrl.org/2003/arcrole/summation-item" order="0.75" weight="1" />
    <link:calculationArc xlink:type="arc" xlink:from="jpfr-t-cte_NetCashProvidedByUsedInInvestmentActivities" xlink:to="jpfr-t-cte_PurchaseOfPropertyPlantAndEquipmentAndIntangibleAssetsInvCF" xlink:arcrole="http://www.xbrl.org/2003/arcrole/summation-item" order="0.5" weight="1" />
    <link:calculationArc xlink:type="arc" xlink:from="jpfr-t-cte_SubtotalOpeCF" xlink:to="jpfr-asr-E00097-000_IncreaseDecreaseInAdvancesReceivedOnUmcompletedConstructionContractsAndOtherOpeCF" xlink:arcrole="http://www.xbrl.org/2003/arcrole/summation-item" order="14.5" weight="1" />
    <link:calculationArc xlink:type="arc" xlink:from="jpfr-t-cte_NetCashProvidedByUsedInFinancingActivities" xlink:to="jpfr-t-cte_RepaymentsOfLeaseObligationsFinCF" xlink:arcrole="http://www.xbrl.org/2003/arcrole/summation-item" order="0.75" weight="1" />
    <link:calculationArc xlink:type="arc" xlink:from="jpfr-t-cte_SubtotalOpeCF" xlink:to="jpfr-t-cte_IncreaseDecreaseInProvisionForRetirementBenefitsOpeCF" xlink:arcrole="http://www.xbrl.org/2003/arcrole/summation-item" order="5.5" weight="1" />
    <link:calculationArc xlink:type="arc" xlink:from="jpfr-t-cte_SubtotalOpeCF" xlink:to="jpfr-asr-E00097-000_DecreaseIncreaseInMaterialsProvisionOpeCF" xlink:arcrole="http://www.xbrl.org/2003/arcrole/summation-item" order="12.75" weight="1" />
    <link:calculationArc xlink:type="arc" xlink:from="jpfr-t-cte_NetCashProvidedByUsedInFinancingActivities" xlink:to="jpfr-t-cte_NetIncreaseDecreaseInShortTermLoansPayableFinCF" xlink:arcrole="http://www.xbrl.org/2003/arcrole/summation-item" order="0.5" weight="1" />
    <link:calculationArc xlink:type="arc" xlink:from="jpfr-t-cte_NetCashProvidedByUsedInOperatingActivities" xlink:to="jpfr-asr-E00097-000_SpecialRetirementAllowancesPaidOpeCF" xlink:arcrole="http://www.xbrl.org/2003/arcrole/summation-item" order="6" weight="1" />
  </link:calculationLink>
  <link:calculationLink xlink:type="extended" xlink:role="http://info.edinet-fsa.go.jp/jp/fr/gaap/role/ConsolidatedBalanceSheets">
    <link:loc xlink:type="locator" xlink:href="http://info.edinet-fsa.go.jp/jp/fr/gaap/t/cns/2011-03-14/jpfr-t-cns-2011-03-14.xsd#jpfr-t-cns_CostsOnUncompletedConstructionContractsAndOtherCNS" xlink:label="jpfr-t-cns_CostsOnUncompletedConstructionContractsAndOtherCNS" />
    <link:loc xlink:type="locator" xlink:href="http://info.edinet-fsa.go.jp/jp/fr/gaap/t/cte/2011-03-14/jpfr-t-cte-2011-03-14.xsd#jpfr-t-cte_ProvisionForRetirementBenefits" xlink:label="jpfr-t-cte_ProvisionForRetirementBenefits" />
    <link:loc xlink:type="locator" xlink:href="http://info.edinet-fsa.go.jp/jp/fr/gaap/t/cte/2011-03-14/jpfr-t-cte-2011-03-14.xsd#jpfr-t-cte_AccountsReceivableOther" xlink:label="jpfr-t-cte_AccountsReceivableOther" />
    <link:loc xlink:type="locator" xlink:href="jpfr-asr-E00097-000-2011-03-31-01-2011-06-28.xsd#jpfr-asr-E00097-000_ProvisionForLossOnDisasterCL" xlink:label="jpfr-asr-E00097-000_ProvisionForLossOnDisasterCL" />
    <link:loc xlink:type="locator" xlink:href="http://info.edinet-fsa.go.jp/jp/fr/gaap/t/cte/2011-03-14/jpfr-t-cte-2011-03-14.xsd#jpfr-t-cte_ProvisionNCL" xlink:label="jpfr-t-cte_ProvisionNCL" />
    <link:loc xlink:type="locator" xlink:href="http://info.edinet-fsa.go.jp/jp/fr/gaap/t/cte/2011-03-14/jpfr-t-cte-2011-03-14.xsd#jpfr-t-cte_ToolsFurnitureAndFixtures" xlink:label="jpfr-t-cte_ToolsFurnitureAndFixtures" />
    <link:loc xlink:type="locator" xlink:href="http://info.edinet-fsa.go.jp/jp/fr/gaap/t/cte/2011-03-14/jpfr-t-cte-2011-03-14.xsd#jpfr-t-cte_ProvisionForWarrantiesForCompletedConstruction" xlink:label="jpfr-t-cte_ProvisionForWarrantiesForCompletedConstruction" />
    <link:loc xlink:type="locator" xlink:href="http://info.edinet-fsa.go.jp/jp/fr/gaap/t/cte/2011-03-14/jpfr-t-cte-2011-03-14.xsd#jpfr-t-cte_NoncurrentLiabilities" xlink:label="jpfr-t-cte_NoncurrentLiabilities" />
    <link:loc xlink:type="locator" xlink:href="http://info.edinet-fsa.go.jp/jp/fr/gaap/t/cte/2011-03-14/jpfr-t-cte-2011-03-14.xsd#jpfr-t-cte_ProvisionForBonuses" xlink:label="jpfr-t-cte_ProvisionForBonuses" />
    <link:loc xlink:type="locator" xlink:href="http://info.edinet-fsa.go.jp/jp/fr/gaap/t/cte/2011-03-14/jpfr-t-cte-2011-03-14.xsd#jpfr-t-cte_ProvisionCL" xlink:label="jpfr-t-cte_ProvisionCL" />
    <link:loc xlink:type="locator" xlink:href="http://info.edinet-fsa.go.jp/jp/fr/gaap/t/cte/2011-03-14/jpfr-t-cte-2011-03-14.xsd#jpfr-t-cte_PropertyPlantAndEquipment" xlink:label="jpfr-t-cte_PropertyPlantAndEquipment" />
    <link:loc xlink:type="locator" xlink:href="http://info.edinet-fsa.go.jp/jp/fr/gaap/t/cte/2011-03-14/jpfr-t-cte-2011-03-14.xsd#jpfr-t-cte_CurrentLiabilities" xlink:label="jpfr-t-cte_CurrentLiabilities" />
    <link:loc xlink:type="locator" xlink:href="http://info.edinet-fsa.go.jp/jp/fr/gaap/t/cte/2011-03-14/jpfr-t-cte-2011-03-14.xsd#jpfr-t-cte_CurrentAssets" xlink:label="jpfr-t-cte_CurrentAssets" />
    <link:loc xlink:type="locator" xlink:href="http://info.edinet-fsa.go.jp/jp/fr/gaap/t/cte/2011-03-14/jpfr-t-cte-2011-03-14.xsd#jpfr-t-cte_ProvisionForLossOnConstructionContractsVES" xlink:label="jpfr-t-cte_ProvisionForLossOnConstructionContractsVES" />
    <link:loc xlink:type="locator" xlink:href="http://info.edinet-fsa.go.jp/jp/fr/gaap/t/cte/2011-03-14/jpfr-t-cte-2011-03-14.xsd#jpfr-t-cte_AccumulatedDepreciationToolsFurnitureAndFixtures" xlink:label="jpfr-t-cte_AccumulatedDepreciationToolsFurnitureAndFixtures" />
    <link:loc xlink:type="locator" xlink:href="jpfr-asr-E00097-000-2011-03-31-01-2011-06-28.xsd#jpfr-asr-E00097-000_AdvancesReceivedOnUmcompletedConstructionContractsAndOtherCNS" xlink:label="jpfr-asr-E00097-000_AdvancesReceivedOnUmcompletedConstructionContractsAndOtherCNS" />
    <link:loc xlink:type="locator" xlink:href="http://info.edinet-fsa.go.jp/jp/fr/gaap/t/cte/2011-03-14/jpfr-t-cte-2011-03-14.xsd#jpfr-t-cte_ToolsFurnitureAndFixturesNet" xlink:label="jpfr-t-cte_ToolsFurnitureAndFixturesNet" />
    <link:loc xlink:type="locator" xlink:href="http://info.edinet-fsa.go.jp/jp/fr/gaap/t/cns/2011-03-14/jpfr-t-cns-2011-03-14.xsd#jpfr-t-cns_RealEstateForSaleCNS" xlink:label="jpfr-t-cns_RealEstateForSaleCNS" />
    <link:calculationArc xlink:type="arc" xlink:from="jpfr-t-cte_CurrentLiabilities" xlink:to="jpfr-t-cte_ProvisionForWarrantiesForCompletedConstruction" xlink:arcrole="http://www.xbrl.org/2003/arcrole/summation-item" order="4.75" weight="1" />
    <link:calculationArc xlink:type="arc" xlink:from="jpfr-t-cte_NoncurrentLiabilities" xlink:to="jpfr-t-cte_ProvisionForRetirementBenefits" xlink:arcrole="http://www.xbrl.org/2003/arcrole/summation-item" order="3.5" weight="1" />
    <link:calculationArc xlink:type="arc" xlink:from="jpfr-t-cte_CurrentLiabilities" xlink:to="jpfr-asr-E00097-000_AdvancesReceivedOnUmcompletedConstructionContractsAndOtherCNS" xlink:arcrole="http://www.xbrl.org/2003/arcrole/summation-item" order="4.5" weight="1" />
    <link:calculationArc xlink:type="arc" xlink:from="jpfr-t-cte_CurrentLiabilities" xlink:to="jpfr-t-cte_ProvisionForBonuses" xlink:arcrole="http://www.xbrl.org/2003/arcrole/summation-item" order="4.96875" weight="1" />
    <link:calculationArc xlink:type="arc" xlink:from="jpfr-t-cte_CurrentLiabilities" xlink:to="jpfr-t-cte_ProvisionForLossOnConstructionContractsVES" xlink:arcrole="http://www.xbrl.org/2003/arcrole/summation-item" order="4.875" weight="1" />
    <link:calculationArc xlink:type="arc" xlink:from="jpfr-t-cte_ToolsFurnitureAndFixturesNet" xlink:to="jpfr-t-cte_ToolsFurnitureAndFixtures" xlink:arcrole="http://www.xbrl.org/2003/arcrole/summation-item" order="1" weight="1" />
    <link:calculationArc xlink:type="arc" xlink:from="jpfr-t-cte_CurrentAssets" xlink:to="jpfr-t-cns_CostsOnUncompletedConstructionContractsAndOtherCNS" xlink:arcrole="http://www.xbrl.org/2003/arcrole/summation-item" order="4.5" weight="1" />
    <link:calculationArc xlink:type="arc" xlink:from="jpfr-t-cte_CurrentAssets" xlink:to="jpfr-t-cte_AccountsReceivableOther" xlink:arcrole="http://www.xbrl.org/2003/arcrole/summation-item" order="8.5" weight="1" />
    <link:calculationArc xlink:type="arc" xlink:from="jpfr-t-cte_PropertyPlantAndEquipment" xlink:to="jpfr-t-cte_ToolsFurnitureAndFixturesNet" xlink:arcrole="http://www.xbrl.org/2003/arcrole/summation-item" order="0.5" weight="1" />
    <link:calculationArc xlink:type="arc" xlink:from="jpfr-t-cte_ToolsFurnitureAndFixturesNet" xlink:to="jpfr-t-cte_AccumulatedDepreciationToolsFurnitureAndFixtures" xlink:arcrole="http://www.xbrl.org/2003/arcrole/summation-item" order="2" weight="1" />
    <link:calculationArc xlink:type="arc" xlink:from="jpfr-t-cte_ProvisionCL" xlink:to="jpfr-t-cte_ProvisionForBonuses" xlink:arcrole="http://www.xbrl.org/2003/arcrole/summation-item" use="prohibited" priority="1" order="1" weight="1" />
    <link:calculationArc xlink:type="arc" xlink:from="jpfr-t-cte_CurrentLiabilities" xlink:to="jpfr-asr-E00097-000_ProvisionForLossOnDisasterCL" xlink:arcrole="http://www.xbrl.org/2003/arcrole/summation-item" order="4.9375" weight="1" />
    <link:calculationArc xlink:type="arc" xlink:from="jpfr-t-cte_CurrentAssets" xlink:to="jpfr-t-cns_RealEstateForSaleCNS" xlink:arcrole="http://www.xbrl.org/2003/arcrole/summation-item" order="4.75" weight="1" />
    <link:calculationArc xlink:type="arc" xlink:from="jpfr-t-cte_ProvisionNCL" xlink:to="jpfr-t-cte_ProvisionForRetirementBenefits" xlink:arcrole="http://www.xbrl.org/2003/arcrole/summation-item" use="prohibited" priority="1" order="1" weight="1" />
  </link:calculationLink>
  <link:calculationLink xlink:type="extended" xlink:role="http://info.edinet-fsa.go.jp/jp/fr/gaap/role/ConsolidatedStatementsOfComprehensiveIncome">
    <link:loc xlink:type="locator" xlink:href="http://info.edinet-fsa.go.jp/jp/fr/gaap/t/cte/2011-03-14/jpfr-t-cte-2011-03-14.xsd#jpfr-t-cte_DeferredGainsOrLossesOnHedgesNetOfTaxOCI" xlink:label="jpfr-t-cte_DeferredGainsOrLossesOnHedgesNetOfTaxOCI" />
    <link:loc xlink:type="locator" xlink:href="http://info.edinet-fsa.go.jp/jp/fr/gaap/t/cte/2011-03-14/jpfr-t-cte-2011-03-14.xsd#jpfr-t-cte_OtherComprehensiveIncome" xlink:label="jpfr-t-cte_OtherComprehensiveIncome" />
    <link:calculationArc xlink:type="arc" xlink:from="jpfr-t-cte_OtherComprehensiveIncome" xlink:to="jpfr-t-cte_DeferredGainsOrLossesOnHedgesNetOfTaxOCI" xlink:arcrole="http://www.xbrl.org/2003/arcrole/summation-item" use="prohibited" priority="1" order="2" weight="1" />
  </link:calculationLink>
  <link:calculationLink xlink:type="extended" xlink:role="http://info.edinet-fsa.go.jp/jp/fr/gaap/role/ConsolidatedStatementsOfIncome">
    <link:loc xlink:type="locator" xlink:href="http://info.edinet-fsa.go.jp/jp/fr/gaap/t/cte/2011-03-14/jpfr-t-cte-2011-03-14.xsd#jpfr-t-cte_ExtraordinaryLoss" xlink:label="jpfr-t-cte_ExtraordinaryLoss" />
    <link:loc xlink:type="locator" xlink:href="jpfr-asr-E00097-000-2011-03-31-01-2011-06-28.xsd#jpfr-asr-E00097-000_BonusesAndProvisionForBonusesSGA" xlink:label="jpfr-asr-E00097-000_BonusesAndProvisionForBonusesSGA" />
    <link:loc xlink:type="locator" xlink:href="http://info.edinet-fsa.go.jp/jp/fr/gaap/t/cte/2011-03-14/jpfr-t-cte-2011-03-14.xsd#jpfr-t-cte_GainOnBadDebtsRecoveredEI" xlink:label="jpfr-t-cte_GainOnBadDebtsRecoveredEI" />
    <link:loc xlink:type="locator" xlink:href="http://info.edinet-fsa.go.jp/jp/fr/gaap/t/cte/2011-03-14/jpfr-t-cte-2011-03-14.xsd#jpfr-t-cte_ReversalOfAllowanceForDoubtfulAccountsEI" xlink:label="jpfr-t-cte_ReversalOfAllowanceForDoubtfulAccountsEI" />
    <link:loc xlink:type="locator" xlink:href="http://info.edinet-fsa.go.jp/jp/fr/gaap/t/cte/2011-03-14/jpfr-t-cte-2011-03-14.xsd#jpfr-t-cte_LossOnRetirementOfNoncurrentAssetsEL" xlink:label="jpfr-t-cte_LossOnRetirementOfNoncurrentAssetsEL" />
    <link:loc xlink:type="locator" xlink:href="http://info.edinet-fsa.go.jp/jp/fr/gaap/t/cte/2011-03-14/jpfr-t-cte-2011-03-14.xsd#jpfr-t-cte_OtherSGA" xlink:label="jpfr-t-cte_OtherSGA" />
    <link:loc xlink:type="locator" xlink:href="http://info.edinet-fsa.go.jp/jp/fr/gaap/t/cte/2011-03-14/jpfr-t-cte-2011-03-14.xsd#jpfr-t-cte_LossOnValuationOfInvestmentSecuritiesEL" xlink:label="jpfr-t-cte_LossOnValuationOfInvestmentSecuritiesEL" />
    <link:loc xlink:type="locator" xlink:href="http://info.edinet-fsa.go.jp/jp/fr/gaap/t/cte/2011-03-14/jpfr-t-cte-2011-03-14.xsd#jpfr-t-cte_OtherEL" xlink:label="jpfr-t-cte_OtherEL" />
    <link:loc xlink:type="locator" xlink:href="http://info.edinet-fsa.go.jp/jp/fr/gaap/t/cte/2011-03-14/jpfr-t-cte-2011-03-14.xsd#jpfr-t-cte_NonOperatingExpenses" xlink:label="jpfr-t-cte_NonOperatingExpenses" />
    <link:loc xlink:type="locator" xlink:href="http://info.edinet-fsa.go.jp/jp/fr/gaap/t/cte/2011-03-14/jpfr-t-cte-2011-03-14.xsd#jpfr-t-cte_NonOperatingIncome" xlink:label="jpfr-t-cte_NonOperatingIncome" />
    <link:loc xlink:type="locator" xlink:href="http://info.edinet-fsa.go.jp/jp/fr/gaap/t/cte/2011-03-14/jpfr-t-cte-2011-03-14.xsd#jpfr-t-cte_SellingGeneralAndAdministrativeExpenses" xlink:label="jpfr-t-cte_SellingGeneralAndAdministrativeExpenses" />
    <link:loc xlink:type="locator" xlink:href="http://info.edinet-fsa.go.jp/jp/fr/gaap/t/cte/2011-03-14/jpfr-t-cte-2011-03-14.xsd#jpfr-t-cte_CompensationForDamageEL" xlink:label="jpfr-t-cte_CompensationForDamageEL" />
    <link:loc xlink:type="locator" xlink:href="http://info.edinet-fsa.go.jp/jp/fr/gaap/t/cte/2011-03-14/jpfr-t-cte-2011-03-14.xsd#jpfr-t-cte_OtherEI" xlink:label="jpfr-t-cte_OtherEI" />
    <link:loc xlink:type="locator" xlink:href="http://info.edinet-fsa.go.jp/jp/fr/gaap/t/cte/2011-03-14/jpfr-t-cte-2011-03-14.xsd#jpfr-t-cte_ExtraordinaryIncome" xlink:label="jpfr-t-cte_ExtraordinaryIncome" />
    <link:loc xlink:type="locator" xlink:href="jpfr-asr-E00097-000-2011-03-31-01-2011-06-28.xsd#jpfr-asr-E00097-000_SpecialRetirementAllowancesEL" xlink:label="jpfr-asr-E00097-000_SpecialRetirementAllowancesEL" />
    <link:loc xlink:type="locator" xlink:href="http://info.edinet-fsa.go.jp/jp/fr/gaap/t/cte/2011-03-14/jpfr-t-cte-2011-03-14.xsd#jpfr-t-cte_OtherNOI" xlink:label="jpfr-t-cte_OtherNOI" />
    <link:loc xlink:type="locator" xlink:href="http://info.edinet-fsa.go.jp/jp/fr/gaap/t/cte/2011-03-14/jpfr-t-cte-2011-03-14.xsd#jpfr-t-cte_LossOnSalesOfInvestmentSecuritiesEL" xlink:label="jpfr-t-cte_LossOnSalesOfInvestmentSecuritiesEL" />
    <link:loc xlink:type="locator" xlink:href="http://info.edinet-fsa.go.jp/jp/fr/gaap/t/cte/2011-03-14/jpfr-t-cte-2011-03-14.xsd#jpfr-t-cte_RetirementBenefitExpensesSGA" xlink:label="jpfr-t-cte_RetirementBenefitExpensesSGA" />
    <link:loc xlink:type="locator" xlink:href="http://info.edinet-fsa.go.jp/jp/fr/gaap/t/cte/2011-03-14/jpfr-t-cte-2011-03-14.xsd#jpfr-t-cte_RentIncomeNOI" xlink:label="jpfr-t-cte_RentIncomeNOI" />
    <link:loc xlink:type="locator" xlink:href="http://info.edinet-fsa.go.jp/jp/fr/gaap/t/cte/2011-03-14/jpfr-t-cte-2011-03-14.xsd#jpfr-t-cte_CompensationForTransferEI" xlink:label="jpfr-t-cte_CompensationForTransferEI" />
    <link:loc xlink:type="locator" xlink:href="jpfr-asr-E00097-000-2011-03-31-01-2011-06-28.xsd#jpfr-asr-E00097-000_APatentEnforcementIncomeNOI" xlink:label="jpfr-asr-E00097-000_APatentEnforcementIncomeNOI" />
    <link:loc xlink:type="locator" xlink:href="http://info.edinet-fsa.go.jp/jp/fr/gaap/t/cte/2011-03-14/jpfr-t-cte-2011-03-14.xsd#jpfr-t-cte_OtherNOE" xlink:label="jpfr-t-cte_OtherNOE" />
    <link:loc xlink:type="locator" xlink:href="http://info.edinet-fsa.go.jp/jp/fr/gaap/t/cte/2011-03-14/jpfr-t-cte-2011-03-14.xsd#jpfr-t-cte_LossOnChangeInEquityEL" xlink:label="jpfr-t-cte_LossOnChangeInEquityEL" />
    <link:calculationArc xlink:type="arc" xlink:from="jpfr-t-cte_ExtraordinaryLoss" xlink:to="jpfr-t-cte_LossOnChangeInEquityEL" xlink:arcrole="http://www.xbrl.org/2003/arcrole/summation-item" order="0.9375" weight="1" />
    <link:calculationArc xlink:type="arc" xlink:from="jpfr-t-cte_SellingGeneralAndAdministrativeExpenses" xlink:to="jpfr-t-cte_RetirementBenefitExpensesSGA" xlink:arcrole="http://www.xbrl.org/2003/arcrole/summation-item" order="2.75" weight="1" />
    <link:calculationArc xlink:type="arc" xlink:from="jpfr-t-cte_SellingGeneralAndAdministrativeExpenses" xlink:to="jpfr-t-cte_OtherSGA" xlink:arcrole="http://www.xbrl.org/2003/arcrole/summation-item" order="2.875" weight="1" />
    <link:calculationArc xlink:type="arc" xlink:from="jpfr-t-cte_SellingGeneralAndAdministrativeExpenses" xlink:to="jpfr-asr-E00097-000_BonusesAndProvisionForBonusesSGA" xlink:arcrole="http://www.xbrl.org/2003/arcrole/summation-item" order="2.5" weight="1" />
    <link:calculationArc xlink:type="arc" xlink:from="jpfr-t-cte_NonOperatingIncome" xlink:to="jpfr-t-cte_OtherNOI" xlink:arcrole="http://www.xbrl.org/2003/arcrole/summation-item" order="6" weight="1" />
    <link:calculationArc xlink:type="arc" xlink:from="jpfr-t-cte_ExtraordinaryLoss" xlink:to="jpfr-t-cte_OtherEL" xlink:arcrole="http://www.xbrl.org/2003/arcrole/summation-item" order="7" weight="1" />
    <link:calculationArc xlink:type="arc" xlink:from="jpfr-t-cte_ExtraordinaryLoss" xlink:to="jpfr-t-cte_LossOnSalesOfInvestmentSecuritiesEL" xlink:arcrole="http://www.xbrl.org/2003/arcrole/summation-item" order="0.75" weight="1" />
    <link:calculationArc xlink:type="arc" xlink:from="jpfr-t-cte_ExtraordinaryIncome" xlink:to="jpfr-t-cte_GainOnBadDebtsRecoveredEI" xlink:arcrole="http://www.xbrl.org/2003/arcrole/summation-item" order="3" weight="1" />
    <link:calculationArc xlink:type="arc" xlink:from="jpfr-t-cte_ExtraordinaryLoss" xlink:to="jpfr-t-cte_CompensationForDamageEL" xlink:arcrole="http://www.xbrl.org/2003/arcrole/summation-item" order="6" weight="1" />
    <link:calculationArc xlink:type="arc" xlink:from="jpfr-t-cte_ExtraordinaryIncome" xlink:to="jpfr-t-cte_ReversalOfAllowanceForDoubtfulAccountsEI" xlink:arcrole="http://www.xbrl.org/2003/arcrole/summation-item" order="4" weight="1" />
    <link:calculationArc xlink:type="arc" xlink:from="jpfr-t-cte_NonOperatingIncome" xlink:to="jpfr-t-cte_RentIncomeNOI" xlink:arcrole="http://www.xbrl.org/2003/arcrole/summation-item" order="2.75" weight="1" />
    <link:calculationArc xlink:type="arc" xlink:from="jpfr-t-cte_ExtraordinaryLoss" xlink:to="jpfr-asr-E00097-000_SpecialRetirementAllowancesEL" xlink:arcrole="http://www.xbrl.org/2003/arcrole/summation-item" order="5" weight="1" />
    <link:calculationArc xlink:type="arc" xlink:from="jpfr-t-cte_ExtraordinaryLoss" xlink:to="jpfr-t-cte_LossOnRetirementOfNoncurrentAssetsEL" xlink:arcrole="http://www.xbrl.org/2003/arcrole/summation-item" order="0.5" weight="1" />
    <link:calculationArc xlink:type="arc" xlink:from="jpfr-t-cte_ExtraordinaryIncome" xlink:to="jpfr-t-cte_CompensationForTransferEI" xlink:arcrole="http://www.xbrl.org/2003/arcrole/summation-item" order="5" weight="1" />
    <link:calculationArc xlink:type="arc" xlink:from="jpfr-t-cte_ExtraordinaryIncome" xlink:to="jpfr-t-cte_OtherEI" xlink:arcrole="http://www.xbrl.org/2003/arcrole/summation-item" order="6" weight="1" />
    <link:calculationArc xlink:type="arc" xlink:from="jpfr-t-cte_NonOperatingIncome" xlink:to="jpfr-asr-E00097-000_APatentEnforcementIncomeNOI" xlink:arcrole="http://www.xbrl.org/2003/arcrole/summation-item" order="2.5" weight="1" />
    <link:calculationArc xlink:type="arc" xlink:from="jpfr-t-cte_ExtraordinaryLoss" xlink:to="jpfr-t-cte_LossOnValuationOfInvestmentSecuritiesEL" xlink:arcrole="http://www.xbrl.org/2003/arcrole/summation-item" order="0.875" weight="1" />
    <link:calculationArc xlink:type="arc" xlink:from="jpfr-t-cte_NonOperatingExpenses" xlink:to="jpfr-t-cte_OtherNOE" xlink:arcrole="http://www.xbrl.org/2003/arcrole/summation-item" order="1.5" weight="1" />
  </link:calculationLink>
</link:linkbase>