﻿<?xml version="1.0" encoding="utf-8"?>
<!-- Edited with XiRUTE .NET Library 01-04 -->
<link:linkbase xmlns:xlink="http://www.w3.org/1999/xlink" xmlns:xsi="http://www.w3.org/2001/XMLSchema-instance" xmlns:link="http://www.xbrl.org/2003/linkbase">
  <link:labelLink xlink:type="extended" xlink:role="http://www.xbrl.org/2003/role/link">
    <link:label xml:lang="en" xlink:type="resource" xlink:label="jpfr-asr-E00097-000_SpecialRetirementAllowancesPaidOpeCF_label" xlink:role="http://www.xbrl.org/2003/role/label">Special retirement allowances paid</link:label>
    <link:label xml:lang="en" xlink:type="resource" xlink:label="jpfr-asr-E00097-000_SpecialRetirementAllowancesPaidOpeCF_label_2" xlink:role="http://www.xbrl.org/2003/role/documentation">Special retirement allowances paid-OpeCF</link:label>
    <link:label xml:lang="en" xlink:type="resource" xlink:label="jpfr-asr-E00097-000_AccountsReceivableFromSideLineBusinessCNS_label_2" xlink:role="http://www.xbrl.org/2003/role/verboseLabel">Accounts receivable from side line business-CNS</link:label>
    <link:label xml:lang="en" xlink:type="resource" xlink:label="jpfr-asr-E00097-000_SpecialRetirementAllowancesEL_label" xlink:role="http://www.xbrl.org/2003/role/verboseLabel">Special retirement allowances-EL</link:label>
    <link:label xml:lang="en" xlink:type="resource" xlink:label="jpfr-asr-E00097-000_DepositGuaranteeMoneyAndOthersIOA_label_1" xlink:role="http://www.xbrl.org/2003/role/documentation">Deposit Guarantee Money And others-IOA</link:label>
    <link:label xml:lang="en" xlink:type="resource" xlink:label="jpfr-asr-E00097-000_AccountsPayableForSideLineBusinessCNS_label" xlink:role="http://www.xbrl.org/2003/role/label">Accounts payable for side line business</link:label>
    <link:label xml:lang="en" xlink:type="resource" xlink:label="jpfr-asr-E00097-000_ProceedsFromRedemptionOfMembershipInvCF_label_1" xlink:role="http://www.xbrl.org/2003/role/documentation">Proceeds from redemption of membership-InvCF</link:label>
    <link:label xml:lang="en" xlink:type="resource" xlink:label="jpfr-asr-E00097-000_AdvancesReceivedOnUmcompletedConstructionContractsAndOtherCNS_label_1" xlink:role="http://www.xbrl.org/2003/role/label">Advances received on umcompleted construction contracts and other</link:label>
    <link:label xml:lang="en" xlink:type="resource" xlink:label="jpfr-asr-E00097-000_OfficeTaxesAndOtherSGA_label" xlink:role="http://www.xbrl.org/2003/role/documentation">Office taxes and other-SGA</link:label>
    <link:label xml:lang="en" xlink:type="resource" xlink:label="jpfr-asr-E00097-000_BonusesAndProvisionForBonusesSGA_label" xlink:role="http://www.xbrl.org/2003/role/documentation">Bonuses and provision for bonuses-SGA</link:label>
    <link:label xml:lang="en" xlink:type="resource" xlink:label="jpfr-asr-E00097-000_ProceedsFromTreasuryStockPurchaseSubscriptionFromCompaniesAccountedForUsingTheEquityMethodInvCF_label_1" xlink:role="http://www.xbrl.org/2003/role/label">Proceeds from treasury stock purchase subscription from companies accounted for using the equity method</link:label>
    <link:label xml:lang="en" xlink:type="resource" xlink:label="jpfr-asr-E00097-000_AdvancesReceivedOnUmcompletedConstructionContractsAndOtherCNS_label_2" xlink:role="http://www.xbrl.org/2003/role/verboseLabel">Advances received on umcompleted construction contracts and other-CNS</link:label>
    <link:label xml:lang="en" xlink:type="resource" xlink:label="jpfr-asr-E00097-000_SpecialRetirementAllownacesOpeCF_label_2" xlink:role="http://www.xbrl.org/2003/role/label">Special retirement allownaces</link:label>
    <link:label xml:lang="en" xlink:type="resource" xlink:label="jpfr-asr-E00097-000_AdvancesReceivedOnUmcompletedConstructionContractsAndOtherCNS_label" xlink:role="http://www.xbrl.org/2003/role/documentation">Advances received on umcompleted construction contracts and other-CNS</link:label>
    <link:label xml:lang="en" xlink:type="resource" xlink:label="jpfr-asr-E00097-000_ProceedsFromTreasuryStockPurchaseSubscriptionFromCompaniesAccountedForUsingTheEquityMethodInvCF_label_2" xlink:role="http://www.xbrl.org/2003/role/verboseLabel">Proceeds from treasury stock purchase subscription from companies accounted for using the equity method-InvCF</link:label>
    <link:label xml:lang="en" xlink:type="resource" xlink:label="jpfr-asr-E00097-000_IncreaseDecreaseInAdvancesReceivedOnUmcompletedConstructionContractsAndOtherOpeCF_label" xlink:role="http://www.xbrl.org/2003/role/label">Increase (decrease) in advances received on umcompleted construction contracts and other</link:label>
    <link:label xml:lang="en" xlink:type="resource" xlink:label="jpfr-asr-E00097-000_DecreaseIncreaseInMaterialsProvisionOpeCF_label_1" xlink:role="http://www.xbrl.org/2003/role/label">Decrease (increase) in materials provision</link:label>
    <link:label xml:lang="en" xlink:type="resource" xlink:label="jpfr-asr-E00097-000_DepositGuaranteeMoneyAndOthersIOA_label_2" xlink:role="http://www.xbrl.org/2003/role/verboseLabel">Deposit Guarantee Money And others-IOA</link:label>
    <link:label xml:lang="en" xlink:type="resource" xlink:label="jpfr-asr-E00097-000_OfficeTaxesAndOtherSGA_label_2" xlink:role="http://www.xbrl.org/2003/role/label">Office taxes and other</link:label>
    <link:label xml:lang="en" xlink:type="resource" xlink:label="jpfr-asr-E00097-000_SpecialRetirementAllowancesPaidOpeCF_label_1" xlink:role="http://www.xbrl.org/2003/role/verboseLabel">Special retirement allowances paid-OpeCF</link:label>
    <link:label xml:lang="en" xlink:type="resource" xlink:label="jpfr-asr-E00097-000_ProceedsFromTreasuryStockPurchaseSubscriptionFromCompaniesAccountedForUsingTheEquityMethodInvCF_label" xlink:role="http://www.xbrl.org/2003/role/documentation">Proceeds from treasury stock purchase subscription from companies accounted for using the equity method-InvCF</link:label>
    <link:label xml:lang="en" xlink:type="resource" xlink:label="jpfr-asr-E00097-000_SpecialRetirementAllownacesOpeCF_label_1" xlink:role="http://www.xbrl.org/2003/role/verboseLabel">Special retirement allownaces-OpeCF</link:label>
    <link:label xml:lang="en" xlink:type="resource" xlink:label="jpfr-asr-E00097-000_BonusesAndProvisionForBonusesSGA_label_1" xlink:role="http://www.xbrl.org/2003/role/label">Bonuses and provision for bonuses</link:label>
    <link:label xml:lang="en" xlink:type="resource" xlink:label="jpfr-asr-E00097-000_AccountsReceivableFromSideLineBusinessCNS_label_1" xlink:role="http://www.xbrl.org/2003/role/label">Accounts receivable from side line business</link:label>
    <link:label xml:lang="en" xlink:type="resource" xlink:label="jpfr-asr-E00097-000_ProvisionForLossOnDisasterCL_label_1" xlink:role="http://www.xbrl.org/2003/role/verboseLabel">Provision for loss on disaster-CL</link:label>
    <link:label xml:lang="en" xlink:type="resource" xlink:label="jpfr-asr-E00097-000_IncreaseDecreaseInAdvancesReceivedOnUmcompletedConstructionContractsAndOtherOpeCF_label_2" xlink:role="http://www.xbrl.org/2003/role/documentation">Increase (decrease) in advances received on umcompleted construction contracts and other-OpeCF</link:label>
    <link:label xml:lang="en" xlink:type="resource" xlink:label="jpfr-asr-E00097-000_AccountsPayableForSideLineBusinessCNS_label_1" xlink:role="http://www.xbrl.org/2003/role/verboseLabel">Accounts payable for side line business-CNS</link:label>
    <link:label xml:lang="en" xlink:type="resource" xlink:label="jpfr-asr-E00097-000_SpecialRetirementAllownacesOpeCF_label" xlink:role="http://www.xbrl.org/2003/role/documentation">Special retirement allownaces-OpeCF</link:label>
    <link:label xml:lang="en" xlink:type="resource" xlink:label="jpfr-asr-E00097-000_ProvisionForLossOnDisasterCL_label" xlink:role="http://www.xbrl.org/2003/role/label">Provision for loss on disaster</link:label>
    <link:label xml:lang="en" xlink:type="resource" xlink:label="jpfr-asr-E00097-000_DecreaseIncreaseInMaterialsProvisionOpeCF_label" xlink:role="http://www.xbrl.org/2003/role/documentation">Decrease (increase) in materials provision-OpeCF</link:label>
    <link:label xml:lang="en" xlink:type="resource" xlink:label="jpfr-asr-E00097-000_SpecialRetirementAllowancesEL_label_2" xlink:role="http://www.xbrl.org/2003/role/documentation">Special retirement allowances-EL</link:label>
    <link:label xml:lang="en" xlink:type="resource" xlink:label="jpfr-asr-E00097-000_BonusesAndProvisionForBonusesSGA_label_2" xlink:role="http://www.xbrl.org/2003/role/verboseLabel">Bonuses and provision for bonuses-SGA</link:label>
    <link:label xml:lang="en" xlink:type="resource" xlink:label="jpfr-asr-E00097-000_APatentEnforcementIncomeNOI_label" xlink:role="http://www.xbrl.org/2003/role/label">A patent enforcement income</link:label>
    <link:label xml:lang="en" xlink:type="resource" xlink:label="jpfr-asr-E00097-000_ProceedsFromRedemptionOfMembershipInvCF_label" xlink:role="http://www.xbrl.org/2003/role/label">Proceeds from redemption of membership</link:label>
    <link:label xml:lang="en" xlink:type="resource" xlink:label="jpfr-asr-E00097-000_SpecialRetirementAllowancesEL_label_1" xlink:role="http://www.xbrl.org/2003/role/label">Special retirement allowances</link:label>
    <link:label xml:lang="en" xlink:type="resource" xlink:label="jpfr-asr-E00097-000_DecreaseIncreaseInMaterialsProvisionOpeCF_label_2" xlink:role="http://www.xbrl.org/2003/role/verboseLabel">Decrease (increase) in materials provision-OpeCF</link:label>
    <link:label xml:lang="en" xlink:type="resource" xlink:label="jpfr-asr-E00097-000_DepositGuaranteeMoneyAndOthersIOA_label" xlink:role="http://www.xbrl.org/2003/role/label">Deposit Guarantee Money And others</link:label>
    <link:label xml:lang="en" xlink:type="resource" xlink:label="jpfr-asr-E00097-000_APatentEnforcementIncomeNOI_label_1" xlink:role="http://www.xbrl.org/2003/role/documentation">A patent enforcement income-NOI</link:label>
    <link:label xml:lang="en" xlink:type="resource" xlink:label="jpfr-asr-E00097-000_ProceedsFromRedemptionOfMembershipInvCF_label_2" xlink:role="http://www.xbrl.org/2003/role/verboseLabel">Proceeds from redemption of membership-InvCF</link:label>
    <link:label xml:lang="en" xlink:type="resource" xlink:label="jpfr-asr-E00097-000_OfficeTaxesAndOtherSGA_label_1" xlink:role="http://www.xbrl.org/2003/role/verboseLabel">Office taxes and other-SGA</link:label>
    <link:label xml:lang="en" xlink:type="resource" xlink:label="jpfr-asr-E00097-000_APatentEnforcementIncomeNOI_label_2" xlink:role="http://www.xbrl.org/2003/role/verboseLabel">A patent enforcement income-NOI</link:label>
    <link:label xml:lang="en" xlink:type="resource" xlink:label="jpfr-asr-E00097-000_ProvisionForLossOnDisasterCL_label_2" xlink:role="http://www.xbrl.org/2003/role/documentation">Provision for loss on disaster-CL</link:label>
    <link:label xml:lang="en" xlink:type="resource" xlink:label="jpfr-asr-E00097-000_IncreaseDecreaseInAdvancesReceivedOnUmcompletedConstructionContractsAndOtherOpeCF_label_1" xlink:role="http://www.xbrl.org/2003/role/verboseLabel">Increase (decrease) in advances received on umcompleted construction contracts and other-OpeCF</link:label>
    <link:label xml:lang="en" xlink:type="resource" xlink:label="jpfr-asr-E00097-000_AccountsReceivableFromSideLineBusinessCNS_label" xlink:role="http://www.xbrl.org/2003/role/documentation">Accounts receivable from side line business-CNS</link:label>
    <link:label xml:lang="en" xlink:type="resource" xlink:label="jpfr-asr-E00097-000_AccountsPayableForSideLineBusinessCNS_label_2" xlink:role="http://www.xbrl.org/2003/role/documentation">Accounts payable for side line business-CNS</link:label>
    <link:loc xlink:type="locator" xlink:href="jpfr-asr-E00097-000-2011-03-31-01-2011-06-28.xsd#jpfr-asr-E00097-000_BonusesAndProvisionForBonusesSGA" xlink:label="jpfr-asr-E00097-000_BonusesAndProvisionForBonusesSGA" />
    <link:loc xlink:type="locator" xlink:href="jpfr-asr-E00097-000-2011-03-31-01-2011-06-28.xsd#jpfr-asr-E00097-000_ProvisionForLossOnDisasterCL" xlink:label="jpfr-asr-E00097-000_ProvisionForLossOnDisasterCL" />
    <link:loc xlink:type="locator" xlink:href="jpfr-asr-E00097-000-2011-03-31-01-2011-06-28.xsd#jpfr-asr-E00097-000_DepositGuaranteeMoneyAndOthersIOA" xlink:label="jpfr-asr-E00097-000_DepositGuaranteeMoneyAndOthersIOA" />
    <link:loc xlink:type="locator" xlink:href="jpfr-asr-E00097-000-2011-03-31-01-2011-06-28.xsd#jpfr-asr-E00097-000_SpecialRetirementAllowancesPaidOpeCF" xlink:label="jpfr-asr-E00097-000_SpecialRetirementAllowancesPaidOpeCF" />
    <link:loc xlink:type="locator" xlink:href="jpfr-asr-E00097-000-2011-03-31-01-2011-06-28.xsd#jpfr-asr-E00097-000_AccountsReceivableFromSideLineBusinessCNS" xlink:label="jpfr-asr-E00097-000_AccountsReceivableFromSideLineBusinessCNS" />
    <link:loc xlink:type="locator" xlink:href="jpfr-asr-E00097-000-2011-03-31-01-2011-06-28.xsd#jpfr-asr-E00097-000_ProceedsFromTreasuryStockPurchaseSubscriptionFromCompaniesAccountedForUsingTheEquityMethodInvCF" xlink:label="jpfr-asr-E00097-000_ProceedsFromTreasuryStockPurchaseSubscriptionFromCompaniesAccountedForUsingTheEquityMethodInvCF" />
    <link:loc xlink:type="locator" xlink:href="jpfr-asr-E00097-000-2011-03-31-01-2011-06-28.xsd#jpfr-asr-E00097-000_SpecialRetirementAllownacesOpeCF" xlink:label="jpfr-asr-E00097-000_SpecialRetirementAllownacesOpeCF" />
    <link:loc xlink:type="locator" xlink:href="jpfr-asr-E00097-000-2011-03-31-01-2011-06-28.xsd#jpfr-asr-E00097-000_ProceedsFromRedemptionOfMembershipInvCF" xlink:label="jpfr-asr-E00097-000_ProceedsFromRedemptionOfMembershipInvCF" />
    <link:loc xlink:type="locator" xlink:href="jpfr-asr-E00097-000-2011-03-31-01-2011-06-28.xsd#jpfr-asr-E00097-000_OfficeTaxesAndOtherSGA" xlink:label="jpfr-asr-E00097-000_OfficeTaxesAndOtherSGA" />
    <link:loc xlink:type="locator" xlink:href="jpfr-asr-E00097-000-2011-03-31-01-2011-06-28.xsd#jpfr-asr-E00097-000_SpecialRetirementAllowancesEL" xlink:label="jpfr-asr-E00097-000_SpecialRetirementAllowancesEL" />
    <link:loc xlink:type="locator" xlink:href="jpfr-asr-E00097-000-2011-03-31-01-2011-06-28.xsd#jpfr-asr-E00097-000_AccountsPayableForSideLineBusinessCNS" xlink:label="jpfr-asr-E00097-000_AccountsPayableForSideLineBusinessCNS" />
    <link:loc xlink:type="locator" xlink:href="jpfr-asr-E00097-000-2011-03-31-01-2011-06-28.xsd#jpfr-asr-E00097-000_AdvancesReceivedOnUmcompletedConstructionContractsAndOtherCNS" xlink:label="jpfr-asr-E00097-000_AdvancesReceivedOnUmcompletedConstructionContractsAndOtherCNS" />
    <link:loc xlink:type="locator" xlink:href="jpfr-asr-E00097-000-2011-03-31-01-2011-06-28.xsd#jpfr-asr-E00097-000_IncreaseDecreaseInAdvancesReceivedOnUmcompletedConstructionContractsAndOtherOpeCF" xlink:label="jpfr-asr-E00097-000_IncreaseDecreaseInAdvancesReceivedOnUmcompletedConstructionContractsAndOtherOpeCF" />
    <link:loc xlink:type="locator" xlink:href="jpfr-asr-E00097-000-2011-03-31-01-2011-06-28.xsd#jpfr-asr-E00097-000_DecreaseIncreaseInMaterialsProvisionOpeCF" xlink:label="jpfr-asr-E00097-000_DecreaseIncreaseInMaterialsProvisionOpeCF" />
    <link:loc xlink:type="locator" xlink:href="jpfr-asr-E00097-000-2011-03-31-01-2011-06-28.xsd#jpfr-asr-E00097-000_APatentEnforcementIncomeNOI" xlink:label="jpfr-asr-E00097-000_APatentEnforcementIncomeNOI" />
    <link:labelArc xlink:type="arc" xlink:from="jpfr-asr-E00097-000_SpecialRetirementAllowancesPaidOpeCF" xlink:to="jpfr-asr-E00097-000_SpecialRetirementAllowancesPaidOpeCF_label" xlink:arcrole="http://www.xbrl.org/2003/arcrole/concept-label" order="1" />
    <link:labelArc xlink:type="arc" xlink:from="jpfr-asr-E00097-000_DepositGuaranteeMoneyAndOthersIOA" xlink:to="jpfr-asr-E00097-000_DepositGuaranteeMoneyAndOthersIOA_label" xlink:arcrole="http://www.xbrl.org/2003/arcrole/concept-label" order="1" />
    <link:labelArc xlink:type="arc" xlink:from="jpfr-asr-E00097-000_SpecialRetirementAllowancesPaidOpeCF" xlink:to="jpfr-asr-E00097-000_SpecialRetirementAllowancesPaidOpeCF_label_1" xlink:arcrole="http://www.xbrl.org/2003/arcrole/concept-label" order="1" />
    <link:labelArc xlink:type="arc" xlink:from="jpfr-asr-E00097-000_ProceedsFromTreasuryStockPurchaseSubscriptionFromCompaniesAccountedForUsingTheEquityMethodInvCF" xlink:to="jpfr-asr-E00097-000_ProceedsFromTreasuryStockPurchaseSubscriptionFromCompaniesAccountedForUsingTheEquityMethodInvCF_label" xlink:arcrole="http://www.xbrl.org/2003/arcrole/concept-label" order="1" />
    <link:labelArc xlink:type="arc" xlink:from="jpfr-asr-E00097-000_SpecialRetirementAllowancesEL" xlink:to="jpfr-asr-E00097-000_SpecialRetirementAllowancesEL_label" xlink:arcrole="http://www.xbrl.org/2003/arcrole/concept-label" order="1" />
    <link:labelArc xlink:type="arc" xlink:from="jpfr-asr-E00097-000_AccountsPayableForSideLineBusinessCNS" xlink:to="jpfr-asr-E00097-000_AccountsPayableForSideLineBusinessCNS_label" xlink:arcrole="http://www.xbrl.org/2003/arcrole/concept-label" order="1" />
    <link:labelArc xlink:type="arc" xlink:from="jpfr-asr-E00097-000_ProceedsFromTreasuryStockPurchaseSubscriptionFromCompaniesAccountedForUsingTheEquityMethodInvCF" xlink:to="jpfr-asr-E00097-000_ProceedsFromTreasuryStockPurchaseSubscriptionFromCompaniesAccountedForUsingTheEquityMethodInvCF_label_1" xlink:arcrole="http://www.xbrl.org/2003/arcrole/concept-label" order="1" />
    <link:labelArc xlink:type="arc" xlink:from="jpfr-asr-E00097-000_ProvisionForLossOnDisasterCL" xlink:to="jpfr-asr-E00097-000_ProvisionForLossOnDisasterCL_label" xlink:arcrole="http://www.xbrl.org/2003/arcrole/concept-label" order="1" />
    <link:labelArc xlink:type="arc" xlink:from="jpfr-asr-E00097-000_APatentEnforcementIncomeNOI" xlink:to="jpfr-asr-E00097-000_APatentEnforcementIncomeNOI_label" xlink:arcrole="http://www.xbrl.org/2003/arcrole/concept-label" order="1" />
    <link:labelArc xlink:type="arc" xlink:from="jpfr-asr-E00097-000_IncreaseDecreaseInAdvancesReceivedOnUmcompletedConstructionContractsAndOtherOpeCF" xlink:to="jpfr-asr-E00097-000_IncreaseDecreaseInAdvancesReceivedOnUmcompletedConstructionContractsAndOtherOpeCF_label" xlink:arcrole="http://www.xbrl.org/2003/arcrole/concept-label" order="1" />
    <link:labelArc xlink:type="arc" xlink:from="jpfr-asr-E00097-000_AdvancesReceivedOnUmcompletedConstructionContractsAndOtherCNS" xlink:to="jpfr-asr-E00097-000_AdvancesReceivedOnUmcompletedConstructionContractsAndOtherCNS_label" xlink:arcrole="http://www.xbrl.org/2003/arcrole/concept-label" order="1" />
    <link:labelArc xlink:type="arc" xlink:from="jpfr-asr-E00097-000_BonusesAndProvisionForBonusesSGA" xlink:to="jpfr-asr-E00097-000_BonusesAndProvisionForBonusesSGA_label" xlink:arcrole="http://www.xbrl.org/2003/arcrole/concept-label" order="1" />
    <link:labelArc xlink:type="arc" xlink:from="jpfr-asr-E00097-000_SpecialRetirementAllowancesPaidOpeCF" xlink:to="jpfr-asr-E00097-000_SpecialRetirementAllowancesPaidOpeCF_label_2" xlink:arcrole="http://www.xbrl.org/2003/arcrole/concept-label" order="1" />
    <link:labelArc xlink:type="arc" xlink:from="jpfr-asr-E00097-000_ProceedsFromRedemptionOfMembershipInvCF" xlink:to="jpfr-asr-E00097-000_ProceedsFromRedemptionOfMembershipInvCF_label" xlink:arcrole="http://www.xbrl.org/2003/arcrole/concept-label" order="1" />
    <link:labelArc xlink:type="arc" xlink:from="jpfr-asr-E00097-000_ProceedsFromRedemptionOfMembershipInvCF" xlink:to="jpfr-asr-E00097-000_ProceedsFromRedemptionOfMembershipInvCF_label_1" xlink:arcrole="http://www.xbrl.org/2003/arcrole/concept-label" order="1" />
    <link:labelArc xlink:type="arc" xlink:from="jpfr-asr-E00097-000_ProvisionForLossOnDisasterCL" xlink:to="jpfr-asr-E00097-000_ProvisionForLossOnDisasterCL_label_1" xlink:arcrole="http://www.xbrl.org/2003/arcrole/concept-label" order="1" />
    <link:labelArc xlink:type="arc" xlink:from="jpfr-asr-E00097-000_AccountsPayableForSideLineBusinessCNS" xlink:to="jpfr-asr-E00097-000_AccountsPayableForSideLineBusinessCNS_label_1" xlink:arcrole="http://www.xbrl.org/2003/arcrole/concept-label" order="1" />
    <link:labelArc xlink:type="arc" xlink:from="jpfr-asr-E00097-000_AccountsReceivableFromSideLineBusinessCNS" xlink:to="jpfr-asr-E00097-000_AccountsReceivableFromSideLineBusinessCNS_label" xlink:arcrole="http://www.xbrl.org/2003/arcrole/concept-label" order="1" />
    <link:labelArc xlink:type="arc" xlink:from="jpfr-asr-E00097-000_ProceedsFromTreasuryStockPurchaseSubscriptionFromCompaniesAccountedForUsingTheEquityMethodInvCF" xlink:to="jpfr-asr-E00097-000_ProceedsFromTreasuryStockPurchaseSubscriptionFromCompaniesAccountedForUsingTheEquityMethodInvCF_label_2" xlink:arcrole="http://www.xbrl.org/2003/arcrole/concept-label" order="1" />
    <link:labelArc xlink:type="arc" xlink:from="jpfr-asr-E00097-000_DecreaseIncreaseInMaterialsProvisionOpeCF" xlink:to="jpfr-asr-E00097-000_DecreaseIncreaseInMaterialsProvisionOpeCF_label" xlink:arcrole="http://www.xbrl.org/2003/arcrole/concept-label" order="1" />
    <link:labelArc xlink:type="arc" xlink:from="jpfr-asr-E00097-000_APatentEnforcementIncomeNOI" xlink:to="jpfr-asr-E00097-000_APatentEnforcementIncomeNOI_label_1" xlink:arcrole="http://www.xbrl.org/2003/arcrole/concept-label" order="1" />
    <link:labelArc xlink:type="arc" xlink:from="jpfr-asr-E00097-000_AccountsReceivableFromSideLineBusinessCNS" xlink:to="jpfr-asr-E00097-000_AccountsReceivableFromSideLineBusinessCNS_label_1" xlink:arcrole="http://www.xbrl.org/2003/arcrole/concept-label" order="1" />
    <link:labelArc xlink:type="arc" xlink:from="jpfr-asr-E00097-000_SpecialRetirementAllowancesEL" xlink:to="jpfr-asr-E00097-000_SpecialRetirementAllowancesEL_label_1" xlink:arcrole="http://www.xbrl.org/2003/arcrole/concept-label" order="1" />
    <link:labelArc xlink:type="arc" xlink:from="jpfr-asr-E00097-000_IncreaseDecreaseInAdvancesReceivedOnUmcompletedConstructionContractsAndOtherOpeCF" xlink:to="jpfr-asr-E00097-000_IncreaseDecreaseInAdvancesReceivedOnUmcompletedConstructionContractsAndOtherOpeCF_label_1" xlink:arcrole="http://www.xbrl.org/2003/arcrole/concept-label" order="1" />
    <link:labelArc xlink:type="arc" xlink:from="jpfr-asr-E00097-000_DecreaseIncreaseInMaterialsProvisionOpeCF" xlink:to="jpfr-asr-E00097-000_DecreaseIncreaseInMaterialsProvisionOpeCF_label_1" xlink:arcrole="http://www.xbrl.org/2003/arcrole/concept-label" order="1" />
    <link:labelArc xlink:type="arc" xlink:from="jpfr-asr-E00097-000_APatentEnforcementIncomeNOI" xlink:to="jpfr-asr-E00097-000_APatentEnforcementIncomeNOI_label_2" xlink:arcrole="http://www.xbrl.org/2003/arcrole/concept-label" order="1" />
    <link:labelArc xlink:type="arc" xlink:from="jpfr-asr-E00097-000_ProvisionForLossOnDisasterCL" xlink:to="jpfr-asr-E00097-000_ProvisionForLossOnDisasterCL_label_2" xlink:arcrole="http://www.xbrl.org/2003/arcrole/concept-label" order="1" />
    <link:labelArc xlink:type="arc" xlink:from="jpfr-asr-E00097-000_DecreaseIncreaseInMaterialsProvisionOpeCF" xlink:to="jpfr-asr-E00097-000_DecreaseIncreaseInMaterialsProvisionOpeCF_label_2" xlink:arcrole="http://www.xbrl.org/2003/arcrole/concept-label" order="1" />
    <link:labelArc xlink:type="arc" xlink:from="jpfr-asr-E00097-000_BonusesAndProvisionForBonusesSGA" xlink:to="jpfr-asr-E00097-000_BonusesAndProvisionForBonusesSGA_label_1" xlink:arcrole="http://www.xbrl.org/2003/arcrole/concept-label" order="1" />
    <link:labelArc xlink:type="arc" xlink:from="jpfr-asr-E00097-000_SpecialRetirementAllowancesEL" xlink:to="jpfr-asr-E00097-000_SpecialRetirementAllowancesEL_label_2" xlink:arcrole="http://www.xbrl.org/2003/arcrole/concept-label" order="1" />
    <link:labelArc xlink:type="arc" xlink:from="jpfr-asr-E00097-000_SpecialRetirementAllownacesOpeCF" xlink:to="jpfr-asr-E00097-000_SpecialRetirementAllownacesOpeCF_label" xlink:arcrole="http://www.xbrl.org/2003/arcrole/concept-label" order="1" />
    <link:labelArc xlink:type="arc" xlink:from="jpfr-asr-E00097-000_OfficeTaxesAndOtherSGA" xlink:to="jpfr-asr-E00097-000_OfficeTaxesAndOtherSGA_label" xlink:arcrole="http://www.xbrl.org/2003/arcrole/concept-label" order="1" />
    <link:labelArc xlink:type="arc" xlink:from="jpfr-asr-E00097-000_SpecialRetirementAllownacesOpeCF" xlink:to="jpfr-asr-E00097-000_SpecialRetirementAllownacesOpeCF_label_1" xlink:arcrole="http://www.xbrl.org/2003/arcrole/concept-label" order="1" />
    <link:labelArc xlink:type="arc" xlink:from="jpfr-asr-E00097-000_SpecialRetirementAllownacesOpeCF" xlink:to="jpfr-asr-E00097-000_SpecialRetirementAllownacesOpeCF_label_2" xlink:arcrole="http://www.xbrl.org/2003/arcrole/concept-label" order="1" />
    <link:labelArc xlink:type="arc" xlink:from="jpfr-asr-E00097-000_DepositGuaranteeMoneyAndOthersIOA" xlink:to="jpfr-asr-E00097-000_DepositGuaranteeMoneyAndOthersIOA_label_1" xlink:arcrole="http://www.xbrl.org/2003/arcrole/concept-label" order="1" />
    <link:labelArc xlink:type="arc" xlink:from="jpfr-asr-E00097-000_AdvancesReceivedOnUmcompletedConstructionContractsAndOtherCNS" xlink:to="jpfr-asr-E00097-000_AdvancesReceivedOnUmcompletedConstructionContractsAndOtherCNS_label_1" xlink:arcrole="http://www.xbrl.org/2003/arcrole/concept-label" order="1" />
    <link:labelArc xlink:type="arc" xlink:from="jpfr-asr-E00097-000_ProceedsFromRedemptionOfMembershipInvCF" xlink:to="jpfr-asr-E00097-000_ProceedsFromRedemptionOfMembershipInvCF_label_2" xlink:arcrole="http://www.xbrl.org/2003/arcrole/concept-label" order="1" />
    <link:labelArc xlink:type="arc" xlink:from="jpfr-asr-E00097-000_OfficeTaxesAndOtherSGA" xlink:to="jpfr-asr-E00097-000_OfficeTaxesAndOtherSGA_label_1" xlink:arcrole="http://www.xbrl.org/2003/arcrole/concept-label" order="1" />
    <link:labelArc xlink:type="arc" xlink:from="jpfr-asr-E00097-000_AccountsPayableForSideLineBusinessCNS" xlink:to="jpfr-asr-E00097-000_AccountsPayableForSideLineBusinessCNS_label_2" xlink:arcrole="http://www.xbrl.org/2003/arcrole/concept-label" order="1" />
    <link:labelArc xlink:type="arc" xlink:from="jpfr-asr-E00097-000_OfficeTaxesAndOtherSGA" xlink:to="jpfr-asr-E00097-000_OfficeTaxesAndOtherSGA_label_2" xlink:arcrole="http://www.xbrl.org/2003/arcrole/concept-label" order="1" />
    <link:labelArc xlink:type="arc" xlink:from="jpfr-asr-E00097-000_DepositGuaranteeMoneyAndOthersIOA" xlink:to="jpfr-asr-E00097-000_DepositGuaranteeMoneyAndOthersIOA_label_2" xlink:arcrole="http://www.xbrl.org/2003/arcrole/concept-label" order="1" />
    <link:labelArc xlink:type="arc" xlink:from="jpfr-asr-E00097-000_IncreaseDecreaseInAdvancesReceivedOnUmcompletedConstructionContractsAndOtherOpeCF" xlink:to="jpfr-asr-E00097-000_IncreaseDecreaseInAdvancesReceivedOnUmcompletedConstructionContractsAndOtherOpeCF_label_2" xlink:arcrole="http://www.xbrl.org/2003/arcrole/concept-label" order="1" />
    <link:labelArc xlink:type="arc" xlink:from="jpfr-asr-E00097-000_AccountsReceivableFromSideLineBusinessCNS" xlink:to="jpfr-asr-E00097-000_AccountsReceivableFromSideLineBusinessCNS_label_2" xlink:arcrole="http://www.xbrl.org/2003/arcrole/concept-label" order="1" />
    <link:labelArc xlink:type="arc" xlink:from="jpfr-asr-E00097-000_AdvancesReceivedOnUmcompletedConstructionContractsAndOtherCNS" xlink:to="jpfr-asr-E00097-000_AdvancesReceivedOnUmcompletedConstructionContractsAndOtherCNS_label_2" xlink:arcrole="http://www.xbrl.org/2003/arcrole/concept-label" order="1" />
    <link:labelArc xlink:type="arc" xlink:from="jpfr-asr-E00097-000_BonusesAndProvisionForBonusesSGA" xlink:to="jpfr-asr-E00097-000_BonusesAndProvisionForBonusesSGA_label_2" xlink:arcrole="http://www.xbrl.org/2003/arcrole/concept-label" order="1" />
  </link:labelLink>
</link:linkbase>