﻿<?xml version="1.0" encoding="utf-8"?>
<!-- Edited with XiRUTE .NET Library 01-04 -->
<link:linkbase xmlns:xlink="http://www.w3.org/1999/xlink" xmlns:xsi="http://www.w3.org/2001/XMLSchema-instance" xmlns:link="http://www.xbrl.org/2003/linkbase">
  <link:labelLink xlink:type="extended" xlink:role="http://www.xbrl.org/2003/role/link">
    <link:label xml:lang="ja" xlink:type="resource" xlink:label="jpfr-asr-E00097-000_AdvancesReceivedOnUmcompletedConstructionContractsAndOtherCNS_label_2" xlink:role="http://www.xbrl.org/2003/role/verboseLabel">未成工事受入金等、建設業</link:label>
    <link:label xml:lang="ja" xlink:type="resource" xlink:label="jpfr-asr-E00097-000_SpecialRetirementAllownacesOpeCF_label_2" xlink:role="http://www.xbrl.org/2003/role/label">特別退職金等</link:label>
    <link:label xml:lang="ja" xlink:type="resource" xlink:label="jpfr-asr-E00097-000_DecreaseIncreaseInMaterialsProvisionOpeCF_label_2" xlink:role="http://www.xbrl.org/2003/role/verboseLabel">材料貯蔵品の増減額(△は増加）、営業活動によるキャッシュ・フロー</link:label>
    <link:label xml:lang="ja" xlink:type="resource" xlink:label="jpfr-asr-E00097-000_IncreaseDecreaseInAdvancesReceivedOnUmcompletedConstructionContractsAndOtherOpeCF_label" xlink:role="http://www.xbrl.org/2003/role/label">未成工事受入金等の増減額（△は減少）</link:label>
    <link:label xml:lang="ja" xlink:type="resource" xlink:label="jpfr-asr-E00097-000_DepositGuaranteeMoneyAndOthersIOA_label" xlink:role="http://www.xbrl.org/2003/role/label">敷金保証金</link:label>
    <link:label xml:lang="ja" xlink:type="resource" xlink:label="jpfr-asr-E00097-000_ProceedsFromRedemptionOfMembershipInvCF_label_1" xlink:role="http://www.xbrl.org/2003/role/documentation">会員権の償還による収入、投資活動によるキャッシュ・フロー</link:label>
    <link:label xml:lang="ja" xlink:type="resource" xlink:label="jpfr-asr-E00097-000_OfficeTaxesAndOtherSGA_label_2" xlink:role="http://www.xbrl.org/2003/role/label">事業所税等</link:label>
    <link:label xml:lang="ja" xlink:type="resource" xlink:label="jpfr-asr-E00097-000_ProvisionForLossOnDisasterCL_label_2" xlink:role="http://www.xbrl.org/2003/role/documentation">災害損失引当金、流動負債</link:label>
    <link:label xml:lang="ja" xlink:type="resource" xlink:label="jpfr-asr-E00097-000_SpecialRetirementAllowancesPaidOpeCF_label_2" xlink:role="http://www.xbrl.org/2003/role/documentation">特別退職金等の支払額、営業活動によるキャッシュ・フロー</link:label>
    <link:label xml:lang="ja" xlink:type="resource" xlink:label="jpfr-asr-E00097-000_DepositGuaranteeMoneyAndOthersIOA_label_1" xlink:role="http://www.xbrl.org/2003/role/documentation">敷金保証金、投資その他の資産</link:label>
    <link:label xml:lang="ja" xlink:type="resource" xlink:label="jpfr-asr-E00097-000_ProceedsFromTreasuryStockPurchaseSubscriptionFromCompaniesAccountedForUsingTheEquityMethodInvCF_label" xlink:role="http://www.xbrl.org/2003/role/documentation">持分法適用関連会社による自己株式買付応募に伴う収入、投資活動によるキャッシュ・フロー</link:label>
    <link:label xml:lang="ja" xlink:type="resource" xlink:label="jpfr-asr-E00097-000_SpecialRetirementAllowancesPaidOpeCF_label_1" xlink:role="http://www.xbrl.org/2003/role/verboseLabel">特別退職金等の支払額、営業活動によるキャッシュ・フロー</link:label>
    <link:label xml:lang="ja" xlink:type="resource" xlink:label="jpfr-asr-E00097-000_SpecialRetirementAllowancesEL_label" xlink:role="http://www.xbrl.org/2003/role/verboseLabel">特別退職金等、特別損失</link:label>
    <link:label xml:lang="ja" xlink:type="resource" xlink:label="jpfr-asr-E00097-000_OfficeTaxesAndOtherSGA_label" xlink:role="http://www.xbrl.org/2003/role/documentation">事業所税等、販売費及び一般管理費</link:label>
    <link:label xml:lang="ja" xlink:type="resource" xlink:label="jpfr-asr-E00097-000_AccountsPayableForSideLineBusinessCNS_label" xlink:role="http://www.xbrl.org/2003/role/label">兼業事業未払金</link:label>
    <link:label xml:lang="ja" xlink:type="resource" xlink:label="jpfr-asr-E00097-000_DepositGuaranteeMoneyAndOthersIOA_label_2" xlink:role="http://www.xbrl.org/2003/role/verboseLabel">敷金保証金、投資その他の資産</link:label>
    <link:label xml:lang="ja" xlink:type="resource" xlink:label="jpfr-asr-E00097-000_BonusesAndProvisionForBonusesSGA_label" xlink:role="http://www.xbrl.org/2003/role/documentation">賞与及び賞与引当金繰入額、販売費及び一般管理費</link:label>
    <link:label xml:lang="ja" xlink:type="resource" xlink:label="jpfr-asr-E00097-000_ProceedsFromTreasuryStockPurchaseSubscriptionFromCompaniesAccountedForUsingTheEquityMethodInvCF_label_2" xlink:role="http://www.xbrl.org/2003/role/verboseLabel">持分法適用関連会社による自己株式買付応募に伴う収入、投資活動によるキャッシュ・フロー</link:label>
    <link:label xml:lang="ja" xlink:type="resource" xlink:label="jpfr-asr-E00097-000_AdvancesReceivedOnUmcompletedConstructionContractsAndOtherCNS_label_1" xlink:role="http://www.xbrl.org/2003/role/label">未成工事受入金等</link:label>
    <link:label xml:lang="ja" xlink:type="resource" xlink:label="jpfr-asr-E00097-000_ProvisionForLossOnDisasterCL_label" xlink:role="http://www.xbrl.org/2003/role/label">災害損失引当金</link:label>
    <link:label xml:lang="ja" xlink:type="resource" xlink:label="jpfr-asr-E00097-000_ProceedsFromTreasuryStockPurchaseSubscriptionFromCompaniesAccountedForUsingTheEquityMethodInvCF_label_1" xlink:role="http://www.xbrl.org/2003/role/label">持分法適用関連会社による自己株式買付応募に伴う収入</link:label>
    <link:label xml:lang="ja" xlink:type="resource" xlink:label="jpfr-asr-E00097-000_APatentEnforcementIncomeNOI_label" xlink:role="http://www.xbrl.org/2003/role/label">特許実施収入</link:label>
    <link:label xml:lang="ja" xlink:type="resource" xlink:label="jpfr-asr-E00097-000_AccountsPayableForSideLineBusinessCNS_label_2" xlink:role="http://www.xbrl.org/2003/role/documentation">兼業事業未払金、建設業</link:label>
    <link:label xml:lang="ja" xlink:type="resource" xlink:label="jpfr-asr-E00097-000_AdvancesReceivedOnUmcompletedConstructionContractsAndOtherCNS_label" xlink:role="http://www.xbrl.org/2003/role/documentation">未成工事受入金等、建設業</link:label>
    <link:label xml:lang="ja" xlink:type="resource" xlink:label="jpfr-asr-E00097-000_SpecialRetirementAllowancesEL_label_1" xlink:role="http://www.xbrl.org/2003/role/label">特別退職金等</link:label>
    <link:label xml:lang="ja" xlink:type="resource" xlink:label="jpfr-asr-E00097-000_SpecialRetirementAllownacesOpeCF_label_1" xlink:role="http://www.xbrl.org/2003/role/verboseLabel">特別退職金等、営業活動によるキャッシュ・フロー</link:label>
    <link:label xml:lang="ja" xlink:type="resource" xlink:label="jpfr-asr-E00097-000_APatentEnforcementIncomeNOI_label_2" xlink:role="http://www.xbrl.org/2003/role/verboseLabel">特許実施収入、営業外収益</link:label>
    <link:label xml:lang="ja" xlink:type="resource" xlink:label="jpfr-asr-E00097-000_BonusesAndProvisionForBonusesSGA_label_1" xlink:role="http://www.xbrl.org/2003/role/label">賞与及び賞与引当金繰入額</link:label>
    <link:label xml:lang="ja" xlink:type="resource" xlink:label="jpfr-asr-E00097-000_APatentEnforcementIncomeNOI_label_1" xlink:role="http://www.xbrl.org/2003/role/documentation">特許実施収入、営業外収益</link:label>
    <link:label xml:lang="ja" xlink:type="resource" xlink:label="jpfr-asr-E00097-000_IncreaseDecreaseInAdvancesReceivedOnUmcompletedConstructionContractsAndOtherOpeCF_label_1" xlink:role="http://www.xbrl.org/2003/role/verboseLabel">未成工事受入金等の増減額（△は減少）、営業活動によるキャッシュ・フロー</link:label>
    <link:label xml:lang="ja" xlink:type="resource" xlink:label="jpfr-asr-E00097-000_ProvisionForLossOnDisasterCL_label_1" xlink:role="http://www.xbrl.org/2003/role/verboseLabel">災害損失引当金、流動負債</link:label>
    <link:label xml:lang="ja" xlink:type="resource" xlink:label="jpfr-asr-E00097-000_SpecialRetirementAllowancesEL_label_2" xlink:role="http://www.xbrl.org/2003/role/documentation">特別退職金等、特別損失</link:label>
    <link:label xml:lang="ja" xlink:type="resource" xlink:label="jpfr-asr-E00097-000_ProceedsFromRedemptionOfMembershipInvCF_label_2" xlink:role="http://www.xbrl.org/2003/role/verboseLabel">会員権の償還による収入、投資活動によるキャッシュ・フロー</link:label>
    <link:label xml:lang="ja" xlink:type="resource" xlink:label="jpfr-asr-E00097-000_IncreaseDecreaseInAdvancesReceivedOnUmcompletedConstructionContractsAndOtherOpeCF_label_2" xlink:role="http://www.xbrl.org/2003/role/documentation">未成工事受入金等の増減額（△は減少）、営業活動によるキャッシュ・フロー</link:label>
    <link:label xml:lang="ja" xlink:type="resource" xlink:label="jpfr-asr-E00097-000_AccountsReceivableFromSideLineBusinessCNS_label_2" xlink:role="http://www.xbrl.org/2003/role/verboseLabel">兼業事業未収入金、建設業</link:label>
    <link:label xml:lang="ja" xlink:type="resource" xlink:label="jpfr-asr-E00097-000_DecreaseIncreaseInMaterialsProvisionOpeCF_label_1" xlink:role="http://www.xbrl.org/2003/role/label">材料貯蔵品の増減額(△は増加）</link:label>
    <link:label xml:lang="ja" xlink:type="resource" xlink:label="jpfr-asr-E00097-000_BonusesAndProvisionForBonusesSGA_label_2" xlink:role="http://www.xbrl.org/2003/role/verboseLabel">賞与及び賞与引当金繰入額、販売費及び一般管理費</link:label>
    <link:label xml:lang="ja" xlink:type="resource" xlink:label="jpfr-asr-E00097-000_SpecialRetirementAllowancesPaidOpeCF_label" xlink:role="http://www.xbrl.org/2003/role/label">特別退職金等の支払額</link:label>
    <link:label xml:lang="ja" xlink:type="resource" xlink:label="jpfr-asr-E00097-000_DecreaseIncreaseInMaterialsProvisionOpeCF_label" xlink:role="http://www.xbrl.org/2003/role/documentation">材料貯蔵品の増減額(△は増加）、営業活動によるキャッシュ・フロー</link:label>
    <link:label xml:lang="ja" xlink:type="resource" xlink:label="jpfr-asr-E00097-000_OfficeTaxesAndOtherSGA_label_1" xlink:role="http://www.xbrl.org/2003/role/verboseLabel">事業所税等、販売費及び一般管理費</link:label>
    <link:label xml:lang="ja" xlink:type="resource" xlink:label="jpfr-asr-E00097-000_SpecialRetirementAllownacesOpeCF_label" xlink:role="http://www.xbrl.org/2003/role/documentation">特別退職金等、営業活動によるキャッシュ・フロー</link:label>
    <link:label xml:lang="ja" xlink:type="resource" xlink:label="jpfr-asr-E00097-000_AccountsPayableForSideLineBusinessCNS_label_1" xlink:role="http://www.xbrl.org/2003/role/verboseLabel">兼業事業未払金、建設業</link:label>
    <link:label xml:lang="ja" xlink:type="resource" xlink:label="jpfr-asr-E00097-000_AccountsReceivableFromSideLineBusinessCNS_label_1" xlink:role="http://www.xbrl.org/2003/role/label">兼業事業未収入金</link:label>
    <link:label xml:lang="ja" xlink:type="resource" xlink:label="jpfr-asr-E00097-000_AccountsReceivableFromSideLineBusinessCNS_label" xlink:role="http://www.xbrl.org/2003/role/documentation">兼業事業未収入金、建設業</link:label>
    <link:label xml:lang="ja" xlink:type="resource" xlink:label="jpfr-asr-E00097-000_ProceedsFromRedemptionOfMembershipInvCF_label" xlink:role="http://www.xbrl.org/2003/role/label">会員権の償還による収入</link:label>
    <link:loc xlink:type="locator" xlink:href="jpfr-asr-E00097-000-2011-03-31-01-2011-06-28.xsd#jpfr-asr-E00097-000_BonusesAndProvisionForBonusesSGA" xlink:label="jpfr-asr-E00097-000_BonusesAndProvisionForBonusesSGA" />
    <link:loc xlink:type="locator" xlink:href="jpfr-asr-E00097-000-2011-03-31-01-2011-06-28.xsd#jpfr-asr-E00097-000_ProvisionForLossOnDisasterCL" xlink:label="jpfr-asr-E00097-000_ProvisionForLossOnDisasterCL" />
    <link:loc xlink:type="locator" xlink:href="jpfr-asr-E00097-000-2011-03-31-01-2011-06-28.xsd#jpfr-asr-E00097-000_DepositGuaranteeMoneyAndOthersIOA" xlink:label="jpfr-asr-E00097-000_DepositGuaranteeMoneyAndOthersIOA" />
    <link:loc xlink:type="locator" xlink:href="jpfr-asr-E00097-000-2011-03-31-01-2011-06-28.xsd#jpfr-asr-E00097-000_SpecialRetirementAllowancesPaidOpeCF" xlink:label="jpfr-asr-E00097-000_SpecialRetirementAllowancesPaidOpeCF" />
    <link:loc xlink:type="locator" xlink:href="jpfr-asr-E00097-000-2011-03-31-01-2011-06-28.xsd#jpfr-asr-E00097-000_AccountsReceivableFromSideLineBusinessCNS" xlink:label="jpfr-asr-E00097-000_AccountsReceivableFromSideLineBusinessCNS" />
    <link:loc xlink:type="locator" xlink:href="jpfr-asr-E00097-000-2011-03-31-01-2011-06-28.xsd#jpfr-asr-E00097-000_ProceedsFromTreasuryStockPurchaseSubscriptionFromCompaniesAccountedForUsingTheEquityMethodInvCF" xlink:label="jpfr-asr-E00097-000_ProceedsFromTreasuryStockPurchaseSubscriptionFromCompaniesAccountedForUsingTheEquityMethodInvCF" />
    <link:loc xlink:type="locator" xlink:href="jpfr-asr-E00097-000-2011-03-31-01-2011-06-28.xsd#jpfr-asr-E00097-000_SpecialRetirementAllownacesOpeCF" xlink:label="jpfr-asr-E00097-000_SpecialRetirementAllownacesOpeCF" />
    <link:loc xlink:type="locator" xlink:href="jpfr-asr-E00097-000-2011-03-31-01-2011-06-28.xsd#jpfr-asr-E00097-000_ProceedsFromRedemptionOfMembershipInvCF" xlink:label="jpfr-asr-E00097-000_ProceedsFromRedemptionOfMembershipInvCF" />
    <link:loc xlink:type="locator" xlink:href="jpfr-asr-E00097-000-2011-03-31-01-2011-06-28.xsd#jpfr-asr-E00097-000_OfficeTaxesAndOtherSGA" xlink:label="jpfr-asr-E00097-000_OfficeTaxesAndOtherSGA" />
    <link:loc xlink:type="locator" xlink:href="jpfr-asr-E00097-000-2011-03-31-01-2011-06-28.xsd#jpfr-asr-E00097-000_SpecialRetirementAllowancesEL" xlink:label="jpfr-asr-E00097-000_SpecialRetirementAllowancesEL" />
    <link:loc xlink:type="locator" xlink:href="jpfr-asr-E00097-000-2011-03-31-01-2011-06-28.xsd#jpfr-asr-E00097-000_AccountsPayableForSideLineBusinessCNS" xlink:label="jpfr-asr-E00097-000_AccountsPayableForSideLineBusinessCNS" />
    <link:loc xlink:type="locator" xlink:href="jpfr-asr-E00097-000-2011-03-31-01-2011-06-28.xsd#jpfr-asr-E00097-000_AdvancesReceivedOnUmcompletedConstructionContractsAndOtherCNS" xlink:label="jpfr-asr-E00097-000_AdvancesReceivedOnUmcompletedConstructionContractsAndOtherCNS" />
    <link:loc xlink:type="locator" xlink:href="jpfr-asr-E00097-000-2011-03-31-01-2011-06-28.xsd#jpfr-asr-E00097-000_IncreaseDecreaseInAdvancesReceivedOnUmcompletedConstructionContractsAndOtherOpeCF" xlink:label="jpfr-asr-E00097-000_IncreaseDecreaseInAdvancesReceivedOnUmcompletedConstructionContractsAndOtherOpeCF" />
    <link:loc xlink:type="locator" xlink:href="jpfr-asr-E00097-000-2011-03-31-01-2011-06-28.xsd#jpfr-asr-E00097-000_DecreaseIncreaseInMaterialsProvisionOpeCF" xlink:label="jpfr-asr-E00097-000_DecreaseIncreaseInMaterialsProvisionOpeCF" />
    <link:loc xlink:type="locator" xlink:href="jpfr-asr-E00097-000-2011-03-31-01-2011-06-28.xsd#jpfr-asr-E00097-000_APatentEnforcementIncomeNOI" xlink:label="jpfr-asr-E00097-000_APatentEnforcementIncomeNOI" />
    <link:labelArc xlink:type="arc" xlink:from="jpfr-asr-E00097-000_SpecialRetirementAllowancesPaidOpeCF" xlink:to="jpfr-asr-E00097-000_SpecialRetirementAllowancesPaidOpeCF_label" xlink:arcrole="http://www.xbrl.org/2003/arcrole/concept-label" order="1" />
    <link:labelArc xlink:type="arc" xlink:from="jpfr-asr-E00097-000_DepositGuaranteeMoneyAndOthersIOA" xlink:to="jpfr-asr-E00097-000_DepositGuaranteeMoneyAndOthersIOA_label" xlink:arcrole="http://www.xbrl.org/2003/arcrole/concept-label" order="1" />
    <link:labelArc xlink:type="arc" xlink:from="jpfr-asr-E00097-000_SpecialRetirementAllowancesPaidOpeCF" xlink:to="jpfr-asr-E00097-000_SpecialRetirementAllowancesPaidOpeCF_label_1" xlink:arcrole="http://www.xbrl.org/2003/arcrole/concept-label" order="1" />
    <link:labelArc xlink:type="arc" xlink:from="jpfr-asr-E00097-000_ProceedsFromTreasuryStockPurchaseSubscriptionFromCompaniesAccountedForUsingTheEquityMethodInvCF" xlink:to="jpfr-asr-E00097-000_ProceedsFromTreasuryStockPurchaseSubscriptionFromCompaniesAccountedForUsingTheEquityMethodInvCF_label" xlink:arcrole="http://www.xbrl.org/2003/arcrole/concept-label" order="1" />
    <link:labelArc xlink:type="arc" xlink:from="jpfr-asr-E00097-000_SpecialRetirementAllowancesEL" xlink:to="jpfr-asr-E00097-000_SpecialRetirementAllowancesEL_label" xlink:arcrole="http://www.xbrl.org/2003/arcrole/concept-label" order="1" />
    <link:labelArc xlink:type="arc" xlink:from="jpfr-asr-E00097-000_AccountsPayableForSideLineBusinessCNS" xlink:to="jpfr-asr-E00097-000_AccountsPayableForSideLineBusinessCNS_label" xlink:arcrole="http://www.xbrl.org/2003/arcrole/concept-label" order="1" />
    <link:labelArc xlink:type="arc" xlink:from="jpfr-asr-E00097-000_ProceedsFromTreasuryStockPurchaseSubscriptionFromCompaniesAccountedForUsingTheEquityMethodInvCF" xlink:to="jpfr-asr-E00097-000_ProceedsFromTreasuryStockPurchaseSubscriptionFromCompaniesAccountedForUsingTheEquityMethodInvCF_label_1" xlink:arcrole="http://www.xbrl.org/2003/arcrole/concept-label" order="1" />
    <link:labelArc xlink:type="arc" xlink:from="jpfr-asr-E00097-000_ProvisionForLossOnDisasterCL" xlink:to="jpfr-asr-E00097-000_ProvisionForLossOnDisasterCL_label" xlink:arcrole="http://www.xbrl.org/2003/arcrole/concept-label" order="1" />
    <link:labelArc xlink:type="arc" xlink:from="jpfr-asr-E00097-000_APatentEnforcementIncomeNOI" xlink:to="jpfr-asr-E00097-000_APatentEnforcementIncomeNOI_label" xlink:arcrole="http://www.xbrl.org/2003/arcrole/concept-label" order="1" />
    <link:labelArc xlink:type="arc" xlink:from="jpfr-asr-E00097-000_IncreaseDecreaseInAdvancesReceivedOnUmcompletedConstructionContractsAndOtherOpeCF" xlink:to="jpfr-asr-E00097-000_IncreaseDecreaseInAdvancesReceivedOnUmcompletedConstructionContractsAndOtherOpeCF_label" xlink:arcrole="http://www.xbrl.org/2003/arcrole/concept-label" order="1" />
    <link:labelArc xlink:type="arc" xlink:from="jpfr-asr-E00097-000_AdvancesReceivedOnUmcompletedConstructionContractsAndOtherCNS" xlink:to="jpfr-asr-E00097-000_AdvancesReceivedOnUmcompletedConstructionContractsAndOtherCNS_label" xlink:arcrole="http://www.xbrl.org/2003/arcrole/concept-label" order="1" />
    <link:labelArc xlink:type="arc" xlink:from="jpfr-asr-E00097-000_BonusesAndProvisionForBonusesSGA" xlink:to="jpfr-asr-E00097-000_BonusesAndProvisionForBonusesSGA_label" xlink:arcrole="http://www.xbrl.org/2003/arcrole/concept-label" order="1" />
    <link:labelArc xlink:type="arc" xlink:from="jpfr-asr-E00097-000_SpecialRetirementAllowancesPaidOpeCF" xlink:to="jpfr-asr-E00097-000_SpecialRetirementAllowancesPaidOpeCF_label_2" xlink:arcrole="http://www.xbrl.org/2003/arcrole/concept-label" order="1" />
    <link:labelArc xlink:type="arc" xlink:from="jpfr-asr-E00097-000_ProceedsFromRedemptionOfMembershipInvCF" xlink:to="jpfr-asr-E00097-000_ProceedsFromRedemptionOfMembershipInvCF_label" xlink:arcrole="http://www.xbrl.org/2003/arcrole/concept-label" order="1" />
    <link:labelArc xlink:type="arc" xlink:from="jpfr-asr-E00097-000_ProceedsFromRedemptionOfMembershipInvCF" xlink:to="jpfr-asr-E00097-000_ProceedsFromRedemptionOfMembershipInvCF_label_1" xlink:arcrole="http://www.xbrl.org/2003/arcrole/concept-label" order="1" />
    <link:labelArc xlink:type="arc" xlink:from="jpfr-asr-E00097-000_ProvisionForLossOnDisasterCL" xlink:to="jpfr-asr-E00097-000_ProvisionForLossOnDisasterCL_label_1" xlink:arcrole="http://www.xbrl.org/2003/arcrole/concept-label" order="1" />
    <link:labelArc xlink:type="arc" xlink:from="jpfr-asr-E00097-000_AccountsPayableForSideLineBusinessCNS" xlink:to="jpfr-asr-E00097-000_AccountsPayableForSideLineBusinessCNS_label_1" xlink:arcrole="http://www.xbrl.org/2003/arcrole/concept-label" order="1" />
    <link:labelArc xlink:type="arc" xlink:from="jpfr-asr-E00097-000_AccountsReceivableFromSideLineBusinessCNS" xlink:to="jpfr-asr-E00097-000_AccountsReceivableFromSideLineBusinessCNS_label" xlink:arcrole="http://www.xbrl.org/2003/arcrole/concept-label" order="1" />
    <link:labelArc xlink:type="arc" xlink:from="jpfr-asr-E00097-000_ProceedsFromTreasuryStockPurchaseSubscriptionFromCompaniesAccountedForUsingTheEquityMethodInvCF" xlink:to="jpfr-asr-E00097-000_ProceedsFromTreasuryStockPurchaseSubscriptionFromCompaniesAccountedForUsingTheEquityMethodInvCF_label_2" xlink:arcrole="http://www.xbrl.org/2003/arcrole/concept-label" order="1" />
    <link:labelArc xlink:type="arc" xlink:from="jpfr-asr-E00097-000_DecreaseIncreaseInMaterialsProvisionOpeCF" xlink:to="jpfr-asr-E00097-000_DecreaseIncreaseInMaterialsProvisionOpeCF_label" xlink:arcrole="http://www.xbrl.org/2003/arcrole/concept-label" order="1" />
    <link:labelArc xlink:type="arc" xlink:from="jpfr-asr-E00097-000_APatentEnforcementIncomeNOI" xlink:to="jpfr-asr-E00097-000_APatentEnforcementIncomeNOI_label_1" xlink:arcrole="http://www.xbrl.org/2003/arcrole/concept-label" order="1" />
    <link:labelArc xlink:type="arc" xlink:from="jpfr-asr-E00097-000_AccountsReceivableFromSideLineBusinessCNS" xlink:to="jpfr-asr-E00097-000_AccountsReceivableFromSideLineBusinessCNS_label_1" xlink:arcrole="http://www.xbrl.org/2003/arcrole/concept-label" order="1" />
    <link:labelArc xlink:type="arc" xlink:from="jpfr-asr-E00097-000_SpecialRetirementAllowancesEL" xlink:to="jpfr-asr-E00097-000_SpecialRetirementAllowancesEL_label_1" xlink:arcrole="http://www.xbrl.org/2003/arcrole/concept-label" order="1" />
    <link:labelArc xlink:type="arc" xlink:from="jpfr-asr-E00097-000_IncreaseDecreaseInAdvancesReceivedOnUmcompletedConstructionContractsAndOtherOpeCF" xlink:to="jpfr-asr-E00097-000_IncreaseDecreaseInAdvancesReceivedOnUmcompletedConstructionContractsAndOtherOpeCF_label_1" xlink:arcrole="http://www.xbrl.org/2003/arcrole/concept-label" order="1" />
    <link:labelArc xlink:type="arc" xlink:from="jpfr-asr-E00097-000_DecreaseIncreaseInMaterialsProvisionOpeCF" xlink:to="jpfr-asr-E00097-000_DecreaseIncreaseInMaterialsProvisionOpeCF_label_1" xlink:arcrole="http://www.xbrl.org/2003/arcrole/concept-label" order="1" />
    <link:labelArc xlink:type="arc" xlink:from="jpfr-asr-E00097-000_APatentEnforcementIncomeNOI" xlink:to="jpfr-asr-E00097-000_APatentEnforcementIncomeNOI_label_2" xlink:arcrole="http://www.xbrl.org/2003/arcrole/concept-label" order="1" />
    <link:labelArc xlink:type="arc" xlink:from="jpfr-asr-E00097-000_ProvisionForLossOnDisasterCL" xlink:to="jpfr-asr-E00097-000_ProvisionForLossOnDisasterCL_label_2" xlink:arcrole="http://www.xbrl.org/2003/arcrole/concept-label" order="1" />
    <link:labelArc xlink:type="arc" xlink:from="jpfr-asr-E00097-000_DecreaseIncreaseInMaterialsProvisionOpeCF" xlink:to="jpfr-asr-E00097-000_DecreaseIncreaseInMaterialsProvisionOpeCF_label_2" xlink:arcrole="http://www.xbrl.org/2003/arcrole/concept-label" order="1" />
    <link:labelArc xlink:type="arc" xlink:from="jpfr-asr-E00097-000_BonusesAndProvisionForBonusesSGA" xlink:to="jpfr-asr-E00097-000_BonusesAndProvisionForBonusesSGA_label_1" xlink:arcrole="http://www.xbrl.org/2003/arcrole/concept-label" order="1" />
    <link:labelArc xlink:type="arc" xlink:from="jpfr-asr-E00097-000_SpecialRetirementAllowancesEL" xlink:to="jpfr-asr-E00097-000_SpecialRetirementAllowancesEL_label_2" xlink:arcrole="http://www.xbrl.org/2003/arcrole/concept-label" order="1" />
    <link:labelArc xlink:type="arc" xlink:from="jpfr-asr-E00097-000_SpecialRetirementAllownacesOpeCF" xlink:to="jpfr-asr-E00097-000_SpecialRetirementAllownacesOpeCF_label" xlink:arcrole="http://www.xbrl.org/2003/arcrole/concept-label" order="1" />
    <link:labelArc xlink:type="arc" xlink:from="jpfr-asr-E00097-000_OfficeTaxesAndOtherSGA" xlink:to="jpfr-asr-E00097-000_OfficeTaxesAndOtherSGA_label" xlink:arcrole="http://www.xbrl.org/2003/arcrole/concept-label" order="1" />
    <link:labelArc xlink:type="arc" xlink:from="jpfr-asr-E00097-000_SpecialRetirementAllownacesOpeCF" xlink:to="jpfr-asr-E00097-000_SpecialRetirementAllownacesOpeCF_label_1" xlink:arcrole="http://www.xbrl.org/2003/arcrole/concept-label" order="1" />
    <link:labelArc xlink:type="arc" xlink:from="jpfr-asr-E00097-000_SpecialRetirementAllownacesOpeCF" xlink:to="jpfr-asr-E00097-000_SpecialRetirementAllownacesOpeCF_label_2" xlink:arcrole="http://www.xbrl.org/2003/arcrole/concept-label" order="1" />
    <link:labelArc xlink:type="arc" xlink:from="jpfr-asr-E00097-000_DepositGuaranteeMoneyAndOthersIOA" xlink:to="jpfr-asr-E00097-000_DepositGuaranteeMoneyAndOthersIOA_label_1" xlink:arcrole="http://www.xbrl.org/2003/arcrole/concept-label" order="1" />
    <link:labelArc xlink:type="arc" xlink:from="jpfr-asr-E00097-000_AdvancesReceivedOnUmcompletedConstructionContractsAndOtherCNS" xlink:to="jpfr-asr-E00097-000_AdvancesReceivedOnUmcompletedConstructionContractsAndOtherCNS_label_1" xlink:arcrole="http://www.xbrl.org/2003/arcrole/concept-label" order="1" />
    <link:labelArc xlink:type="arc" xlink:from="jpfr-asr-E00097-000_ProceedsFromRedemptionOfMembershipInvCF" xlink:to="jpfr-asr-E00097-000_ProceedsFromRedemptionOfMembershipInvCF_label_2" xlink:arcrole="http://www.xbrl.org/2003/arcrole/concept-label" order="1" />
    <link:labelArc xlink:type="arc" xlink:from="jpfr-asr-E00097-000_OfficeTaxesAndOtherSGA" xlink:to="jpfr-asr-E00097-000_OfficeTaxesAndOtherSGA_label_1" xlink:arcrole="http://www.xbrl.org/2003/arcrole/concept-label" order="1" />
    <link:labelArc xlink:type="arc" xlink:from="jpfr-asr-E00097-000_AccountsPayableForSideLineBusinessCNS" xlink:to="jpfr-asr-E00097-000_AccountsPayableForSideLineBusinessCNS_label_2" xlink:arcrole="http://www.xbrl.org/2003/arcrole/concept-label" order="1" />
    <link:labelArc xlink:type="arc" xlink:from="jpfr-asr-E00097-000_OfficeTaxesAndOtherSGA" xlink:to="jpfr-asr-E00097-000_OfficeTaxesAndOtherSGA_label_2" xlink:arcrole="http://www.xbrl.org/2003/arcrole/concept-label" order="1" />
    <link:labelArc xlink:type="arc" xlink:from="jpfr-asr-E00097-000_DepositGuaranteeMoneyAndOthersIOA" xlink:to="jpfr-asr-E00097-000_DepositGuaranteeMoneyAndOthersIOA_label_2" xlink:arcrole="http://www.xbrl.org/2003/arcrole/concept-label" order="1" />
    <link:labelArc xlink:type="arc" xlink:from="jpfr-asr-E00097-000_IncreaseDecreaseInAdvancesReceivedOnUmcompletedConstructionContractsAndOtherOpeCF" xlink:to="jpfr-asr-E00097-000_IncreaseDecreaseInAdvancesReceivedOnUmcompletedConstructionContractsAndOtherOpeCF_label_2" xlink:arcrole="http://www.xbrl.org/2003/arcrole/concept-label" order="1" />
    <link:labelArc xlink:type="arc" xlink:from="jpfr-asr-E00097-000_AccountsReceivableFromSideLineBusinessCNS" xlink:to="jpfr-asr-E00097-000_AccountsReceivableFromSideLineBusinessCNS_label_2" xlink:arcrole="http://www.xbrl.org/2003/arcrole/concept-label" order="1" />
    <link:labelArc xlink:type="arc" xlink:from="jpfr-asr-E00097-000_AdvancesReceivedOnUmcompletedConstructionContractsAndOtherCNS" xlink:to="jpfr-asr-E00097-000_AdvancesReceivedOnUmcompletedConstructionContractsAndOtherCNS_label_2" xlink:arcrole="http://www.xbrl.org/2003/arcrole/concept-label" order="1" />
    <link:labelArc xlink:type="arc" xlink:from="jpfr-asr-E00097-000_BonusesAndProvisionForBonusesSGA" xlink:to="jpfr-asr-E00097-000_BonusesAndProvisionForBonusesSGA_label_2" xlink:arcrole="http://www.xbrl.org/2003/arcrole/concept-label" order="1" />
  </link:labelLink>
</link:linkbase>