﻿<?xml version="1.0" encoding="utf-8"?>
<!-- Edited with XiRUTE .NET Library 01-04 -->
<link:linkbase xmlns:xlink="http://www.w3.org/1999/xlink" xmlns:xsi="http://www.w3.org/2001/XMLSchema-instance" xmlns:link="http://www.xbrl.org/2003/linkbase">
  <link:roleRef xlink:type="simple" xlink:href="http://info.edinet-fsa.go.jp/jp/fr/gaap/o/rt/2011-03-14/jpfr-rt-2011-03-14.xsd#RoleCNSBalanceSheets" roleURI="http://info.edinet-fsa.go.jp/jp/fr/gaap/cns/role/BalanceSheets" />
  <link:roleRef xlink:type="simple" xlink:href="http://info.edinet-fsa.go.jp/jp/fr/gaap/o/rt/2011-03-14/jpfr-rt-2011-03-14.xsd#RoleCNSStatementsOfCashFlows" roleURI="http://info.edinet-fsa.go.jp/jp/fr/gaap/cns/role/StatementsOfCashFlows" />
  <link:roleRef xlink:type="simple" xlink:href="http://info.edinet-fsa.go.jp/jp/fr/gaap/o/rt/2011-03-14/jpfr-rt-2011-03-14.xsd#RoleCNSStatementsOfIncome" roleURI="http://info.edinet-fsa.go.jp/jp/fr/gaap/cns/role/StatementsOfIncome" />
  <link:definitionLink xlink:type="extended" xlink:role="http://info.edinet-fsa.go.jp/jp/fr/gaap/cns/role/BalanceSheets">
    <link:loc xlink:type="locator" xlink:href="jpfr-asr-E00097-000-2011-03-31-01-2011-06-28.xsd#jpfr-asr-E00097-000_AccountsPayableForSideLineBusinessCNS" xlink:label="jpfr-asr-E00097-000_AccountsPayableForSideLineBusinessCNS" />
    <link:loc xlink:type="locator" xlink:href="http://info.edinet-fsa.go.jp/jp/fr/gaap/t/cte/2011-03-14/jpfr-t-cte-2011-03-14.xsd#jpfr-t-cte_CurrentLiabilitiesAbstract" xlink:label="jpfr-t-cte_CurrentLiabilitiesAbstract" />
    <link:loc xlink:type="locator" xlink:href="http://info.edinet-fsa.go.jp/jp/fr/gaap/t/cte/2011-03-14/jpfr-t-cte-2011-03-14.xsd#jpfr-t-cte_InvestmentsAndOtherAssetsAbstract" xlink:label="jpfr-t-cte_InvestmentsAndOtherAssetsAbstract" />
    <link:loc xlink:type="locator" xlink:href="jpfr-asr-E00097-000-2011-03-31-01-2011-06-28.xsd#jpfr-asr-E00097-000_ProvisionForLossOnDisasterCL" xlink:label="jpfr-asr-E00097-000_ProvisionForLossOnDisasterCL" />
    <link:loc xlink:type="locator" xlink:href="jpfr-asr-E00097-000-2011-03-31-01-2011-06-28.xsd#jpfr-asr-E00097-000_DepositGuaranteeMoneyAndOthersIOA" xlink:label="jpfr-asr-E00097-000_DepositGuaranteeMoneyAndOthersIOA" />
    <link:loc xlink:type="locator" xlink:href="jpfr-asr-E00097-000-2011-03-31-01-2011-06-28.xsd#jpfr-asr-E00097-000_AdvancesReceivedOnUmcompletedConstructionContractsAndOtherCNS" xlink:label="jpfr-asr-E00097-000_AdvancesReceivedOnUmcompletedConstructionContractsAndOtherCNS" />
    <link:loc xlink:type="locator" xlink:href="jpfr-asr-E00097-000-2011-03-31-01-2011-06-28.xsd#jpfr-asr-E00097-000_AccountsReceivableFromSideLineBusinessCNS" xlink:label="jpfr-asr-E00097-000_AccountsReceivableFromSideLineBusinessCNS" />
    <link:loc xlink:type="locator" xlink:href="http://info.edinet-fsa.go.jp/jp/fr/gaap/t/cte/2011-03-14/jpfr-t-cte-2011-03-14.xsd#jpfr-t-cte_CurrentAssetsAbstract" xlink:label="jpfr-t-cte_CurrentAssetsAbstract" />
    <link:definitionArc xlink:type="arc" xlink:from="jpfr-t-cte_InvestmentsAndOtherAssetsAbstract" xlink:to="jpfr-asr-E00097-000_DepositGuaranteeMoneyAndOthersIOA" xlink:arcrole="http://www.xbrl.org/2003/arcrole/general-special" order="0.5" />
    <link:definitionArc xlink:type="arc" xlink:from="jpfr-t-cte_CurrentLiabilitiesAbstract" xlink:to="jpfr-asr-E00097-000_AdvancesReceivedOnUmcompletedConstructionContractsAndOtherCNS" xlink:arcrole="http://www.xbrl.org/2003/arcrole/general-special" order="0.5" />
    <link:definitionArc xlink:type="arc" xlink:from="jpfr-t-cte_CurrentLiabilitiesAbstract" xlink:to="jpfr-asr-E00097-000_AccountsPayableForSideLineBusinessCNS" xlink:arcrole="http://www.xbrl.org/2003/arcrole/general-special" order="0.875" />
    <link:definitionArc xlink:type="arc" xlink:from="jpfr-t-cte_CurrentAssetsAbstract" xlink:to="jpfr-asr-E00097-000_AccountsReceivableFromSideLineBusinessCNS" xlink:arcrole="http://www.xbrl.org/2003/arcrole/general-special" order="0.5" />
    <link:definitionArc xlink:type="arc" xlink:from="jpfr-t-cte_CurrentLiabilitiesAbstract" xlink:to="jpfr-asr-E00097-000_ProvisionForLossOnDisasterCL" xlink:arcrole="http://www.xbrl.org/2003/arcrole/general-special" order="0.75" />
  </link:definitionLink>
  <link:definitionLink xlink:type="extended" xlink:role="http://info.edinet-fsa.go.jp/jp/fr/gaap/cns/role/StatementsOfIncome">
    <link:loc xlink:type="locator" xlink:href="jpfr-asr-E00097-000-2011-03-31-01-2011-06-28.xsd#jpfr-asr-E00097-000_SpecialRetirementAllowancesEL" xlink:label="jpfr-asr-E00097-000_SpecialRetirementAllowancesEL" />
    <link:loc xlink:type="locator" xlink:href="http://info.edinet-fsa.go.jp/jp/fr/gaap/t/cte/2011-03-14/jpfr-t-cte-2011-03-14.xsd#jpfr-t-cte_ExtraordinaryLossAbstract" xlink:label="jpfr-t-cte_ExtraordinaryLossAbstract" />
    <link:loc xlink:type="locator" xlink:href="jpfr-asr-E00097-000-2011-03-31-01-2011-06-28.xsd#jpfr-asr-E00097-000_BonusesAndProvisionForBonusesSGA" xlink:label="jpfr-asr-E00097-000_BonusesAndProvisionForBonusesSGA" />
    <link:loc xlink:type="locator" xlink:href="http://info.edinet-fsa.go.jp/jp/fr/gaap/t/cte/2011-03-14/jpfr-t-cte-2011-03-14.xsd#jpfr-t-cte_SellingGeneralAndAdministrativeExpensesAbstract" xlink:label="jpfr-t-cte_SellingGeneralAndAdministrativeExpensesAbstract" />
    <link:loc xlink:type="locator" xlink:href="jpfr-asr-E00097-000-2011-03-31-01-2011-06-28.xsd#jpfr-asr-E00097-000_OfficeTaxesAndOtherSGA" xlink:label="jpfr-asr-E00097-000_OfficeTaxesAndOtherSGA" />
    <link:loc xlink:type="locator" xlink:href="jpfr-asr-E00097-000-2011-03-31-01-2011-06-28.xsd#jpfr-asr-E00097-000_APatentEnforcementIncomeNOI" xlink:label="jpfr-asr-E00097-000_APatentEnforcementIncomeNOI" />
    <link:loc xlink:type="locator" xlink:href="http://info.edinet-fsa.go.jp/jp/fr/gaap/t/cte/2011-03-14/jpfr-t-cte-2011-03-14.xsd#jpfr-t-cte_NonOperatingIncomeAbstract" xlink:label="jpfr-t-cte_NonOperatingIncomeAbstract" />
    <link:definitionArc xlink:type="arc" xlink:from="jpfr-t-cte_SellingGeneralAndAdministrativeExpensesAbstract" xlink:to="jpfr-asr-E00097-000_BonusesAndProvisionForBonusesSGA" xlink:arcrole="http://www.xbrl.org/2003/arcrole/general-special" order="0.5" />
    <link:definitionArc xlink:type="arc" xlink:from="jpfr-t-cte_SellingGeneralAndAdministrativeExpensesAbstract" xlink:to="jpfr-asr-E00097-000_OfficeTaxesAndOtherSGA" xlink:arcrole="http://www.xbrl.org/2003/arcrole/general-special" order="0.75" />
    <link:definitionArc xlink:type="arc" xlink:from="jpfr-t-cte_NonOperatingIncomeAbstract" xlink:to="jpfr-asr-E00097-000_APatentEnforcementIncomeNOI" xlink:arcrole="http://www.xbrl.org/2003/arcrole/general-special" order="0.5" />
    <link:definitionArc xlink:type="arc" xlink:from="jpfr-t-cte_ExtraordinaryLossAbstract" xlink:to="jpfr-asr-E00097-000_SpecialRetirementAllowancesEL" xlink:arcrole="http://www.xbrl.org/2003/arcrole/general-special" order="0.5" />
  </link:definitionLink>
  <link:definitionLink xlink:type="extended" xlink:role="http://info.edinet-fsa.go.jp/jp/fr/gaap/cns/role/StatementsOfCashFlows">
    <link:loc xlink:type="locator" xlink:href="jpfr-asr-E00097-000-2011-03-31-01-2011-06-28.xsd#jpfr-asr-E00097-000_SpecialRetirementAllowancesPaidOpeCF" xlink:label="jpfr-asr-E00097-000_SpecialRetirementAllowancesPaidOpeCF" />
    <link:loc xlink:type="locator" xlink:href="jpfr-asr-E00097-000-2011-03-31-01-2011-06-28.xsd#jpfr-asr-E00097-000_DecreaseIncreaseInMaterialsProvisionOpeCF" xlink:label="jpfr-asr-E00097-000_DecreaseIncreaseInMaterialsProvisionOpeCF" />
    <link:loc xlink:type="locator" xlink:href="jpfr-asr-E00097-000-2011-03-31-01-2011-06-28.xsd#jpfr-asr-E00097-000_SpecialRetirementAllownacesOpeCF" xlink:label="jpfr-asr-E00097-000_SpecialRetirementAllownacesOpeCF" />
    <link:loc xlink:type="locator" xlink:href="http://info.edinet-fsa.go.jp/jp/fr/gaap/t/cte/2011-03-14/jpfr-t-cte-2011-03-14.xsd#jpfr-t-cte_NetCashProvidedByUsedInInvestmentActivitiesAbstract" xlink:label="jpfr-t-cte_NetCashProvidedByUsedInInvestmentActivitiesAbstract" />
    <link:loc xlink:type="locator" xlink:href="jpfr-asr-E00097-000-2011-03-31-01-2011-06-28.xsd#jpfr-asr-E00097-000_IncreaseDecreaseInAdvancesReceivedOnUmcompletedConstructionContractsAndOtherOpeCF" xlink:label="jpfr-asr-E00097-000_IncreaseDecreaseInAdvancesReceivedOnUmcompletedConstructionContractsAndOtherOpeCF" />
    <link:loc xlink:type="locator" xlink:href="http://info.edinet-fsa.go.jp/jp/fr/gaap/t/cte/2011-03-14/jpfr-t-cte-2011-03-14.xsd#jpfr-t-cte_NetCashProvidedByUsedInOperatingActivitiesAbstract" xlink:label="jpfr-t-cte_NetCashProvidedByUsedInOperatingActivitiesAbstract" />
    <link:loc xlink:type="locator" xlink:href="jpfr-asr-E00097-000-2011-03-31-01-2011-06-28.xsd#jpfr-asr-E00097-000_ProceedsFromTreasuryStockPurchaseSubscriptionFromCompaniesAccountedForUsingTheEquityMethodInvCF" xlink:label="jpfr-asr-E00097-000_ProceedsFromTreasuryStockPurchaseSubscriptionFromCompaniesAccountedForUsingTheEquityMethodInvCF" />
    <link:loc xlink:type="locator" xlink:href="jpfr-asr-E00097-000-2011-03-31-01-2011-06-28.xsd#jpfr-asr-E00097-000_ProceedsFromRedemptionOfMembershipInvCF" xlink:label="jpfr-asr-E00097-000_ProceedsFromRedemptionOfMembershipInvCF" />
    <link:definitionArc xlink:type="arc" xlink:from="jpfr-t-cte_NetCashProvidedByUsedInInvestmentActivitiesAbstract" xlink:to="jpfr-asr-E00097-000_ProceedsFromTreasuryStockPurchaseSubscriptionFromCompaniesAccountedForUsingTheEquityMethodInvCF" xlink:arcrole="http://www.xbrl.org/2003/arcrole/general-special" order="1" />
    <link:definitionArc xlink:type="arc" xlink:from="jpfr-t-cte_NetCashProvidedByUsedInInvestmentActivitiesAbstract" xlink:to="jpfr-asr-E00097-000_ProceedsFromRedemptionOfMembershipInvCF" xlink:arcrole="http://www.xbrl.org/2003/arcrole/general-special" order="2" />
    <link:definitionArc xlink:type="arc" xlink:from="jpfr-t-cte_NetCashProvidedByUsedInOperatingActivitiesAbstract" xlink:to="jpfr-asr-E00097-000_SpecialRetirementAllowancesPaidOpeCF" xlink:arcrole="http://www.xbrl.org/2003/arcrole/general-special" order="0.9375" />
    <link:definitionArc xlink:type="arc" xlink:from="jpfr-t-cte_NetCashProvidedByUsedInOperatingActivitiesAbstract" xlink:to="jpfr-asr-E00097-000_IncreaseDecreaseInAdvancesReceivedOnUmcompletedConstructionContractsAndOtherOpeCF" xlink:arcrole="http://www.xbrl.org/2003/arcrole/general-special" order="0.875" />
    <link:definitionArc xlink:type="arc" xlink:from="jpfr-t-cte_NetCashProvidedByUsedInOperatingActivitiesAbstract" xlink:to="jpfr-asr-E00097-000_DecreaseIncreaseInMaterialsProvisionOpeCF" xlink:arcrole="http://www.xbrl.org/2003/arcrole/general-special" order="0.75" />
    <link:definitionArc xlink:type="arc" xlink:from="jpfr-t-cte_NetCashProvidedByUsedInOperatingActivitiesAbstract" xlink:to="jpfr-asr-E00097-000_SpecialRetirementAllownacesOpeCF" xlink:arcrole="http://www.xbrl.org/2003/arcrole/general-special" order="0.5" />
  </link:definitionLink>
</link:linkbase>