﻿<?xml version="1.0" encoding="utf-8"?>
<!-- Edited with XiRUTE .NET Library 01-08 -->
<link:linkbase xmlns:xlink="http://www.w3.org/1999/xlink" xmlns:xsi="http://www.w3.org/2001/XMLSchema-instance" xmlns:link="http://www.xbrl.org/2003/linkbase">
  <link:labelLink xlink:type="extended" xlink:role="http://www.xbrl.org/2003/role/link">
    <link:label xml:lang="en" xlink:type="resource" xlink:label="jpcrp030000-asr_E05625-000_AllowanceForRefundCL_label_2" xlink:role="http://www.xbrl.org/2003/role/label">Allowance for refund</link:label>
    <link:label xml:lang="en" xlink:type="resource" xlink:label="jpcrp030000-asr_E05625-000_AllowanceForRefundCL_label_1" xlink:role="http://www.xbrl.org/2003/role/verboseLabel">Allowance for refund-CL</link:label>
    <link:label xml:lang="en" xlink:type="resource" xlink:label="jpcrp030000-asr_E05625-000_AllowanceForRefundCL_label" xlink:role="http://www.xbrl.org/2003/role/documentation">Allowance for refund-CL</link:label>
    <link:label xml:lang="en" xlink:type="resource" xlink:label="jpcrp030000-asr_E05625-000_CCConsultingBranchReportableSegmentsMember_label_1" xlink:role="http://www.xbrl.org/2003/role/label">C.C. Consulting Branch</link:label>
    <link:label xml:lang="en" xlink:type="resource" xlink:label="jpcrp030000-asr_E05625-000_CCConsultingBranchReportableSegmentsMember_label" xlink:role="http://www.xbrl.org/2003/role/verboseLabel">C.C. Consulting Branch, Reportable segments [member]</link:label>
    <link:label xml:lang="en" xlink:type="resource" xlink:label="jpcrp030000-asr_E05625-000_DisclosureAboutApplicationOfEquityMethodNATextBlock_label" xlink:role="http://www.xbrl.org/2003/role/label">Disclosure about application of equity method (N/A)</link:label>
    <link:label xml:lang="en" xlink:type="resource" xlink:label="jpcrp030000-asr_E05625-000_DisclosureAboutApplicationOfEquityMethodNATextBlock_label_1" xlink:role="http://www.xbrl.org/2003/role/verboseLabel">Disclosure about application of equity method (N/A)[text block]</link:label>
    <link:label xml:lang="en" xlink:type="resource" xlink:label="jpcrp030000-asr_E05625-000_IncreaseDecreasInProvisionForRefundOpeCF_label" xlink:role="http://www.xbrl.org/2003/role/label">Increase decreas in provision for refund</link:label>
    <link:label xml:lang="en" xlink:type="resource" xlink:label="jpcrp030000-asr_E05625-000_IncreaseDecreasInProvisionForRefundOpeCF_label_1" xlink:role="http://www.xbrl.org/2003/role/verboseLabel">Increase decreas in provision for refund-OpeCF</link:label>
    <link:label xml:lang="en" xlink:type="resource" xlink:label="jpcrp030000-asr_E05625-000_IncreaseDecreasInProvisionForRefundOpeCF_label_2" xlink:role="http://www.xbrl.org/2003/role/documentation">Increase decreas in provision for refund-OpeCF</link:label>
    <link:label xml:lang="en" xlink:type="resource" xlink:label="jpcrp030000-asr_E05625-000_JACInternationalBranchReportableSegmentsMember_label_1" xlink:role="http://www.xbrl.org/2003/role/label">JAC International Branch</link:label>
    <link:label xml:lang="en" xlink:type="resource" xlink:label="jpcrp030000-asr_E05625-000_JACInternationalBranchReportableSegmentsMember_label" xlink:role="http://www.xbrl.org/2003/role/verboseLabel">JAC International Branch, Reportable segments [member]</link:label>
    <link:label xml:lang="en" xlink:type="resource" xlink:label="jpcrp030000-asr_E05625-000_KobeBranchReportableSegmentsMember_label_1" xlink:role="http://www.xbrl.org/2003/role/label">Kobe Branch</link:label>
    <link:label xml:lang="en" xlink:type="resource" xlink:label="jpcrp030000-asr_E05625-000_KobeBranchReportableSegmentsMember_label" xlink:role="http://www.xbrl.org/2003/role/verboseLabel">Kobe Branch, Reportable segments [member]</link:label>
    <link:label xml:lang="en" xlink:type="resource" xlink:label="jpcrp030000-asr_E05625-000_KyotoBranchReportableSegmentsMember_label_1" xlink:role="http://www.xbrl.org/2003/role/label">Kyoto Branch</link:label>
    <link:label xml:lang="en" xlink:type="resource" xlink:label="jpcrp030000-asr_E05625-000_KyotoBranchReportableSegmentsMember_label" xlink:role="http://www.xbrl.org/2003/role/verboseLabel">Kyoto Branch, Reportable segments [member]</link:label>
    <link:label xml:lang="en" xlink:type="resource" xlink:label="jpcrp030000-asr_E05625-000_NagoyaBranchReportableSegmentsMember_label" xlink:role="http://www.xbrl.org/2003/role/label">Nagoya Branch</link:label>
    <link:label xml:lang="en" xlink:type="resource" xlink:label="jpcrp030000-asr_E05625-000_NagoyaBranchReportableSegmentsMember_label_1" xlink:role="http://www.xbrl.org/2003/role/verboseLabel">Nagoya Branch, Reportable segments [member]</link:label>
    <link:label xml:lang="en" xlink:type="resource" xlink:label="jpcrp030000-asr_E05625-000_NotesRegardingNetSalesTextBlock_label_1" xlink:role="http://www.xbrl.org/2003/role/label">Notes regarding net sales</link:label>
    <link:label xml:lang="en" xlink:type="resource" xlink:label="jpcrp030000-asr_E05625-000_NotesRegardingNetSalesTextBlock_label" xlink:role="http://www.xbrl.org/2003/role/verboseLabel">Notes regarding net sales[text block]</link:label>
    <link:label xml:lang="en" xlink:type="resource" xlink:label="jpcrp030000-asr_E05625-000_NotesRegardingNewShareSubscriptionRightsEtcNATextBlock_label_1" xlink:role="http://www.xbrl.org/2003/role/label">Notes regarding new share subscription rights, etc. (N/A)</link:label>
    <link:label xml:lang="en" xlink:type="resource" xlink:label="jpcrp030000-asr_E05625-000_NotesRegardingNewShareSubscriptionRightsEtcNATextBlock_label" xlink:role="http://www.xbrl.org/2003/role/verboseLabel">Notes regarding new share subscription rights, etc. (N/A)[text block]</link:label>
    <link:label xml:lang="en" xlink:type="resource" xlink:label="jpcrp030000-asr_E05625-000_OsakaBranchReportableSegmentsMember_label_1" xlink:role="http://www.xbrl.org/2003/role/label">Osaka Branch</link:label>
    <link:label xml:lang="en" xlink:type="resource" xlink:label="jpcrp030000-asr_E05625-000_OsakaBranchReportableSegmentsMember_label" xlink:role="http://www.xbrl.org/2003/role/verboseLabel">Osaka Branch, Reportable segments [member]</link:label>
    <link:label xml:lang="en" xlink:type="resource" xlink:label="jpcrp030000-asr_E05625-000_ProceedsFromSalesOfOthersInvCF_label" xlink:role="http://www.xbrl.org/2003/role/label">Proceeds from sales of others</link:label>
    <link:label xml:lang="en" xlink:type="resource" xlink:label="jpcrp030000-asr_E05625-000_ProceedsFromSalesOfOthersInvCF_label_1" xlink:role="http://www.xbrl.org/2003/role/verboseLabel">Proceeds from sales of others-InvCF</link:label>
    <link:label xml:lang="en" xlink:type="resource" xlink:label="jpcrp030000-asr_E05625-000_ProceedsFromSalesOfOthersInvCF_label_2" xlink:role="http://www.xbrl.org/2003/role/documentation">Proceeds from sales of others-InvCF</link:label>
    <link:label xml:lang="en" xlink:type="resource" xlink:label="jpcrp030000-asr_E05625-000_PurchaseOfOthersInvCF_label_2" xlink:role="http://www.xbrl.org/2003/role/label">Purchase of others</link:label>
    <link:label xml:lang="en" xlink:type="resource" xlink:label="jpcrp030000-asr_E05625-000_PurchaseOfOthersInvCF_label_1" xlink:role="http://www.xbrl.org/2003/role/verboseLabel">Purchase of others-InvCF</link:label>
    <link:label xml:lang="en" xlink:type="resource" xlink:label="jpcrp030000-asr_E05625-000_PurchaseOfOthersInvCF_label" xlink:role="http://www.xbrl.org/2003/role/documentation">Purchase of others-InvCF</link:label>
    <link:label xml:lang="en" xlink:type="resource" xlink:label="jpcrp030000-asr_E05625-000_ReversalOfAllowanceForDoubtfulAccountsForSubsidiariesAndAffiliatesNOI_label" xlink:role="http://www.xbrl.org/2003/role/label">Reversal of allowance for doubtful accounts for subsidiaries and affiliates</link:label>
    <link:label xml:lang="en" xlink:type="resource" xlink:label="jpcrp030000-asr_E05625-000_ReversalOfAllowanceForDoubtfulAccountsForSubsidiariesAndAffiliatesNOI_label_1" xlink:role="http://www.xbrl.org/2003/role/verboseLabel">Reversal of allowance for doubtful accounts for subsidiaries and affiliates-NOI</link:label>
    <link:label xml:lang="en" xlink:type="resource" xlink:label="jpcrp030000-asr_E05625-000_TokyoHeadOfficeReportableSegmentsMember_label" xlink:role="http://www.xbrl.org/2003/role/label">Tokyo Head Office</link:label>
    <link:label xml:lang="en" xlink:type="resource" xlink:label="jpcrp030000-asr_E05625-000_TokyoHeadOfficeReportableSegmentsMember_label_1" xlink:role="http://www.xbrl.org/2003/role/verboseLabel">Tokyo Head Office, Reportable segments [member]</link:label>
    <link:label xml:lang="en" xlink:type="resource" xlink:label="jpcrp030000-asr_E05625-000_YokohamaBranchReportableSegmentsMember_label_1" xlink:role="http://www.xbrl.org/2003/role/label">Yokohama Branch</link:label>
    <link:label xml:lang="en" xlink:type="resource" xlink:label="jpcrp030000-asr_E05625-000_YokohamaBranchReportableSegmentsMember_label" xlink:role="http://www.xbrl.org/2003/role/verboseLabel">Yokohama Branch, Reportable segments [member]</link:label>
    <link:loc xlink:type="locator" xlink:href="jpcrp030000-asr-001_E05625-000_2015-12-31_01_2016-03-24.xsd#jpcrp030000-asr_E05625-000_AllowanceForRefundCL" xlink:label="jpcrp030000-asr_E05625-000_AllowanceForRefundCL" />
    <link:loc xlink:type="locator" xlink:href="jpcrp030000-asr-001_E05625-000_2015-12-31_01_2016-03-24.xsd#jpcrp030000-asr_E05625-000_CCConsultingBranchReportableSegmentsMember" xlink:label="jpcrp030000-asr_E05625-000_CCConsultingBranchReportableSegmentsMember" />
    <link:loc xlink:type="locator" xlink:href="jpcrp030000-asr-001_E05625-000_2015-12-31_01_2016-03-24.xsd#jpcrp030000-asr_E05625-000_DisclosureAboutApplicationOfEquityMethodNATextBlock" xlink:label="jpcrp030000-asr_E05625-000_DisclosureAboutApplicationOfEquityMethodNATextBlock" />
    <link:loc xlink:type="locator" xlink:href="jpcrp030000-asr-001_E05625-000_2015-12-31_01_2016-03-24.xsd#jpcrp030000-asr_E05625-000_IncreaseDecreasInProvisionForRefundOpeCF" xlink:label="jpcrp030000-asr_E05625-000_IncreaseDecreasInProvisionForRefundOpeCF" />
    <link:loc xlink:type="locator" xlink:href="jpcrp030000-asr-001_E05625-000_2015-12-31_01_2016-03-24.xsd#jpcrp030000-asr_E05625-000_JACInternationalBranchReportableSegmentsMember" xlink:label="jpcrp030000-asr_E05625-000_JACInternationalBranchReportableSegmentsMember" />
    <link:loc xlink:type="locator" xlink:href="jpcrp030000-asr-001_E05625-000_2015-12-31_01_2016-03-24.xsd#jpcrp030000-asr_E05625-000_KobeBranchReportableSegmentsMember" xlink:label="jpcrp030000-asr_E05625-000_KobeBranchReportableSegmentsMember" />
    <link:loc xlink:type="locator" xlink:href="jpcrp030000-asr-001_E05625-000_2015-12-31_01_2016-03-24.xsd#jpcrp030000-asr_E05625-000_KyotoBranchReportableSegmentsMember" xlink:label="jpcrp030000-asr_E05625-000_KyotoBranchReportableSegmentsMember" />
    <link:loc xlink:type="locator" xlink:href="jpcrp030000-asr-001_E05625-000_2015-12-31_01_2016-03-24.xsd#jpcrp030000-asr_E05625-000_NagoyaBranchReportableSegmentsMember" xlink:label="jpcrp030000-asr_E05625-000_NagoyaBranchReportableSegmentsMember" />
    <link:loc xlink:type="locator" xlink:href="jpcrp030000-asr-001_E05625-000_2015-12-31_01_2016-03-24.xsd#jpcrp030000-asr_E05625-000_NotesRegardingNetSalesTextBlock" xlink:label="jpcrp030000-asr_E05625-000_NotesRegardingNetSalesTextBlock" />
    <link:loc xlink:type="locator" xlink:href="jpcrp030000-asr-001_E05625-000_2015-12-31_01_2016-03-24.xsd#jpcrp030000-asr_E05625-000_NotesRegardingNewShareSubscriptionRightsEtcNATextBlock" xlink:label="jpcrp030000-asr_E05625-000_NotesRegardingNewShareSubscriptionRightsEtcNATextBlock" />
    <link:loc xlink:type="locator" xlink:href="jpcrp030000-asr-001_E05625-000_2015-12-31_01_2016-03-24.xsd#jpcrp030000-asr_E05625-000_OsakaBranchReportableSegmentsMember" xlink:label="jpcrp030000-asr_E05625-000_OsakaBranchReportableSegmentsMember" />
    <link:loc xlink:type="locator" xlink:href="jpcrp030000-asr-001_E05625-000_2015-12-31_01_2016-03-24.xsd#jpcrp030000-asr_E05625-000_ProceedsFromSalesOfOthersInvCF" xlink:label="jpcrp030000-asr_E05625-000_ProceedsFromSalesOfOthersInvCF" />
    <link:loc xlink:type="locator" xlink:href="jpcrp030000-asr-001_E05625-000_2015-12-31_01_2016-03-24.xsd#jpcrp030000-asr_E05625-000_PurchaseOfOthersInvCF" xlink:label="jpcrp030000-asr_E05625-000_PurchaseOfOthersInvCF" />
    <link:loc xlink:type="locator" xlink:href="jpcrp030000-asr-001_E05625-000_2015-12-31_01_2016-03-24.xsd#jpcrp030000-asr_E05625-000_ReversalOfAllowanceForDoubtfulAccountsForSubsidiariesAndAffiliatesNOI" xlink:label="jpcrp030000-asr_E05625-000_ReversalOfAllowanceForDoubtfulAccountsForSubsidiariesAndAffiliatesNOI" />
    <link:loc xlink:type="locator" xlink:href="jpcrp030000-asr-001_E05625-000_2015-12-31_01_2016-03-24.xsd#jpcrp030000-asr_E05625-000_TokyoHeadOfficeReportableSegmentsMember" xlink:label="jpcrp030000-asr_E05625-000_TokyoHeadOfficeReportableSegmentsMember" />
    <link:loc xlink:type="locator" xlink:href="jpcrp030000-asr-001_E05625-000_2015-12-31_01_2016-03-24.xsd#jpcrp030000-asr_E05625-000_YokohamaBranchReportableSegmentsMember" xlink:label="jpcrp030000-asr_E05625-000_YokohamaBranchReportableSegmentsMember" />
    <link:labelArc xlink:type="arc" xlink:from="jpcrp030000-asr_E05625-000_AllowanceForRefundCL" xlink:to="jpcrp030000-asr_E05625-000_AllowanceForRefundCL_label" xlink:arcrole="http://www.xbrl.org/2003/arcrole/concept-label" order="1" />
    <link:labelArc xlink:type="arc" xlink:from="jpcrp030000-asr_E05625-000_AllowanceForRefundCL" xlink:to="jpcrp030000-asr_E05625-000_AllowanceForRefundCL_label_2" xlink:arcrole="http://www.xbrl.org/2003/arcrole/concept-label" order="1" />
    <link:labelArc xlink:type="arc" xlink:from="jpcrp030000-asr_E05625-000_AllowanceForRefundCL" xlink:to="jpcrp030000-asr_E05625-000_AllowanceForRefundCL_label_1" xlink:arcrole="http://www.xbrl.org/2003/arcrole/concept-label" order="1" />
    <link:labelArc xlink:type="arc" xlink:from="jpcrp030000-asr_E05625-000_CCConsultingBranchReportableSegmentsMember" xlink:to="jpcrp030000-asr_E05625-000_CCConsultingBranchReportableSegmentsMember_label_1" xlink:arcrole="http://www.xbrl.org/2003/arcrole/concept-label" order="1" />
    <link:labelArc xlink:type="arc" xlink:from="jpcrp030000-asr_E05625-000_CCConsultingBranchReportableSegmentsMember" xlink:to="jpcrp030000-asr_E05625-000_CCConsultingBranchReportableSegmentsMember_label" xlink:arcrole="http://www.xbrl.org/2003/arcrole/concept-label" order="1" />
    <link:labelArc xlink:type="arc" xlink:from="jpcrp030000-asr_E05625-000_DisclosureAboutApplicationOfEquityMethodNATextBlock" xlink:to="jpcrp030000-asr_E05625-000_DisclosureAboutApplicationOfEquityMethodNATextBlock_label" xlink:arcrole="http://www.xbrl.org/2003/arcrole/concept-label" order="1" />
    <link:labelArc xlink:type="arc" xlink:from="jpcrp030000-asr_E05625-000_DisclosureAboutApplicationOfEquityMethodNATextBlock" xlink:to="jpcrp030000-asr_E05625-000_DisclosureAboutApplicationOfEquityMethodNATextBlock_label_1" xlink:arcrole="http://www.xbrl.org/2003/arcrole/concept-label" order="1" />
    <link:labelArc xlink:type="arc" xlink:from="jpcrp030000-asr_E05625-000_IncreaseDecreasInProvisionForRefundOpeCF" xlink:to="jpcrp030000-asr_E05625-000_IncreaseDecreasInProvisionForRefundOpeCF_label_2" xlink:arcrole="http://www.xbrl.org/2003/arcrole/concept-label" order="1" />
    <link:labelArc xlink:type="arc" xlink:from="jpcrp030000-asr_E05625-000_IncreaseDecreasInProvisionForRefundOpeCF" xlink:to="jpcrp030000-asr_E05625-000_IncreaseDecreasInProvisionForRefundOpeCF_label_1" xlink:arcrole="http://www.xbrl.org/2003/arcrole/concept-label" order="1" />
    <link:labelArc xlink:type="arc" xlink:from="jpcrp030000-asr_E05625-000_IncreaseDecreasInProvisionForRefundOpeCF" xlink:to="jpcrp030000-asr_E05625-000_IncreaseDecreasInProvisionForRefundOpeCF_label" xlink:arcrole="http://www.xbrl.org/2003/arcrole/concept-label" order="1" />
    <link:labelArc xlink:type="arc" xlink:from="jpcrp030000-asr_E05625-000_JACInternationalBranchReportableSegmentsMember" xlink:to="jpcrp030000-asr_E05625-000_JACInternationalBranchReportableSegmentsMember_label_1" xlink:arcrole="http://www.xbrl.org/2003/arcrole/concept-label" order="1" />
    <link:labelArc xlink:type="arc" xlink:from="jpcrp030000-asr_E05625-000_JACInternationalBranchReportableSegmentsMember" xlink:to="jpcrp030000-asr_E05625-000_JACInternationalBranchReportableSegmentsMember_label" xlink:arcrole="http://www.xbrl.org/2003/arcrole/concept-label" order="1" />
    <link:labelArc xlink:type="arc" xlink:from="jpcrp030000-asr_E05625-000_KobeBranchReportableSegmentsMember" xlink:to="jpcrp030000-asr_E05625-000_KobeBranchReportableSegmentsMember_label_1" xlink:arcrole="http://www.xbrl.org/2003/arcrole/concept-label" order="1" />
    <link:labelArc xlink:type="arc" xlink:from="jpcrp030000-asr_E05625-000_KobeBranchReportableSegmentsMember" xlink:to="jpcrp030000-asr_E05625-000_KobeBranchReportableSegmentsMember_label" xlink:arcrole="http://www.xbrl.org/2003/arcrole/concept-label" order="1" />
    <link:labelArc xlink:type="arc" xlink:from="jpcrp030000-asr_E05625-000_KyotoBranchReportableSegmentsMember" xlink:to="jpcrp030000-asr_E05625-000_KyotoBranchReportableSegmentsMember_label" xlink:arcrole="http://www.xbrl.org/2003/arcrole/concept-label" order="1" />
    <link:labelArc xlink:type="arc" xlink:from="jpcrp030000-asr_E05625-000_KyotoBranchReportableSegmentsMember" xlink:to="jpcrp030000-asr_E05625-000_KyotoBranchReportableSegmentsMember_label_1" xlink:arcrole="http://www.xbrl.org/2003/arcrole/concept-label" order="1" />
    <link:labelArc xlink:type="arc" xlink:from="jpcrp030000-asr_E05625-000_NagoyaBranchReportableSegmentsMember" xlink:to="jpcrp030000-asr_E05625-000_NagoyaBranchReportableSegmentsMember_label_1" xlink:arcrole="http://www.xbrl.org/2003/arcrole/concept-label" order="1" />
    <link:labelArc xlink:type="arc" xlink:from="jpcrp030000-asr_E05625-000_NagoyaBranchReportableSegmentsMember" xlink:to="jpcrp030000-asr_E05625-000_NagoyaBranchReportableSegmentsMember_label" xlink:arcrole="http://www.xbrl.org/2003/arcrole/concept-label" order="1" />
    <link:labelArc xlink:type="arc" xlink:from="jpcrp030000-asr_E05625-000_NotesRegardingNetSalesTextBlock" xlink:to="jpcrp030000-asr_E05625-000_NotesRegardingNetSalesTextBlock_label" xlink:arcrole="http://www.xbrl.org/2003/arcrole/concept-label" order="1" />
    <link:labelArc xlink:type="arc" xlink:from="jpcrp030000-asr_E05625-000_NotesRegardingNetSalesTextBlock" xlink:to="jpcrp030000-asr_E05625-000_NotesRegardingNetSalesTextBlock_label_1" xlink:arcrole="http://www.xbrl.org/2003/arcrole/concept-label" order="1" />
    <link:labelArc xlink:type="arc" xlink:from="jpcrp030000-asr_E05625-000_NotesRegardingNewShareSubscriptionRightsEtcNATextBlock" xlink:to="jpcrp030000-asr_E05625-000_NotesRegardingNewShareSubscriptionRightsEtcNATextBlock_label" xlink:arcrole="http://www.xbrl.org/2003/arcrole/concept-label" order="1" />
    <link:labelArc xlink:type="arc" xlink:from="jpcrp030000-asr_E05625-000_NotesRegardingNewShareSubscriptionRightsEtcNATextBlock" xlink:to="jpcrp030000-asr_E05625-000_NotesRegardingNewShareSubscriptionRightsEtcNATextBlock_label_1" xlink:arcrole="http://www.xbrl.org/2003/arcrole/concept-label" order="1" />
    <link:labelArc xlink:type="arc" xlink:from="jpcrp030000-asr_E05625-000_OsakaBranchReportableSegmentsMember" xlink:to="jpcrp030000-asr_E05625-000_OsakaBranchReportableSegmentsMember_label_1" xlink:arcrole="http://www.xbrl.org/2003/arcrole/concept-label" order="1" />
    <link:labelArc xlink:type="arc" xlink:from="jpcrp030000-asr_E05625-000_OsakaBranchReportableSegmentsMember" xlink:to="jpcrp030000-asr_E05625-000_OsakaBranchReportableSegmentsMember_label" xlink:arcrole="http://www.xbrl.org/2003/arcrole/concept-label" order="1" />
    <link:labelArc xlink:type="arc" xlink:from="jpcrp030000-asr_E05625-000_ProceedsFromSalesOfOthersInvCF" xlink:to="jpcrp030000-asr_E05625-000_ProceedsFromSalesOfOthersInvCF_label_1" xlink:arcrole="http://www.xbrl.org/2003/arcrole/concept-label" order="1" />
    <link:labelArc xlink:type="arc" xlink:from="jpcrp030000-asr_E05625-000_ProceedsFromSalesOfOthersInvCF" xlink:to="jpcrp030000-asr_E05625-000_ProceedsFromSalesOfOthersInvCF_label" xlink:arcrole="http://www.xbrl.org/2003/arcrole/concept-label" order="1" />
    <link:labelArc xlink:type="arc" xlink:from="jpcrp030000-asr_E05625-000_ProceedsFromSalesOfOthersInvCF" xlink:to="jpcrp030000-asr_E05625-000_ProceedsFromSalesOfOthersInvCF_label_2" xlink:arcrole="http://www.xbrl.org/2003/arcrole/concept-label" order="1" />
    <link:labelArc xlink:type="arc" xlink:from="jpcrp030000-asr_E05625-000_PurchaseOfOthersInvCF" xlink:to="jpcrp030000-asr_E05625-000_PurchaseOfOthersInvCF_label" xlink:arcrole="http://www.xbrl.org/2003/arcrole/concept-label" order="1" />
    <link:labelArc xlink:type="arc" xlink:from="jpcrp030000-asr_E05625-000_PurchaseOfOthersInvCF" xlink:to="jpcrp030000-asr_E05625-000_PurchaseOfOthersInvCF_label_2" xlink:arcrole="http://www.xbrl.org/2003/arcrole/concept-label" order="1" />
    <link:labelArc xlink:type="arc" xlink:from="jpcrp030000-asr_E05625-000_PurchaseOfOthersInvCF" xlink:to="jpcrp030000-asr_E05625-000_PurchaseOfOthersInvCF_label_1" xlink:arcrole="http://www.xbrl.org/2003/arcrole/concept-label" order="1" />
    <link:labelArc xlink:type="arc" xlink:from="jpcrp030000-asr_E05625-000_ReversalOfAllowanceForDoubtfulAccountsForSubsidiariesAndAffiliatesNOI" xlink:to="jpcrp030000-asr_E05625-000_ReversalOfAllowanceForDoubtfulAccountsForSubsidiariesAndAffiliatesNOI_label_1" xlink:arcrole="http://www.xbrl.org/2003/arcrole/concept-label" order="1" />
    <link:labelArc xlink:type="arc" xlink:from="jpcrp030000-asr_E05625-000_ReversalOfAllowanceForDoubtfulAccountsForSubsidiariesAndAffiliatesNOI" xlink:to="jpcrp030000-asr_E05625-000_ReversalOfAllowanceForDoubtfulAccountsForSubsidiariesAndAffiliatesNOI_label" xlink:arcrole="http://www.xbrl.org/2003/arcrole/concept-label" order="1" />
    <link:labelArc xlink:type="arc" xlink:from="jpcrp030000-asr_E05625-000_TokyoHeadOfficeReportableSegmentsMember" xlink:to="jpcrp030000-asr_E05625-000_TokyoHeadOfficeReportableSegmentsMember_label" xlink:arcrole="http://www.xbrl.org/2003/arcrole/concept-label" order="1" />
    <link:labelArc xlink:type="arc" xlink:from="jpcrp030000-asr_E05625-000_TokyoHeadOfficeReportableSegmentsMember" xlink:to="jpcrp030000-asr_E05625-000_TokyoHeadOfficeReportableSegmentsMember_label_1" xlink:arcrole="http://www.xbrl.org/2003/arcrole/concept-label" order="1" />
    <link:labelArc xlink:type="arc" xlink:from="jpcrp030000-asr_E05625-000_YokohamaBranchReportableSegmentsMember" xlink:to="jpcrp030000-asr_E05625-000_YokohamaBranchReportableSegmentsMember_label" xlink:arcrole="http://www.xbrl.org/2003/arcrole/concept-label" order="1" />
    <link:labelArc xlink:type="arc" xlink:from="jpcrp030000-asr_E05625-000_YokohamaBranchReportableSegmentsMember" xlink:to="jpcrp030000-asr_E05625-000_YokohamaBranchReportableSegmentsMember_label_1" xlink:arcrole="http://www.xbrl.org/2003/arcrole/concept-label" order="1" />
  </link:labelLink>
</link:linkbase>