﻿<?xml version="1.0" encoding="utf-8"?>
<!-- Edited with XiRUTE .NET Library 01-08 -->
<link:linkbase xmlns:xlink="http://www.w3.org/1999/xlink" xmlns:xsi="http://www.w3.org/2001/XMLSchema-instance" xmlns:link="http://www.xbrl.org/2003/linkbase">
  <link:labelLink xlink:type="extended" xlink:role="http://www.xbrl.org/2003/role/link">
    <link:label xml:lang="ja" xlink:type="resource" xlink:label="jpcrp030000-asr_E05625-000_AllowanceForRefundCL_label_2" xlink:role="http://www.xbrl.org/2003/role/label">解約調整引当金</link:label>
    <link:label xml:lang="ja" xlink:type="resource" xlink:label="jpcrp030000-asr_E05625-000_AllowanceForRefundCL_label_1" xlink:role="http://www.xbrl.org/2003/role/verboseLabel">解約調整引当金、流動負債</link:label>
    <link:label xml:lang="ja" xlink:type="resource" xlink:label="jpcrp030000-asr_E05625-000_AllowanceForRefundCL_label" xlink:role="http://www.xbrl.org/2003/role/documentation">解約調整引当金、流動負債</link:label>
    <link:label xml:lang="ja" xlink:type="resource" xlink:label="jpcrp030000-asr_E05625-000_CCConsultingBranchReportableSegmentsMember_label_1" xlink:role="http://www.xbrl.org/2003/role/label">シー・シー・コンサルティング</link:label>
    <link:label xml:lang="ja" xlink:type="resource" xlink:label="jpcrp030000-asr_E05625-000_CCConsultingBranchReportableSegmentsMember_label" xlink:role="http://www.xbrl.org/2003/role/verboseLabel">シー・シー・コンサルティング、報告セグメント [メンバー]</link:label>
    <link:label xml:lang="ja" xlink:type="resource" xlink:label="jpcrp030000-asr_E05625-000_DisclosureAboutApplicationOfEquityMethodNATextBlock_label" xlink:role="http://www.xbrl.org/2003/role/label">持分法の適用に関する事項（該当なし）</link:label>
    <link:label xml:lang="ja" xlink:type="resource" xlink:label="jpcrp030000-asr_E05625-000_DisclosureAboutApplicationOfEquityMethodNATextBlock_label_1" xlink:role="http://www.xbrl.org/2003/role/verboseLabel">持分法の適用に関する事項（該当なし）[テキストブロック]</link:label>
    <link:label xml:lang="ja" xlink:type="resource" xlink:label="jpcrp030000-asr_E05625-000_IncreaseDecreasInProvisionForRefundOpeCF_label" xlink:role="http://www.xbrl.org/2003/role/label">解約調整引当金の増減額（△は減少）</link:label>
    <link:label xml:lang="ja" xlink:type="resource" xlink:label="jpcrp030000-asr_E05625-000_IncreaseDecreasInProvisionForRefundOpeCF_label_1" xlink:role="http://www.xbrl.org/2003/role/verboseLabel">解約調整引当金の増減額（△は減少）、営業活動によるキャッシュ・フロー</link:label>
    <link:label xml:lang="ja" xlink:type="resource" xlink:label="jpcrp030000-asr_E05625-000_IncreaseDecreasInProvisionForRefundOpeCF_label_2" xlink:role="http://www.xbrl.org/2003/role/documentation">解約調整引当金の増減額（△は減少）、営業活動によるキャッシュ・フロー</link:label>
    <link:label xml:lang="ja" xlink:type="resource" xlink:label="jpcrp030000-asr_E05625-000_JACInternationalBranchReportableSegmentsMember_label_1" xlink:role="http://www.xbrl.org/2003/role/label">JAC International</link:label>
    <link:label xml:lang="ja" xlink:type="resource" xlink:label="jpcrp030000-asr_E05625-000_JACInternationalBranchReportableSegmentsMember_label" xlink:role="http://www.xbrl.org/2003/role/verboseLabel">JAC International、報告セグメント [メンバー]</link:label>
    <link:label xml:lang="ja" xlink:type="resource" xlink:label="jpcrp030000-asr_E05625-000_KobeBranchReportableSegmentsMember_label_1" xlink:role="http://www.xbrl.org/2003/role/label">神戸支店</link:label>
    <link:label xml:lang="ja" xlink:type="resource" xlink:label="jpcrp030000-asr_E05625-000_KobeBranchReportableSegmentsMember_label" xlink:role="http://www.xbrl.org/2003/role/verboseLabel">神戸支店、報告セグメント [メンバー]</link:label>
    <link:label xml:lang="ja" xlink:type="resource" xlink:label="jpcrp030000-asr_E05625-000_KyotoBranchReportableSegmentsMember_label_1" xlink:role="http://www.xbrl.org/2003/role/label">京都支店</link:label>
    <link:label xml:lang="ja" xlink:type="resource" xlink:label="jpcrp030000-asr_E05625-000_KyotoBranchReportableSegmentsMember_label" xlink:role="http://www.xbrl.org/2003/role/verboseLabel">京都支店、報告セグメント [メンバー]</link:label>
    <link:label xml:lang="ja" xlink:type="resource" xlink:label="jpcrp030000-asr_E05625-000_NagoyaBranchReportableSegmentsMember_label" xlink:role="http://www.xbrl.org/2003/role/label">名古屋支店</link:label>
    <link:label xml:lang="ja" xlink:type="resource" xlink:label="jpcrp030000-asr_E05625-000_NagoyaBranchReportableSegmentsMember_label_1" xlink:role="http://www.xbrl.org/2003/role/verboseLabel">名古屋支店、報告セグメント [メンバー]</link:label>
    <link:label xml:lang="ja" xlink:type="resource" xlink:label="jpcrp030000-asr_E05625-000_NotesRegardingNetSalesTextBlock_label_1" xlink:role="http://www.xbrl.org/2003/role/label">売上高に関する注記</link:label>
    <link:label xml:lang="ja" xlink:type="resource" xlink:label="jpcrp030000-asr_E05625-000_NotesRegardingNetSalesTextBlock_label" xlink:role="http://www.xbrl.org/2003/role/verboseLabel">売上高に関する注記[テキストブロック]</link:label>
    <link:label xml:lang="ja" xlink:type="resource" xlink:label="jpcrp030000-asr_E05625-000_NotesRegardingNewShareSubscriptionRightsEtcNATextBlock_label_1" xlink:role="http://www.xbrl.org/2003/role/label">新株予約権等に関する注記（該当なし）</link:label>
    <link:label xml:lang="ja" xlink:type="resource" xlink:label="jpcrp030000-asr_E05625-000_NotesRegardingNewShareSubscriptionRightsEtcNATextBlock_label" xlink:role="http://www.xbrl.org/2003/role/verboseLabel">新株予約権等に関する注記（該当なし）[テキストブロック]</link:label>
    <link:label xml:lang="ja" xlink:type="resource" xlink:label="jpcrp030000-asr_E05625-000_OsakaBranchReportableSegmentsMember_label_1" xlink:role="http://www.xbrl.org/2003/role/label">大阪支店</link:label>
    <link:label xml:lang="ja" xlink:type="resource" xlink:label="jpcrp030000-asr_E05625-000_OsakaBranchReportableSegmentsMember_label" xlink:role="http://www.xbrl.org/2003/role/verboseLabel">大阪支店、報告セグメント [メンバー]</link:label>
    <link:label xml:lang="ja" xlink:type="resource" xlink:label="jpcrp030000-asr_E05625-000_ProceedsFromSalesOfOthersInvCF_label" xlink:role="http://www.xbrl.org/2003/role/label">その他投資の回収による収入</link:label>
    <link:label xml:lang="ja" xlink:type="resource" xlink:label="jpcrp030000-asr_E05625-000_ProceedsFromSalesOfOthersInvCF_label_1" xlink:role="http://www.xbrl.org/2003/role/verboseLabel">その他投資の回収による収入、投資活動によるキャッシュ・フロー</link:label>
    <link:label xml:lang="ja" xlink:type="resource" xlink:label="jpcrp030000-asr_E05625-000_ProceedsFromSalesOfOthersInvCF_label_2" xlink:role="http://www.xbrl.org/2003/role/documentation">その他投資の回収による収入、投資活動によるキャッシュ・フロー</link:label>
    <link:label xml:lang="ja" xlink:type="resource" xlink:label="jpcrp030000-asr_E05625-000_PurchaseOfOthersInvCF_label_2" xlink:role="http://www.xbrl.org/2003/role/label">その他投資の取得による支出</link:label>
    <link:label xml:lang="ja" xlink:type="resource" xlink:label="jpcrp030000-asr_E05625-000_PurchaseOfOthersInvCF_label_1" xlink:role="http://www.xbrl.org/2003/role/verboseLabel">その他投資の取得による支出、投資活動によるキャッシュ・フロー</link:label>
    <link:label xml:lang="ja" xlink:type="resource" xlink:label="jpcrp030000-asr_E05625-000_PurchaseOfOthersInvCF_label" xlink:role="http://www.xbrl.org/2003/role/documentation">その他投資の取得による支出、投資活動によるキャッシュ・フロー</link:label>
    <link:label xml:lang="ja" xlink:type="resource" xlink:label="jpcrp030000-asr_E05625-000_ReversalOfAllowanceForDoubtfulAccountsForSubsidiariesAndAffiliatesNOI_label" xlink:role="http://www.xbrl.org/2003/role/label">関係会社貸倒引当金戻入額</link:label>
    <link:label xml:lang="ja" xlink:type="resource" xlink:label="jpcrp030000-asr_E05625-000_ReversalOfAllowanceForDoubtfulAccountsForSubsidiariesAndAffiliatesNOI_label_1" xlink:role="http://www.xbrl.org/2003/role/verboseLabel">関係会社貸倒引当金戻入額、営業外収益</link:label>
    <link:label xml:lang="ja" xlink:type="resource" xlink:label="jpcrp030000-asr_E05625-000_TokyoHeadOfficeReportableSegmentsMember_label" xlink:role="http://www.xbrl.org/2003/role/label">東京本社</link:label>
    <link:label xml:lang="ja" xlink:type="resource" xlink:label="jpcrp030000-asr_E05625-000_TokyoHeadOfficeReportableSegmentsMember_label_1" xlink:role="http://www.xbrl.org/2003/role/verboseLabel">東京本社、報告セグメント [メンバー]</link:label>
    <link:label xml:lang="ja" xlink:type="resource" xlink:label="jpcrp030000-asr_E05625-000_YokohamaBranchReportableSegmentsMember_label_1" xlink:role="http://www.xbrl.org/2003/role/label">横浜支店</link:label>
    <link:label xml:lang="ja" xlink:type="resource" xlink:label="jpcrp030000-asr_E05625-000_YokohamaBranchReportableSegmentsMember_label" xlink:role="http://www.xbrl.org/2003/role/verboseLabel">横浜支店、報告セグメント [メンバー]</link:label>
    <link:loc xlink:type="locator" xlink:href="jpcrp030000-asr-001_E05625-000_2015-12-31_01_2016-03-24.xsd#jpcrp030000-asr_E05625-000_AllowanceForRefundCL" xlink:label="jpcrp030000-asr_E05625-000_AllowanceForRefundCL" />
    <link:loc xlink:type="locator" xlink:href="jpcrp030000-asr-001_E05625-000_2015-12-31_01_2016-03-24.xsd#jpcrp030000-asr_E05625-000_CCConsultingBranchReportableSegmentsMember" xlink:label="jpcrp030000-asr_E05625-000_CCConsultingBranchReportableSegmentsMember" />
    <link:loc xlink:type="locator" xlink:href="jpcrp030000-asr-001_E05625-000_2015-12-31_01_2016-03-24.xsd#jpcrp030000-asr_E05625-000_DisclosureAboutApplicationOfEquityMethodNATextBlock" xlink:label="jpcrp030000-asr_E05625-000_DisclosureAboutApplicationOfEquityMethodNATextBlock" />
    <link:loc xlink:type="locator" xlink:href="jpcrp030000-asr-001_E05625-000_2015-12-31_01_2016-03-24.xsd#jpcrp030000-asr_E05625-000_IncreaseDecreasInProvisionForRefundOpeCF" xlink:label="jpcrp030000-asr_E05625-000_IncreaseDecreasInProvisionForRefundOpeCF" />
    <link:loc xlink:type="locator" xlink:href="jpcrp030000-asr-001_E05625-000_2015-12-31_01_2016-03-24.xsd#jpcrp030000-asr_E05625-000_JACInternationalBranchReportableSegmentsMember" xlink:label="jpcrp030000-asr_E05625-000_JACInternationalBranchReportableSegmentsMember" />
    <link:loc xlink:type="locator" xlink:href="jpcrp030000-asr-001_E05625-000_2015-12-31_01_2016-03-24.xsd#jpcrp030000-asr_E05625-000_KobeBranchReportableSegmentsMember" xlink:label="jpcrp030000-asr_E05625-000_KobeBranchReportableSegmentsMember" />
    <link:loc xlink:type="locator" xlink:href="jpcrp030000-asr-001_E05625-000_2015-12-31_01_2016-03-24.xsd#jpcrp030000-asr_E05625-000_KyotoBranchReportableSegmentsMember" xlink:label="jpcrp030000-asr_E05625-000_KyotoBranchReportableSegmentsMember" />
    <link:loc xlink:type="locator" xlink:href="jpcrp030000-asr-001_E05625-000_2015-12-31_01_2016-03-24.xsd#jpcrp030000-asr_E05625-000_NagoyaBranchReportableSegmentsMember" xlink:label="jpcrp030000-asr_E05625-000_NagoyaBranchReportableSegmentsMember" />
    <link:loc xlink:type="locator" xlink:href="jpcrp030000-asr-001_E05625-000_2015-12-31_01_2016-03-24.xsd#jpcrp030000-asr_E05625-000_NotesRegardingNetSalesTextBlock" xlink:label="jpcrp030000-asr_E05625-000_NotesRegardingNetSalesTextBlock" />
    <link:loc xlink:type="locator" xlink:href="jpcrp030000-asr-001_E05625-000_2015-12-31_01_2016-03-24.xsd#jpcrp030000-asr_E05625-000_NotesRegardingNewShareSubscriptionRightsEtcNATextBlock" xlink:label="jpcrp030000-asr_E05625-000_NotesRegardingNewShareSubscriptionRightsEtcNATextBlock" />
    <link:loc xlink:type="locator" xlink:href="jpcrp030000-asr-001_E05625-000_2015-12-31_01_2016-03-24.xsd#jpcrp030000-asr_E05625-000_OsakaBranchReportableSegmentsMember" xlink:label="jpcrp030000-asr_E05625-000_OsakaBranchReportableSegmentsMember" />
    <link:loc xlink:type="locator" xlink:href="jpcrp030000-asr-001_E05625-000_2015-12-31_01_2016-03-24.xsd#jpcrp030000-asr_E05625-000_ProceedsFromSalesOfOthersInvCF" xlink:label="jpcrp030000-asr_E05625-000_ProceedsFromSalesOfOthersInvCF" />
    <link:loc xlink:type="locator" xlink:href="jpcrp030000-asr-001_E05625-000_2015-12-31_01_2016-03-24.xsd#jpcrp030000-asr_E05625-000_PurchaseOfOthersInvCF" xlink:label="jpcrp030000-asr_E05625-000_PurchaseOfOthersInvCF" />
    <link:loc xlink:type="locator" xlink:href="jpcrp030000-asr-001_E05625-000_2015-12-31_01_2016-03-24.xsd#jpcrp030000-asr_E05625-000_ReversalOfAllowanceForDoubtfulAccountsForSubsidiariesAndAffiliatesNOI" xlink:label="jpcrp030000-asr_E05625-000_ReversalOfAllowanceForDoubtfulAccountsForSubsidiariesAndAffiliatesNOI" />
    <link:loc xlink:type="locator" xlink:href="jpcrp030000-asr-001_E05625-000_2015-12-31_01_2016-03-24.xsd#jpcrp030000-asr_E05625-000_TokyoHeadOfficeReportableSegmentsMember" xlink:label="jpcrp030000-asr_E05625-000_TokyoHeadOfficeReportableSegmentsMember" />
    <link:loc xlink:type="locator" xlink:href="jpcrp030000-asr-001_E05625-000_2015-12-31_01_2016-03-24.xsd#jpcrp030000-asr_E05625-000_YokohamaBranchReportableSegmentsMember" xlink:label="jpcrp030000-asr_E05625-000_YokohamaBranchReportableSegmentsMember" />
    <link:labelArc xlink:type="arc" xlink:from="jpcrp030000-asr_E05625-000_AllowanceForRefundCL" xlink:to="jpcrp030000-asr_E05625-000_AllowanceForRefundCL_label" xlink:arcrole="http://www.xbrl.org/2003/arcrole/concept-label" order="1" />
    <link:labelArc xlink:type="arc" xlink:from="jpcrp030000-asr_E05625-000_AllowanceForRefundCL" xlink:to="jpcrp030000-asr_E05625-000_AllowanceForRefundCL_label_2" xlink:arcrole="http://www.xbrl.org/2003/arcrole/concept-label" order="1" />
    <link:labelArc xlink:type="arc" xlink:from="jpcrp030000-asr_E05625-000_AllowanceForRefundCL" xlink:to="jpcrp030000-asr_E05625-000_AllowanceForRefundCL_label_1" xlink:arcrole="http://www.xbrl.org/2003/arcrole/concept-label" order="1" />
    <link:labelArc xlink:type="arc" xlink:from="jpcrp030000-asr_E05625-000_CCConsultingBranchReportableSegmentsMember" xlink:to="jpcrp030000-asr_E05625-000_CCConsultingBranchReportableSegmentsMember_label_1" xlink:arcrole="http://www.xbrl.org/2003/arcrole/concept-label" order="1" />
    <link:labelArc xlink:type="arc" xlink:from="jpcrp030000-asr_E05625-000_CCConsultingBranchReportableSegmentsMember" xlink:to="jpcrp030000-asr_E05625-000_CCConsultingBranchReportableSegmentsMember_label" xlink:arcrole="http://www.xbrl.org/2003/arcrole/concept-label" order="1" />
    <link:labelArc xlink:type="arc" xlink:from="jpcrp030000-asr_E05625-000_DisclosureAboutApplicationOfEquityMethodNATextBlock" xlink:to="jpcrp030000-asr_E05625-000_DisclosureAboutApplicationOfEquityMethodNATextBlock_label" xlink:arcrole="http://www.xbrl.org/2003/arcrole/concept-label" order="1" />
    <link:labelArc xlink:type="arc" xlink:from="jpcrp030000-asr_E05625-000_DisclosureAboutApplicationOfEquityMethodNATextBlock" xlink:to="jpcrp030000-asr_E05625-000_DisclosureAboutApplicationOfEquityMethodNATextBlock_label_1" xlink:arcrole="http://www.xbrl.org/2003/arcrole/concept-label" order="1" />
    <link:labelArc xlink:type="arc" xlink:from="jpcrp030000-asr_E05625-000_IncreaseDecreasInProvisionForRefundOpeCF" xlink:to="jpcrp030000-asr_E05625-000_IncreaseDecreasInProvisionForRefundOpeCF_label_2" xlink:arcrole="http://www.xbrl.org/2003/arcrole/concept-label" order="1" />
    <link:labelArc xlink:type="arc" xlink:from="jpcrp030000-asr_E05625-000_IncreaseDecreasInProvisionForRefundOpeCF" xlink:to="jpcrp030000-asr_E05625-000_IncreaseDecreasInProvisionForRefundOpeCF_label_1" xlink:arcrole="http://www.xbrl.org/2003/arcrole/concept-label" order="1" />
    <link:labelArc xlink:type="arc" xlink:from="jpcrp030000-asr_E05625-000_IncreaseDecreasInProvisionForRefundOpeCF" xlink:to="jpcrp030000-asr_E05625-000_IncreaseDecreasInProvisionForRefundOpeCF_label" xlink:arcrole="http://www.xbrl.org/2003/arcrole/concept-label" order="1" />
    <link:labelArc xlink:type="arc" xlink:from="jpcrp030000-asr_E05625-000_JACInternationalBranchReportableSegmentsMember" xlink:to="jpcrp030000-asr_E05625-000_JACInternationalBranchReportableSegmentsMember_label_1" xlink:arcrole="http://www.xbrl.org/2003/arcrole/concept-label" order="1" />
    <link:labelArc xlink:type="arc" xlink:from="jpcrp030000-asr_E05625-000_JACInternationalBranchReportableSegmentsMember" xlink:to="jpcrp030000-asr_E05625-000_JACInternationalBranchReportableSegmentsMember_label" xlink:arcrole="http://www.xbrl.org/2003/arcrole/concept-label" order="1" />
    <link:labelArc xlink:type="arc" xlink:from="jpcrp030000-asr_E05625-000_KobeBranchReportableSegmentsMember" xlink:to="jpcrp030000-asr_E05625-000_KobeBranchReportableSegmentsMember_label_1" xlink:arcrole="http://www.xbrl.org/2003/arcrole/concept-label" order="1" />
    <link:labelArc xlink:type="arc" xlink:from="jpcrp030000-asr_E05625-000_KobeBranchReportableSegmentsMember" xlink:to="jpcrp030000-asr_E05625-000_KobeBranchReportableSegmentsMember_label" xlink:arcrole="http://www.xbrl.org/2003/arcrole/concept-label" order="1" />
    <link:labelArc xlink:type="arc" xlink:from="jpcrp030000-asr_E05625-000_KyotoBranchReportableSegmentsMember" xlink:to="jpcrp030000-asr_E05625-000_KyotoBranchReportableSegmentsMember_label" xlink:arcrole="http://www.xbrl.org/2003/arcrole/concept-label" order="1" />
    <link:labelArc xlink:type="arc" xlink:from="jpcrp030000-asr_E05625-000_KyotoBranchReportableSegmentsMember" xlink:to="jpcrp030000-asr_E05625-000_KyotoBranchReportableSegmentsMember_label_1" xlink:arcrole="http://www.xbrl.org/2003/arcrole/concept-label" order="1" />
    <link:labelArc xlink:type="arc" xlink:from="jpcrp030000-asr_E05625-000_NagoyaBranchReportableSegmentsMember" xlink:to="jpcrp030000-asr_E05625-000_NagoyaBranchReportableSegmentsMember_label_1" xlink:arcrole="http://www.xbrl.org/2003/arcrole/concept-label" order="1" />
    <link:labelArc xlink:type="arc" xlink:from="jpcrp030000-asr_E05625-000_NagoyaBranchReportableSegmentsMember" xlink:to="jpcrp030000-asr_E05625-000_NagoyaBranchReportableSegmentsMember_label" xlink:arcrole="http://www.xbrl.org/2003/arcrole/concept-label" order="1" />
    <link:labelArc xlink:type="arc" xlink:from="jpcrp030000-asr_E05625-000_NotesRegardingNetSalesTextBlock" xlink:to="jpcrp030000-asr_E05625-000_NotesRegardingNetSalesTextBlock_label" xlink:arcrole="http://www.xbrl.org/2003/arcrole/concept-label" order="1" />
    <link:labelArc xlink:type="arc" xlink:from="jpcrp030000-asr_E05625-000_NotesRegardingNetSalesTextBlock" xlink:to="jpcrp030000-asr_E05625-000_NotesRegardingNetSalesTextBlock_label_1" xlink:arcrole="http://www.xbrl.org/2003/arcrole/concept-label" order="1" />
    <link:labelArc xlink:type="arc" xlink:from="jpcrp030000-asr_E05625-000_NotesRegardingNewShareSubscriptionRightsEtcNATextBlock" xlink:to="jpcrp030000-asr_E05625-000_NotesRegardingNewShareSubscriptionRightsEtcNATextBlock_label" xlink:arcrole="http://www.xbrl.org/2003/arcrole/concept-label" order="1" />
    <link:labelArc xlink:type="arc" xlink:from="jpcrp030000-asr_E05625-000_NotesRegardingNewShareSubscriptionRightsEtcNATextBlock" xlink:to="jpcrp030000-asr_E05625-000_NotesRegardingNewShareSubscriptionRightsEtcNATextBlock_label_1" xlink:arcrole="http://www.xbrl.org/2003/arcrole/concept-label" order="1" />
    <link:labelArc xlink:type="arc" xlink:from="jpcrp030000-asr_E05625-000_OsakaBranchReportableSegmentsMember" xlink:to="jpcrp030000-asr_E05625-000_OsakaBranchReportableSegmentsMember_label_1" xlink:arcrole="http://www.xbrl.org/2003/arcrole/concept-label" order="1" />
    <link:labelArc xlink:type="arc" xlink:from="jpcrp030000-asr_E05625-000_OsakaBranchReportableSegmentsMember" xlink:to="jpcrp030000-asr_E05625-000_OsakaBranchReportableSegmentsMember_label" xlink:arcrole="http://www.xbrl.org/2003/arcrole/concept-label" order="1" />
    <link:labelArc xlink:type="arc" xlink:from="jpcrp030000-asr_E05625-000_ProceedsFromSalesOfOthersInvCF" xlink:to="jpcrp030000-asr_E05625-000_ProceedsFromSalesOfOthersInvCF_label_1" xlink:arcrole="http://www.xbrl.org/2003/arcrole/concept-label" order="1" />
    <link:labelArc xlink:type="arc" xlink:from="jpcrp030000-asr_E05625-000_ProceedsFromSalesOfOthersInvCF" xlink:to="jpcrp030000-asr_E05625-000_ProceedsFromSalesOfOthersInvCF_label" xlink:arcrole="http://www.xbrl.org/2003/arcrole/concept-label" order="1" />
    <link:labelArc xlink:type="arc" xlink:from="jpcrp030000-asr_E05625-000_ProceedsFromSalesOfOthersInvCF" xlink:to="jpcrp030000-asr_E05625-000_ProceedsFromSalesOfOthersInvCF_label_2" xlink:arcrole="http://www.xbrl.org/2003/arcrole/concept-label" order="1" />
    <link:labelArc xlink:type="arc" xlink:from="jpcrp030000-asr_E05625-000_PurchaseOfOthersInvCF" xlink:to="jpcrp030000-asr_E05625-000_PurchaseOfOthersInvCF_label" xlink:arcrole="http://www.xbrl.org/2003/arcrole/concept-label" order="1" />
    <link:labelArc xlink:type="arc" xlink:from="jpcrp030000-asr_E05625-000_PurchaseOfOthersInvCF" xlink:to="jpcrp030000-asr_E05625-000_PurchaseOfOthersInvCF_label_2" xlink:arcrole="http://www.xbrl.org/2003/arcrole/concept-label" order="1" />
    <link:labelArc xlink:type="arc" xlink:from="jpcrp030000-asr_E05625-000_PurchaseOfOthersInvCF" xlink:to="jpcrp030000-asr_E05625-000_PurchaseOfOthersInvCF_label_1" xlink:arcrole="http://www.xbrl.org/2003/arcrole/concept-label" order="1" />
    <link:labelArc xlink:type="arc" xlink:from="jpcrp030000-asr_E05625-000_ReversalOfAllowanceForDoubtfulAccountsForSubsidiariesAndAffiliatesNOI" xlink:to="jpcrp030000-asr_E05625-000_ReversalOfAllowanceForDoubtfulAccountsForSubsidiariesAndAffiliatesNOI_label_1" xlink:arcrole="http://www.xbrl.org/2003/arcrole/concept-label" order="1" />
    <link:labelArc xlink:type="arc" xlink:from="jpcrp030000-asr_E05625-000_ReversalOfAllowanceForDoubtfulAccountsForSubsidiariesAndAffiliatesNOI" xlink:to="jpcrp030000-asr_E05625-000_ReversalOfAllowanceForDoubtfulAccountsForSubsidiariesAndAffiliatesNOI_label" xlink:arcrole="http://www.xbrl.org/2003/arcrole/concept-label" order="1" />
    <link:labelArc xlink:type="arc" xlink:from="jpcrp030000-asr_E05625-000_TokyoHeadOfficeReportableSegmentsMember" xlink:to="jpcrp030000-asr_E05625-000_TokyoHeadOfficeReportableSegmentsMember_label" xlink:arcrole="http://www.xbrl.org/2003/arcrole/concept-label" order="1" />
    <link:labelArc xlink:type="arc" xlink:from="jpcrp030000-asr_E05625-000_TokyoHeadOfficeReportableSegmentsMember" xlink:to="jpcrp030000-asr_E05625-000_TokyoHeadOfficeReportableSegmentsMember_label_1" xlink:arcrole="http://www.xbrl.org/2003/arcrole/concept-label" order="1" />
    <link:labelArc xlink:type="arc" xlink:from="jpcrp030000-asr_E05625-000_YokohamaBranchReportableSegmentsMember" xlink:to="jpcrp030000-asr_E05625-000_YokohamaBranchReportableSegmentsMember_label" xlink:arcrole="http://www.xbrl.org/2003/arcrole/concept-label" order="1" />
    <link:labelArc xlink:type="arc" xlink:from="jpcrp030000-asr_E05625-000_YokohamaBranchReportableSegmentsMember" xlink:to="jpcrp030000-asr_E05625-000_YokohamaBranchReportableSegmentsMember_label_1" xlink:arcrole="http://www.xbrl.org/2003/arcrole/concept-label" order="1" />
  </link:labelLink>
</link:linkbase>