<?xml version="1.0" encoding="utf-8"?>
<manifest xmlns="http://disclosure.edinet-fsa.go.jp/2013/manifest">
  <tocComposition>
    <title xml:lang="ja">提出本文書</title>
    <title xml:lang="en">Main Document</title>
    <item ref="jpcrp030000" extrole="http://disclosure.edinet-fsa.go.jp/role/jpcrp/rol_CabinetOfficeOrdinanceOnDisclosureOfCorporateInformationEtcFormNo3AnnualSecuritiesReport" in="presentation" />
  </tocComposition>
  <list>
    <instance id="jpcrp030000" type="PublicDoc" preferredFilename="jpcrp030000-asr-001_E05625-000_2015-12-31_01_2016-03-24.xbrl">
      <ixbrl>0000000_header_jpcrp030000-asr-001_E05625-000_2015-12-31_01_2016-03-24_ixbrl.htm</ixbrl>
      <ixbrl>0101010_honbun_jpcrp030000-asr-001_E05625-000_2015-12-31_01_2016-03-24_ixbrl.htm</ixbrl>
      <ixbrl>0102010_honbun_jpcrp030000-asr-001_E05625-000_2015-12-31_01_2016-03-24_ixbrl.htm</ixbrl>
      <ixbrl>0103010_honbun_jpcrp030000-asr-001_E05625-000_2015-12-31_01_2016-03-24_ixbrl.htm</ixbrl>
      <ixbrl>0104010_honbun_jpcrp030000-asr-001_E05625-000_2015-12-31_01_2016-03-24_ixbrl.htm</ixbrl>
      <ixbrl>0105000_honbun_jpcrp030000-asr-001_E05625-000_2015-12-31_01_2016-03-24_ixbrl.htm</ixbrl>
      <ixbrl>0105010_honbun_jpcrp030000-asr-001_E05625-000_2015-12-31_01_2016-03-24_ixbrl.htm</ixbrl>
      <ixbrl>0105020_honbun_jpcrp030000-asr-001_E05625-000_2015-12-31_01_2016-03-24_ixbrl.htm</ixbrl>
      <ixbrl>0105025_honbun_jpcrp030000-asr-001_E05625-000_2015-12-31_01_2016-03-24_ixbrl.htm</ixbrl>
      <ixbrl>0105040_honbun_jpcrp030000-asr-001_E05625-000_2015-12-31_01_2016-03-24_ixbrl.htm</ixbrl>
      <ixbrl>0105050_honbun_jpcrp030000-asr-001_E05625-000_2015-12-31_01_2016-03-24_ixbrl.htm</ixbrl>
      <ixbrl>0105100_honbun_jpcrp030000-asr-001_E05625-000_2015-12-31_01_2016-03-24_ixbrl.htm</ixbrl>
      <ixbrl>0105110_honbun_jpcrp030000-asr-001_E05625-000_2015-12-31_01_2016-03-24_ixbrl.htm</ixbrl>
      <ixbrl>0105120_honbun_jpcrp030000-asr-001_E05625-000_2015-12-31_01_2016-03-24_ixbrl.htm</ixbrl>
      <ixbrl>0105310_honbun_jpcrp030000-asr-001_E05625-000_2015-12-31_01_2016-03-24_ixbrl.htm</ixbrl>
      <ixbrl>0105320_honbun_jpcrp030000-asr-001_E05625-000_2015-12-31_01_2016-03-24_ixbrl.htm</ixbrl>
      <ixbrl>0105330_honbun_jpcrp030000-asr-001_E05625-000_2015-12-31_01_2016-03-24_ixbrl.htm</ixbrl>
      <ixbrl>0105400_honbun_jpcrp030000-asr-001_E05625-000_2015-12-31_01_2016-03-24_ixbrl.htm</ixbrl>
      <ixbrl>0105410_honbun_jpcrp030000-asr-001_E05625-000_2015-12-31_01_2016-03-24_ixbrl.htm</ixbrl>
      <ixbrl>0105420_honbun_jpcrp030000-asr-001_E05625-000_2015-12-31_01_2016-03-24_ixbrl.htm</ixbrl>
      <ixbrl>0106010_honbun_jpcrp030000-asr-001_E05625-000_2015-12-31_01_2016-03-24_ixbrl.htm</ixbrl>
      <ixbrl>0107010_honbun_jpcrp030000-asr-001_E05625-000_2015-12-31_01_2016-03-24_ixbrl.htm</ixbrl>
      <ixbrl>0201010_honbun_jpcrp030000-asr-001_E05625-000_2015-12-31_01_2016-03-24_ixbrl.htm</ixbrl>
    </instance>
  </list>
</manifest>